ISO-10303-21;
HEADER;
/* Generated by software containing ST-Developer
 * from STEP Tools, Inc. (www.steptools.com) 
 */

FILE_DESCRIPTION(
/* description */ (''),
/* implementation_level */ '2;1');

FILE_NAME(
/* name */ 'S0991-46.stp.ipt.stp',
/* time_stamp */ '2023-05-03T21:56:52+02:00',
/* author */ ('sbennett'),
/* organization */ (''),
/* preprocessor_version */ 'ST-DEVELOPER v19.2',
/* originating_system */ 'Autodesk Inventor 2024',
/* authorisation */ '');

FILE_SCHEMA (('AUTOMOTIVE_DESIGN { 1 0 10303 214 3 1 1 }'));
ENDSEC;

DATA;
#10=MECHANICAL_DESIGN_GEOMETRIC_PRESENTATION_REPRESENTATION('',(#13),#8108);
#11=SHAPE_REPRESENTATION_RELATIONSHIP('SRR','None',#8115,#12);
#12=ADVANCED_BREP_SHAPE_REPRESENTATION('',(#14),#8107);
#13=STYLED_ITEM('',(#8125),#14);
#14=MANIFOLD_SOLID_BREP('Solide1',#4815);
#15=CYLINDRICAL_SURFACE('',#5043,0.15);
#16=CYLINDRICAL_SURFACE('',#5051,0.15);
#17=CYLINDRICAL_SURFACE('',#5057,0.15);
#18=CYLINDRICAL_SURFACE('',#5062,0.3);
#19=CYLINDRICAL_SURFACE('',#5075,0.3);
#20=CYLINDRICAL_SURFACE('',#5083,0.15);
#21=CYLINDRICAL_SURFACE('',#5089,0.3);
#22=CYLINDRICAL_SURFACE('',#5102,0.3);
#23=CYLINDRICAL_SURFACE('',#5115,0.3);
#24=CYLINDRICAL_SURFACE('',#5123,0.15);
#25=CYLINDRICAL_SURFACE('',#5128,0.153898478953);
#26=CYLINDRICAL_SURFACE('',#5131,0.003898478953024);
#27=CYLINDRICAL_SURFACE('',#5133,0.03);
#28=CYLINDRICAL_SURFACE('',#5141,0.03);
#29=CYLINDRICAL_SURFACE('',#5143,0.15);
#30=CYLINDRICAL_SURFACE('',#5150,0.15);
#31=CYLINDRICAL_SURFACE('',#5157,0.15);
#32=CYLINDRICAL_SURFACE('',#5166,0.15);
#33=CYLINDRICAL_SURFACE('',#5175,0.3);
#34=CYLINDRICAL_SURFACE('',#5188,0.3);
#35=CYLINDRICAL_SURFACE('',#5196,0.15);
#36=CYLINDRICAL_SURFACE('',#5201,0.153898478953);
#37=CYLINDRICAL_SURFACE('',#5204,0.003898478953017);
#38=CYLINDRICAL_SURFACE('',#5206,0.03);
#39=CYLINDRICAL_SURFACE('',#5211,0.03);
#40=CYLINDRICAL_SURFACE('',#5216,0.15);
#41=CYLINDRICAL_SURFACE('',#5226,0.15);
#42=CYLINDRICAL_SURFACE('',#5228,0.15);
#43=CYLINDRICAL_SURFACE('',#5233,0.15);
#44=CYLINDRICAL_SURFACE('',#5241,0.15);
#45=CYLINDRICAL_SURFACE('',#5250,0.3);
#46=CYLINDRICAL_SURFACE('',#5255,0.15);
#47=CYLINDRICAL_SURFACE('',#5262,0.15);
#48=CYLINDRICAL_SURFACE('',#5271,0.153898478953);
#49=CYLINDRICAL_SURFACE('',#5276,0.03);
#50=CYLINDRICAL_SURFACE('',#5281,0.03);
#51=CYLINDRICAL_SURFACE('',#5284,0.003898478953021);
#52=CYLINDRICAL_SURFACE('',#5288,0.15);
#53=CYLINDRICAL_SURFACE('',#5297,0.15);
#54=CYLINDRICAL_SURFACE('',#5301,0.15);
#55=CYLINDRICAL_SURFACE('',#5306,0.153898478953);
#56=CYLINDRICAL_SURFACE('',#5311,0.03);
#57=CYLINDRICAL_SURFACE('',#5316,0.03);
#58=CYLINDRICAL_SURFACE('',#5319,0.003898478953022);
#59=FACE_OUTER_BOUND('',#349,.T.);
#60=FACE_OUTER_BOUND('',#350,.T.);
#61=FACE_OUTER_BOUND('',#351,.T.);
#62=FACE_OUTER_BOUND('',#352,.T.);
#63=FACE_OUTER_BOUND('',#353,.T.);
#64=FACE_OUTER_BOUND('',#354,.T.);
#65=FACE_OUTER_BOUND('',#355,.T.);
#66=FACE_OUTER_BOUND('',#356,.T.);
#67=FACE_OUTER_BOUND('',#357,.T.);
#68=FACE_OUTER_BOUND('',#358,.T.);
#69=FACE_OUTER_BOUND('',#359,.T.);
#70=FACE_OUTER_BOUND('',#360,.T.);
#71=FACE_OUTER_BOUND('',#361,.T.);
#72=FACE_OUTER_BOUND('',#362,.T.);
#73=FACE_OUTER_BOUND('',#363,.T.);
#74=FACE_OUTER_BOUND('',#364,.T.);
#75=FACE_OUTER_BOUND('',#365,.T.);
#76=FACE_OUTER_BOUND('',#366,.T.);
#77=FACE_OUTER_BOUND('',#367,.T.);
#78=FACE_OUTER_BOUND('',#368,.T.);
#79=FACE_OUTER_BOUND('',#369,.T.);
#80=FACE_OUTER_BOUND('',#370,.T.);
#81=FACE_OUTER_BOUND('',#371,.T.);
#82=FACE_OUTER_BOUND('',#372,.T.);
#83=FACE_OUTER_BOUND('',#373,.T.);
#84=FACE_OUTER_BOUND('',#374,.T.);
#85=FACE_OUTER_BOUND('',#375,.T.);
#86=FACE_OUTER_BOUND('',#376,.T.);
#87=FACE_OUTER_BOUND('',#377,.T.);
#88=FACE_OUTER_BOUND('',#378,.T.);
#89=FACE_OUTER_BOUND('',#379,.T.);
#90=FACE_OUTER_BOUND('',#380,.T.);
#91=FACE_OUTER_BOUND('',#381,.T.);
#92=FACE_OUTER_BOUND('',#382,.T.);
#93=FACE_OUTER_BOUND('',#383,.T.);
#94=FACE_OUTER_BOUND('',#384,.T.);
#95=FACE_OUTER_BOUND('',#385,.T.);
#96=FACE_OUTER_BOUND('',#386,.T.);
#97=FACE_OUTER_BOUND('',#387,.T.);
#98=FACE_OUTER_BOUND('',#388,.T.);
#99=FACE_OUTER_BOUND('',#389,.T.);
#100=FACE_OUTER_BOUND('',#390,.T.);
#101=FACE_OUTER_BOUND('',#391,.T.);
#102=FACE_OUTER_BOUND('',#392,.T.);
#103=FACE_OUTER_BOUND('',#393,.T.);
#104=FACE_OUTER_BOUND('',#394,.T.);
#105=FACE_OUTER_BOUND('',#395,.T.);
#106=FACE_OUTER_BOUND('',#396,.T.);
#107=FACE_OUTER_BOUND('',#397,.T.);
#108=FACE_OUTER_BOUND('',#398,.T.);
#109=FACE_OUTER_BOUND('',#399,.T.);
#110=FACE_OUTER_BOUND('',#400,.T.);
#111=FACE_OUTER_BOUND('',#401,.T.);
#112=FACE_OUTER_BOUND('',#402,.T.);
#113=FACE_OUTER_BOUND('',#403,.T.);
#114=FACE_OUTER_BOUND('',#404,.T.);
#115=FACE_OUTER_BOUND('',#405,.T.);
#116=FACE_OUTER_BOUND('',#406,.T.);
#117=FACE_OUTER_BOUND('',#407,.T.);
#118=FACE_OUTER_BOUND('',#408,.T.);
#119=FACE_OUTER_BOUND('',#409,.T.);
#120=FACE_OUTER_BOUND('',#410,.T.);
#121=FACE_OUTER_BOUND('',#411,.T.);
#122=FACE_OUTER_BOUND('',#412,.T.);
#123=FACE_OUTER_BOUND('',#413,.T.);
#124=FACE_OUTER_BOUND('',#414,.T.);
#125=FACE_OUTER_BOUND('',#415,.T.);
#126=FACE_OUTER_BOUND('',#416,.T.);
#127=FACE_OUTER_BOUND('',#417,.T.);
#128=FACE_OUTER_BOUND('',#418,.T.);
#129=FACE_OUTER_BOUND('',#419,.T.);
#130=FACE_OUTER_BOUND('',#420,.T.);
#131=FACE_OUTER_BOUND('',#421,.T.);
#132=FACE_OUTER_BOUND('',#422,.T.);
#133=FACE_OUTER_BOUND('',#423,.T.);
#134=FACE_OUTER_BOUND('',#424,.T.);
#135=FACE_OUTER_BOUND('',#425,.T.);
#136=FACE_OUTER_BOUND('',#426,.T.);
#137=FACE_OUTER_BOUND('',#427,.T.);
#138=FACE_OUTER_BOUND('',#428,.T.);
#139=FACE_OUTER_BOUND('',#429,.T.);
#140=FACE_OUTER_BOUND('',#430,.T.);
#141=FACE_OUTER_BOUND('',#431,.T.);
#142=FACE_OUTER_BOUND('',#432,.T.);
#143=FACE_OUTER_BOUND('',#433,.T.);
#144=FACE_OUTER_BOUND('',#434,.T.);
#145=FACE_OUTER_BOUND('',#435,.T.);
#146=FACE_OUTER_BOUND('',#436,.T.);
#147=FACE_OUTER_BOUND('',#437,.T.);
#148=FACE_OUTER_BOUND('',#438,.T.);
#149=FACE_OUTER_BOUND('',#439,.T.);
#150=FACE_OUTER_BOUND('',#440,.T.);
#151=FACE_OUTER_BOUND('',#441,.T.);
#152=FACE_OUTER_BOUND('',#442,.T.);
#153=FACE_OUTER_BOUND('',#443,.T.);
#154=FACE_OUTER_BOUND('',#444,.T.);
#155=FACE_OUTER_BOUND('',#445,.T.);
#156=FACE_OUTER_BOUND('',#446,.T.);
#157=FACE_OUTER_BOUND('',#447,.T.);
#158=FACE_OUTER_BOUND('',#448,.T.);
#159=FACE_OUTER_BOUND('',#449,.T.);
#160=FACE_OUTER_BOUND('',#450,.T.);
#161=FACE_OUTER_BOUND('',#451,.T.);
#162=FACE_OUTER_BOUND('',#452,.T.);
#163=FACE_OUTER_BOUND('',#453,.T.);
#164=FACE_OUTER_BOUND('',#454,.T.);
#165=FACE_OUTER_BOUND('',#455,.T.);
#166=FACE_OUTER_BOUND('',#456,.T.);
#167=FACE_OUTER_BOUND('',#457,.T.);
#168=FACE_OUTER_BOUND('',#458,.T.);
#169=FACE_OUTER_BOUND('',#459,.T.);
#170=FACE_OUTER_BOUND('',#460,.T.);
#171=FACE_OUTER_BOUND('',#461,.T.);
#172=FACE_OUTER_BOUND('',#462,.T.);
#173=FACE_OUTER_BOUND('',#463,.T.);
#174=FACE_OUTER_BOUND('',#464,.T.);
#175=FACE_OUTER_BOUND('',#465,.T.);
#176=FACE_OUTER_BOUND('',#466,.T.);
#177=FACE_OUTER_BOUND('',#467,.T.);
#178=FACE_OUTER_BOUND('',#468,.T.);
#179=FACE_OUTER_BOUND('',#469,.T.);
#180=FACE_OUTER_BOUND('',#470,.T.);
#181=FACE_OUTER_BOUND('',#471,.T.);
#182=FACE_OUTER_BOUND('',#472,.T.);
#183=FACE_OUTER_BOUND('',#473,.T.);
#184=FACE_OUTER_BOUND('',#474,.T.);
#185=FACE_OUTER_BOUND('',#475,.T.);
#186=FACE_OUTER_BOUND('',#476,.T.);
#187=FACE_OUTER_BOUND('',#477,.T.);
#188=FACE_OUTER_BOUND('',#478,.T.);
#189=FACE_OUTER_BOUND('',#479,.T.);
#190=FACE_OUTER_BOUND('',#480,.T.);
#191=FACE_OUTER_BOUND('',#481,.T.);
#192=FACE_OUTER_BOUND('',#482,.T.);
#193=FACE_OUTER_BOUND('',#483,.T.);
#194=FACE_OUTER_BOUND('',#484,.T.);
#195=FACE_OUTER_BOUND('',#485,.T.);
#196=FACE_OUTER_BOUND('',#486,.T.);
#197=FACE_OUTER_BOUND('',#487,.T.);
#198=FACE_OUTER_BOUND('',#488,.T.);
#199=FACE_OUTER_BOUND('',#489,.T.);
#200=FACE_OUTER_BOUND('',#490,.T.);
#201=FACE_OUTER_BOUND('',#491,.T.);
#202=FACE_OUTER_BOUND('',#492,.T.);
#203=FACE_OUTER_BOUND('',#493,.T.);
#204=FACE_OUTER_BOUND('',#494,.T.);
#205=FACE_OUTER_BOUND('',#495,.T.);
#206=FACE_OUTER_BOUND('',#496,.T.);
#207=FACE_OUTER_BOUND('',#497,.T.);
#208=FACE_OUTER_BOUND('',#498,.T.);
#209=FACE_OUTER_BOUND('',#499,.T.);
#210=FACE_OUTER_BOUND('',#500,.T.);
#211=FACE_OUTER_BOUND('',#501,.T.);
#212=FACE_OUTER_BOUND('',#502,.T.);
#213=FACE_OUTER_BOUND('',#503,.T.);
#214=FACE_OUTER_BOUND('',#504,.T.);
#215=FACE_OUTER_BOUND('',#505,.T.);
#216=FACE_OUTER_BOUND('',#506,.T.);
#217=FACE_OUTER_BOUND('',#507,.T.);
#218=FACE_OUTER_BOUND('',#508,.T.);
#219=FACE_OUTER_BOUND('',#509,.T.);
#220=FACE_OUTER_BOUND('',#510,.T.);
#221=FACE_OUTER_BOUND('',#511,.T.);
#222=FACE_OUTER_BOUND('',#512,.T.);
#223=FACE_OUTER_BOUND('',#513,.T.);
#224=FACE_OUTER_BOUND('',#514,.T.);
#225=FACE_OUTER_BOUND('',#515,.T.);
#226=FACE_OUTER_BOUND('',#516,.T.);
#227=FACE_OUTER_BOUND('',#517,.T.);
#228=FACE_OUTER_BOUND('',#518,.T.);
#229=FACE_OUTER_BOUND('',#519,.T.);
#230=FACE_OUTER_BOUND('',#520,.T.);
#231=FACE_OUTER_BOUND('',#521,.T.);
#232=FACE_OUTER_BOUND('',#522,.T.);
#233=FACE_OUTER_BOUND('',#523,.T.);
#234=FACE_OUTER_BOUND('',#524,.T.);
#235=FACE_OUTER_BOUND('',#525,.T.);
#236=FACE_OUTER_BOUND('',#526,.T.);
#237=FACE_OUTER_BOUND('',#527,.T.);
#238=FACE_OUTER_BOUND('',#528,.T.);
#239=FACE_OUTER_BOUND('',#529,.T.);
#240=FACE_OUTER_BOUND('',#530,.T.);
#241=FACE_OUTER_BOUND('',#531,.T.);
#242=FACE_OUTER_BOUND('',#532,.T.);
#243=FACE_OUTER_BOUND('',#533,.T.);
#244=FACE_OUTER_BOUND('',#534,.T.);
#245=FACE_OUTER_BOUND('',#535,.T.);
#246=FACE_OUTER_BOUND('',#536,.T.);
#247=FACE_OUTER_BOUND('',#537,.T.);
#248=FACE_OUTER_BOUND('',#538,.T.);
#249=FACE_OUTER_BOUND('',#539,.T.);
#250=FACE_OUTER_BOUND('',#540,.T.);
#251=FACE_OUTER_BOUND('',#541,.T.);
#252=FACE_OUTER_BOUND('',#542,.T.);
#253=FACE_OUTER_BOUND('',#543,.T.);
#254=FACE_OUTER_BOUND('',#544,.T.);
#255=FACE_OUTER_BOUND('',#545,.T.);
#256=FACE_OUTER_BOUND('',#546,.T.);
#257=FACE_OUTER_BOUND('',#547,.T.);
#258=FACE_OUTER_BOUND('',#548,.T.);
#259=FACE_OUTER_BOUND('',#549,.T.);
#260=FACE_OUTER_BOUND('',#550,.T.);
#261=FACE_OUTER_BOUND('',#551,.T.);
#262=FACE_OUTER_BOUND('',#552,.T.);
#263=FACE_OUTER_BOUND('',#553,.T.);
#264=FACE_OUTER_BOUND('',#554,.T.);
#265=FACE_OUTER_BOUND('',#555,.T.);
#266=FACE_OUTER_BOUND('',#556,.T.);
#267=FACE_OUTER_BOUND('',#557,.T.);
#268=FACE_OUTER_BOUND('',#558,.T.);
#269=FACE_OUTER_BOUND('',#559,.T.);
#270=FACE_OUTER_BOUND('',#560,.T.);
#271=FACE_OUTER_BOUND('',#561,.T.);
#272=FACE_OUTER_BOUND('',#562,.T.);
#273=FACE_OUTER_BOUND('',#563,.T.);
#274=FACE_OUTER_BOUND('',#564,.T.);
#275=FACE_OUTER_BOUND('',#565,.T.);
#276=FACE_OUTER_BOUND('',#566,.T.);
#277=FACE_OUTER_BOUND('',#567,.T.);
#278=FACE_OUTER_BOUND('',#568,.T.);
#279=FACE_OUTER_BOUND('',#569,.T.);
#280=FACE_OUTER_BOUND('',#570,.T.);
#281=FACE_OUTER_BOUND('',#571,.T.);
#282=FACE_OUTER_BOUND('',#572,.T.);
#283=FACE_OUTER_BOUND('',#573,.T.);
#284=FACE_OUTER_BOUND('',#574,.T.);
#285=FACE_OUTER_BOUND('',#575,.T.);
#286=FACE_OUTER_BOUND('',#576,.T.);
#287=FACE_OUTER_BOUND('',#577,.T.);
#288=FACE_OUTER_BOUND('',#578,.T.);
#289=FACE_OUTER_BOUND('',#579,.T.);
#290=FACE_OUTER_BOUND('',#580,.T.);
#291=FACE_OUTER_BOUND('',#581,.T.);
#292=FACE_OUTER_BOUND('',#582,.T.);
#293=FACE_OUTER_BOUND('',#583,.T.);
#294=FACE_OUTER_BOUND('',#584,.T.);
#295=FACE_OUTER_BOUND('',#585,.T.);
#296=FACE_OUTER_BOUND('',#586,.T.);
#297=FACE_OUTER_BOUND('',#587,.T.);
#298=FACE_OUTER_BOUND('',#588,.T.);
#299=FACE_OUTER_BOUND('',#589,.T.);
#300=FACE_OUTER_BOUND('',#590,.T.);
#301=FACE_OUTER_BOUND('',#591,.T.);
#302=FACE_OUTER_BOUND('',#592,.T.);
#303=FACE_OUTER_BOUND('',#593,.T.);
#304=FACE_OUTER_BOUND('',#594,.T.);
#305=FACE_OUTER_BOUND('',#595,.T.);
#306=FACE_OUTER_BOUND('',#596,.T.);
#307=FACE_OUTER_BOUND('',#597,.T.);
#308=FACE_OUTER_BOUND('',#598,.T.);
#309=FACE_OUTER_BOUND('',#599,.T.);
#310=FACE_OUTER_BOUND('',#600,.T.);
#311=FACE_OUTER_BOUND('',#601,.T.);
#312=FACE_OUTER_BOUND('',#602,.T.);
#313=FACE_OUTER_BOUND('',#603,.T.);
#314=FACE_OUTER_BOUND('',#604,.T.);
#315=FACE_OUTER_BOUND('',#605,.T.);
#316=FACE_OUTER_BOUND('',#606,.T.);
#317=FACE_OUTER_BOUND('',#607,.T.);
#318=FACE_OUTER_BOUND('',#608,.T.);
#319=FACE_OUTER_BOUND('',#609,.T.);
#320=FACE_OUTER_BOUND('',#610,.T.);
#321=FACE_OUTER_BOUND('',#611,.T.);
#322=FACE_OUTER_BOUND('',#612,.T.);
#323=FACE_OUTER_BOUND('',#613,.T.);
#324=FACE_OUTER_BOUND('',#614,.T.);
#325=FACE_OUTER_BOUND('',#615,.T.);
#326=FACE_OUTER_BOUND('',#616,.T.);
#327=FACE_OUTER_BOUND('',#617,.T.);
#328=FACE_OUTER_BOUND('',#618,.T.);
#329=FACE_OUTER_BOUND('',#619,.T.);
#330=FACE_OUTER_BOUND('',#620,.T.);
#331=FACE_OUTER_BOUND('',#621,.T.);
#332=FACE_OUTER_BOUND('',#622,.T.);
#333=FACE_OUTER_BOUND('',#623,.T.);
#334=FACE_OUTER_BOUND('',#624,.T.);
#335=FACE_OUTER_BOUND('',#625,.T.);
#336=FACE_OUTER_BOUND('',#626,.T.);
#337=FACE_OUTER_BOUND('',#627,.T.);
#338=FACE_OUTER_BOUND('',#628,.T.);
#339=FACE_OUTER_BOUND('',#629,.T.);
#340=FACE_OUTER_BOUND('',#630,.T.);
#341=FACE_OUTER_BOUND('',#631,.T.);
#342=FACE_OUTER_BOUND('',#632,.T.);
#343=FACE_OUTER_BOUND('',#633,.T.);
#344=FACE_OUTER_BOUND('',#634,.T.);
#345=FACE_OUTER_BOUND('',#635,.T.);
#346=FACE_OUTER_BOUND('',#636,.T.);
#347=FACE_OUTER_BOUND('',#637,.T.);
#348=FACE_OUTER_BOUND('',#638,.T.);
#349=EDGE_LOOP('',(#2871,#2872,#2873,#2874));
#350=EDGE_LOOP('',(#2875,#2876,#2877,#2878));
#351=EDGE_LOOP('',(#2879,#2880,#2881,#2882));
#352=EDGE_LOOP('',(#2883,#2884,#2885,#2886));
#353=EDGE_LOOP('',(#2887,#2888,#2889,#2890));
#354=EDGE_LOOP('',(#2891,#2892,#2893));
#355=EDGE_LOOP('',(#2894,#2895,#2896));
#356=EDGE_LOOP('',(#2897,#2898,#2899,#2900));
#357=EDGE_LOOP('',(#2901,#2902,#2903));
#358=EDGE_LOOP('',(#2904,#2905,#2906));
#359=EDGE_LOOP('',(#2907,#2908,#2909));
#360=EDGE_LOOP('',(#2910,#2911,#2912,#2913));
#361=EDGE_LOOP('',(#2914,#2915,#2916,#2917));
#362=EDGE_LOOP('',(#2918,#2919,#2920));
#363=EDGE_LOOP('',(#2921,#2922,#2923));
#364=EDGE_LOOP('',(#2924,#2925,#2926,#2927));
#365=EDGE_LOOP('',(#2928,#2929,#2930,#2931));
#366=EDGE_LOOP('',(#2932,#2933,#2934));
#367=EDGE_LOOP('',(#2935,#2936,#2937));
#368=EDGE_LOOP('',(#2938,#2939,#2940,#2941));
#369=EDGE_LOOP('',(#2942,#2943,#2944,#2945));
#370=EDGE_LOOP('',(#2946,#2947,#2948));
#371=EDGE_LOOP('',(#2949,#2950,#2951));
#372=EDGE_LOOP('',(#2952,#2953,#2954,#2955));
#373=EDGE_LOOP('',(#2956,#2957,#2958,#2959));
#374=EDGE_LOOP('',(#2960,#2961,#2962));
#375=EDGE_LOOP('',(#2963,#2964,#2965));
#376=EDGE_LOOP('',(#2966,#2967,#2968));
#377=EDGE_LOOP('',(#2969,#2970,#2971,#2972));
#378=EDGE_LOOP('',(#2973,#2974,#2975,#2976));
#379=EDGE_LOOP('',(#2977,#2978,#2979));
#380=EDGE_LOOP('',(#2980,#2981,#2982));
#381=EDGE_LOOP('',(#2983,#2984,#2985,#2986));
#382=EDGE_LOOP('',(#2987,#2988,#2989,#2990));
#383=EDGE_LOOP('',(#2991,#2992,#2993,#2994));
#384=EDGE_LOOP('',(#2995,#2996,#2997,#2998));
#385=EDGE_LOOP('',(#2999,#3000,#3001,#3002));
#386=EDGE_LOOP('',(#3003,#3004,#3005,#3006));
#387=EDGE_LOOP('',(#3007,#3008,#3009,#3010));
#388=EDGE_LOOP('',(#3011,#3012,#3013,#3014));
#389=EDGE_LOOP('',(#3015,#3016,#3017,#3018,#3019,#3020));
#390=EDGE_LOOP('',(#3021,#3022,#3023,#3024));
#391=EDGE_LOOP('',(#3025,#3026,#3027,#3028,#3029,#3030,#3031,#3032));
#392=EDGE_LOOP('',(#3033,#3034,#3035,#3036,#3037,#3038));
#393=EDGE_LOOP('',(#3039,#3040,#3041));
#394=EDGE_LOOP('',(#3042,#3043,#3044));
#395=EDGE_LOOP('',(#3045,#3046,#3047,#3048,#3049,#3050,#3051,#3052));
#396=EDGE_LOOP('',(#3053,#3054,#3055,#3056));
#397=EDGE_LOOP('',(#3057,#3058,#3059,#3060));
#398=EDGE_LOOP('',(#3061,#3062,#3063,#3064));
#399=EDGE_LOOP('',(#3065,#3066,#3067));
#400=EDGE_LOOP('',(#3068,#3069,#3070,#3071,#3072,#3073));
#401=EDGE_LOOP('',(#3074,#3075,#3076));
#402=EDGE_LOOP('',(#3077,#3078,#3079,#3080,#3081,#3082));
#403=EDGE_LOOP('',(#3083,#3084,#3085,#3086,#3087,#3088,#3089,#3090));
#404=EDGE_LOOP('',(#3091,#3092,#3093,#3094));
#405=EDGE_LOOP('',(#3095,#3096,#3097,#3098));
#406=EDGE_LOOP('',(#3099,#3100,#3101,#3102,#3103,#3104));
#407=EDGE_LOOP('',(#3105,#3106,#3107));
#408=EDGE_LOOP('',(#3108,#3109,#3110));
#409=EDGE_LOOP('',(#3111,#3112,#3113,#3114,#3115,#3116,#3117,#3118));
#410=EDGE_LOOP('',(#3119,#3120,#3121,#3122));
#411=EDGE_LOOP('',(#3123,#3124,#3125,#3126));
#412=EDGE_LOOP('',(#3127,#3128,#3129,#3130));
#413=EDGE_LOOP('',(#3131,#3132,#3133));
#414=EDGE_LOOP('',(#3134,#3135,#3136,#3137,#3138,#3139));
#415=EDGE_LOOP('',(#3140,#3141,#3142));
#416=EDGE_LOOP('',(#3143,#3144,#3145,#3146));
#417=EDGE_LOOP('',(#3147,#3148,#3149,#3150));
#418=EDGE_LOOP('',(#3151,#3152,#3153,#3154,#3155,#3156));
#419=EDGE_LOOP('',(#3157,#3158,#3159,#3160));
#420=EDGE_LOOP('',(#3161,#3162,#3163,#3164,#3165,#3166,#3167,#3168));
#421=EDGE_LOOP('',(#3169,#3170,#3171,#3172));
#422=EDGE_LOOP('',(#3173,#3174,#3175,#3176,#3177,#3178));
#423=EDGE_LOOP('',(#3179,#3180,#3181));
#424=EDGE_LOOP('',(#3182,#3183,#3184));
#425=EDGE_LOOP('',(#3185,#3186,#3187,#3188,#3189,#3190,#3191,#3192));
#426=EDGE_LOOP('',(#3193,#3194,#3195,#3196));
#427=EDGE_LOOP('',(#3197,#3198,#3199,#3200));
#428=EDGE_LOOP('',(#3201,#3202,#3203,#3204));
#429=EDGE_LOOP('',(#3205,#3206,#3207));
#430=EDGE_LOOP('',(#3208,#3209,#3210,#3211,#3212,#3213));
#431=EDGE_LOOP('',(#3214,#3215,#3216));
#432=EDGE_LOOP('',(#3217,#3218,#3219,#3220));
#433=EDGE_LOOP('',(#3221,#3222,#3223,#3224));
#434=EDGE_LOOP('',(#3225,#3226,#3227,#3228));
#435=EDGE_LOOP('',(#3229,#3230,#3231,#3232));
#436=EDGE_LOOP('',(#3233,#3234,#3235,#3236));
#437=EDGE_LOOP('',(#3237,#3238,#3239,#3240));
#438=EDGE_LOOP('',(#3241,#3242,#3243,#3244,#3245,#3246,#3247,#3248));
#439=EDGE_LOOP('',(#3249,#3250,#3251,#3252));
#440=EDGE_LOOP('',(#3253,#3254,#3255,#3256));
#441=EDGE_LOOP('',(#3257,#3258,#3259,#3260));
#442=EDGE_LOOP('',(#3261,#3262,#3263));
#443=EDGE_LOOP('',(#3264,#3265,#3266,#3267,#3268,#3269));
#444=EDGE_LOOP('',(#3270,#3271,#3272));
#445=EDGE_LOOP('',(#3273,#3274,#3275,#3276,#3277,#3278));
#446=EDGE_LOOP('',(#3279,#3280,#3281,#3282));
#447=EDGE_LOOP('',(#3283,#3284,#3285,#3286,#3287,#3288,#3289,#3290));
#448=EDGE_LOOP('',(#3291,#3292,#3293,#3294,#3295,#3296));
#449=EDGE_LOOP('',(#3297,#3298,#3299));
#450=EDGE_LOOP('',(#3300,#3301,#3302));
#451=EDGE_LOOP('',(#3303,#3304,#3305,#3306,#3307,#3308));
#452=EDGE_LOOP('',(#3309,#3310,#3311,#3312));
#453=EDGE_LOOP('',(#3313,#3314,#3315,#3316,#3317,#3318));
#454=EDGE_LOOP('',(#3319,#3320,#3321,#3322));
#455=EDGE_LOOP('',(#3323,#3324,#3325,#3326));
#456=EDGE_LOOP('',(#3327,#3328,#3329,#3330,#3331,#3332,#3333,#3334,#3335,
#3336));
#457=EDGE_LOOP('',(#3337,#3338,#3339,#3340,#3341,#3342,#3343,#3344));
#458=EDGE_LOOP('',(#3345,#3346,#3347,#3348));
#459=EDGE_LOOP('',(#3349,#3350,#3351,#3352,#3353,#3354));
#460=EDGE_LOOP('',(#3355,#3356,#3357,#3358));
#461=EDGE_LOOP('',(#3359,#3360,#3361));
#462=EDGE_LOOP('',(#3362,#3363,#3364,#3365,#3366,#3367));
#463=EDGE_LOOP('',(#3368,#3369,#3370,#3371,#3372,#3373,#3374,#3375,#3376,
#3377));
#464=EDGE_LOOP('',(#3378,#3379,#3380));
#465=EDGE_LOOP('',(#3381,#3382,#3383,#3384));
#466=EDGE_LOOP('',(#3385,#3386,#3387,#3388,#3389,#3390,#3391,#3392,#3393,
#3394,#3395,#3396,#3397,#3398));
#467=EDGE_LOOP('',(#3399,#3400,#3401,#3402));
#468=EDGE_LOOP('',(#3403,#3404,#3405,#3406,#3407,#3408,#3409,#3410));
#469=EDGE_LOOP('',(#3411,#3412,#3413,#3414));
#470=EDGE_LOOP('',(#3415,#3416,#3417,#3418));
#471=EDGE_LOOP('',(#3419,#3420,#3421,#3422));
#472=EDGE_LOOP('',(#3423,#3424,#3425,#3426));
#473=EDGE_LOOP('',(#3427,#3428,#3429,#3430,#3431,#3432,#3433,#3434));
#474=EDGE_LOOP('',(#3435,#3436,#3437,#3438));
#475=EDGE_LOOP('',(#3439,#3440,#3441));
#476=EDGE_LOOP('',(#3442,#3443,#3444,#3445,#3446,#3447,#3448,#3449,#3450,
#3451,#3452,#3453,#3454,#3455,#3456,#3457,#3458,#3459,#3460,#3461,#3462,
#3463,#3464,#3465,#3466,#3467,#3468,#3469));
#477=EDGE_LOOP('',(#3470,#3471,#3472,#3473,#3474,#3475));
#478=EDGE_LOOP('',(#3476,#3477,#3478,#3479));
#479=EDGE_LOOP('',(#3480,#3481,#3482,#3483,#3484,#3485,#3486,#3487));
#480=EDGE_LOOP('',(#3488,#3489,#3490,#3491));
#481=EDGE_LOOP('',(#3492,#3493,#3494));
#482=EDGE_LOOP('',(#3495,#3496,#3497,#3498,#3499,#3500,#3501,#3502,#3503,
#3504,#3505,#3506,#3507,#3508,#3509,#3510,#3511,#3512,#3513,#3514));
#483=EDGE_LOOP('',(#3515,#3516,#3517,#3518));
#484=EDGE_LOOP('',(#3519,#3520,#3521,#3522));
#485=EDGE_LOOP('',(#3523,#3524,#3525,#3526));
#486=EDGE_LOOP('',(#3527,#3528,#3529,#3530));
#487=EDGE_LOOP('',(#3531,#3532,#3533));
#488=EDGE_LOOP('',(#3534,#3535,#3536,#3537,#3538,#3539,#3540,#3541));
#489=EDGE_LOOP('',(#3542,#3543,#3544,#3545));
#490=EDGE_LOOP('',(#3546,#3547,#3548,#3549));
#491=EDGE_LOOP('',(#3550,#3551,#3552,#3553,#3554,#3555,#3556,#3557));
#492=EDGE_LOOP('',(#3558,#3559,#3560,#3561));
#493=EDGE_LOOP('',(#3562,#3563,#3564,#3565,#3566,#3567,#3568,#3569,#3570,
#3571,#3572,#3573,#3574,#3575));
#494=EDGE_LOOP('',(#3576,#3577,#3578,#3579));
#495=EDGE_LOOP('',(#3580,#3581,#3582,#3583));
#496=EDGE_LOOP('',(#3584,#3585,#3586));
#497=EDGE_LOOP('',(#3587,#3588,#3589,#3590,#3591,#3592,#3593,#3594,#3595,
#3596));
#498=EDGE_LOOP('',(#3597,#3598,#3599,#3600,#3601,#3602));
#499=EDGE_LOOP('',(#3603,#3604,#3605));
#500=EDGE_LOOP('',(#3606,#3607,#3608,#3609));
#501=EDGE_LOOP('',(#3610,#3611,#3612,#3613,#3614,#3615));
#502=EDGE_LOOP('',(#3616,#3617,#3618,#3619,#3620,#3621));
#503=EDGE_LOOP('',(#3622,#3623,#3624,#3625));
#504=EDGE_LOOP('',(#3626,#3627,#3628,#3629));
#505=EDGE_LOOP('',(#3630,#3631,#3632,#3633));
#506=EDGE_LOOP('',(#3634,#3635,#3636,#3637));
#507=EDGE_LOOP('',(#3638,#3639,#3640,#3641));
#508=EDGE_LOOP('',(#3642,#3643,#3644,#3645,#3646,#3647));
#509=EDGE_LOOP('',(#3648,#3649,#3650,#3651,#3652,#3653));
#510=EDGE_LOOP('',(#3654,#3655,#3656,#3657));
#511=EDGE_LOOP('',(#3658,#3659,#3660,#3661));
#512=EDGE_LOOP('',(#3662,#3663,#3664,#3665));
#513=EDGE_LOOP('',(#3666,#3667,#3668,#3669));
#514=EDGE_LOOP('',(#3670,#3671,#3672,#3673,#3674,#3675,#3676,#3677));
#515=EDGE_LOOP('',(#3678,#3679,#3680,#3681,#3682,#3683,#3684,#3685,#3686,
#3687));
#516=EDGE_LOOP('',(#3688,#3689,#3690,#3691));
#517=EDGE_LOOP('',(#3692,#3693,#3694,#3695));
#518=EDGE_LOOP('',(#3696,#3697,#3698,#3699));
#519=EDGE_LOOP('',(#3700,#3701,#3702,#3703,#3704,#3705));
#520=EDGE_LOOP('',(#3706,#3707,#3708));
#521=EDGE_LOOP('',(#3709,#3710,#3711,#3712));
#522=EDGE_LOOP('',(#3713,#3714,#3715,#3716));
#523=EDGE_LOOP('',(#3717,#3718,#3719,#3720));
#524=EDGE_LOOP('',(#3721,#3722,#3723,#3724));
#525=EDGE_LOOP('',(#3725,#3726,#3727,#3728));
#526=EDGE_LOOP('',(#3729,#3730,#3731,#3732));
#527=EDGE_LOOP('',(#3733,#3734,#3735,#3736,#3737,#3738));
#528=EDGE_LOOP('',(#3739,#3740,#3741,#3742));
#529=EDGE_LOOP('',(#3743,#3744,#3745,#3746,#3747,#3748));
#530=EDGE_LOOP('',(#3749,#3750,#3751,#3752));
#531=EDGE_LOOP('',(#3753,#3754,#3755,#3756));
#532=EDGE_LOOP('',(#3757,#3758,#3759,#3760));
#533=EDGE_LOOP('',(#3761,#3762,#3763,#3764));
#534=EDGE_LOOP('',(#3765,#3766,#3767,#3768));
#535=EDGE_LOOP('',(#3769,#3770,#3771,#3772));
#536=EDGE_LOOP('',(#3773,#3774,#3775));
#537=EDGE_LOOP('',(#3776,#3777,#3778,#3779));
#538=EDGE_LOOP('',(#3780,#3781,#3782,#3783,#3784,#3785,#3786,#3787));
#539=EDGE_LOOP('',(#3788,#3789,#3790,#3791));
#540=EDGE_LOOP('',(#3792,#3793,#3794,#3795));
#541=EDGE_LOOP('',(#3796,#3797,#3798,#3799,#3800,#3801,#3802,#3803));
#542=EDGE_LOOP('',(#3804,#3805,#3806,#3807));
#543=EDGE_LOOP('',(#3808,#3809,#3810,#3811,#3812,#3813,#3814,#3815,#3816,
#3817,#3818,#3819,#3820,#3821));
#544=EDGE_LOOP('',(#3822,#3823,#3824,#3825));
#545=EDGE_LOOP('',(#3826,#3827,#3828,#3829));
#546=EDGE_LOOP('',(#3830,#3831,#3832));
#547=EDGE_LOOP('',(#3833,#3834,#3835,#3836,#3837,#3838,#3839,#3840,#3841,
#3842));
#548=EDGE_LOOP('',(#3843,#3844,#3845,#3846,#3847,#3848));
#549=EDGE_LOOP('',(#3849,#3850,#3851));
#550=EDGE_LOOP('',(#3852,#3853,#3854,#3855));
#551=EDGE_LOOP('',(#3856,#3857,#3858,#3859,#3860,#3861));
#552=EDGE_LOOP('',(#3862,#3863,#3864,#3865,#3866,#3867));
#553=EDGE_LOOP('',(#3868,#3869,#3870,#3871));
#554=EDGE_LOOP('',(#3872,#3873,#3874,#3875));
#555=EDGE_LOOP('',(#3876,#3877,#3878,#3879));
#556=EDGE_LOOP('',(#3880,#3881,#3882,#3883));
#557=EDGE_LOOP('',(#3884,#3885,#3886,#3887));
#558=EDGE_LOOP('',(#3888,#3889,#3890,#3891,#3892,#3893));
#559=EDGE_LOOP('',(#3894,#3895,#3896,#3897,#3898,#3899));
#560=EDGE_LOOP('',(#3900,#3901,#3902,#3903));
#561=EDGE_LOOP('',(#3904,#3905,#3906,#3907));
#562=EDGE_LOOP('',(#3908,#3909,#3910,#3911));
#563=EDGE_LOOP('',(#3912,#3913,#3914,#3915));
#564=EDGE_LOOP('',(#3916,#3917,#3918,#3919,#3920,#3921,#3922,#3923));
#565=EDGE_LOOP('',(#3924,#3925,#3926,#3927,#3928,#3929,#3930,#3931,#3932,
#3933));
#566=EDGE_LOOP('',(#3934,#3935,#3936,#3937));
#567=EDGE_LOOP('',(#3938,#3939,#3940,#3941));
#568=EDGE_LOOP('',(#3942,#3943,#3944,#3945));
#569=EDGE_LOOP('',(#3946,#3947,#3948,#3949));
#570=EDGE_LOOP('',(#3950,#3951,#3952));
#571=EDGE_LOOP('',(#3953,#3954,#3955,#3956,#3957,#3958));
#572=EDGE_LOOP('',(#3959,#3960,#3961,#3962));
#573=EDGE_LOOP('',(#3963,#3964,#3965,#3966));
#574=EDGE_LOOP('',(#3967,#3968,#3969,#3970,#3971,#3972));
#575=EDGE_LOOP('',(#3973,#3974,#3975,#3976));
#576=EDGE_LOOP('',(#3977,#3978,#3979,#3980));
#577=EDGE_LOOP('',(#3981,#3982,#3983,#3984,#3985,#3986));
#578=EDGE_LOOP('',(#3987,#3988,#3989,#3990));
#579=EDGE_LOOP('',(#3991,#3992,#3993,#3994));
#580=EDGE_LOOP('',(#3995,#3996,#3997,#3998));
#581=EDGE_LOOP('',(#3999,#4000,#4001));
#582=EDGE_LOOP('',(#4002,#4003,#4004,#4005,#4006,#4007));
#583=EDGE_LOOP('',(#4008,#4009,#4010,#4011));
#584=EDGE_LOOP('',(#4012,#4013,#4014));
#585=EDGE_LOOP('',(#4015,#4016,#4017,#4018));
#586=EDGE_LOOP('',(#4019,#4020,#4021,#4022));
#587=EDGE_LOOP('',(#4023,#4024,#4025,#4026,#4027,#4028,#4029,#4030));
#588=EDGE_LOOP('',(#4031,#4032,#4033,#4034));
#589=EDGE_LOOP('',(#4035,#4036,#4037,#4038,#4039,#4040,#4041,#4042,#4043,
#4044,#4045,#4046,#4047,#4048));
#590=EDGE_LOOP('',(#4049,#4050,#4051,#4052,#4053,#4054,#4055,#4056,#4057,
#4058));
#591=EDGE_LOOP('',(#4059,#4060,#4061));
#592=EDGE_LOOP('',(#4062,#4063,#4064,#4065,#4066,#4067,#4068,#4069,#4070,
#4071));
#593=EDGE_LOOP('',(#4072,#4073,#4074,#4075,#4076,#4077,#4078,#4079));
#594=EDGE_LOOP('',(#4080,#4081,#4082,#4083));
#595=EDGE_LOOP('',(#4084,#4085,#4086,#4087,#4088,#4089));
#596=EDGE_LOOP('',(#4090,#4091,#4092,#4093));
#597=EDGE_LOOP('',(#4094,#4095,#4096));
#598=EDGE_LOOP('',(#4097,#4098,#4099,#4100,#4101,#4102));
#599=EDGE_LOOP('',(#4103,#4104,#4105,#4106));
#600=EDGE_LOOP('',(#4107,#4108,#4109,#4110));
#601=EDGE_LOOP('',(#4111,#4112,#4113,#4114,#4115,#4116));
#602=EDGE_LOOP('',(#4117,#4118,#4119,#4120));
#603=EDGE_LOOP('',(#4121,#4122,#4123,#4124));
#604=EDGE_LOOP('',(#4125,#4126,#4127,#4128));
#605=EDGE_LOOP('',(#4129,#4130,#4131,#4132));
#606=EDGE_LOOP('',(#4133,#4134,#4135,#4136,#4137,#4138));
#607=EDGE_LOOP('',(#4139,#4140,#4141,#4142,#4143,#4144));
#608=EDGE_LOOP('',(#4145,#4146,#4147,#4148));
#609=EDGE_LOOP('',(#4149,#4150,#4151,#4152));
#610=EDGE_LOOP('',(#4153,#4154,#4155,#4156));
#611=EDGE_LOOP('',(#4157,#4158,#4159,#4160));
#612=EDGE_LOOP('',(#4161,#4162,#4163,#4164));
#613=EDGE_LOOP('',(#4165,#4166,#4167,#4168));
#614=EDGE_LOOP('',(#4169,#4170,#4171,#4172));
#615=EDGE_LOOP('',(#4173,#4174,#4175,#4176));
#616=EDGE_LOOP('',(#4177,#4178,#4179,#4180));
#617=EDGE_LOOP('',(#4181,#4182,#4183,#4184,#4185,#4186));
#618=EDGE_LOOP('',(#4187,#4188,#4189,#4190));
#619=EDGE_LOOP('',(#4191,#4192,#4193,#4194,#4195,#4196));
#620=EDGE_LOOP('',(#4197,#4198,#4199,#4200));
#621=EDGE_LOOP('',(#4201,#4202,#4203,#4204));
#622=EDGE_LOOP('',(#4205,#4206,#4207,#4208));
#623=EDGE_LOOP('',(#4209,#4210,#4211,#4212));
#624=EDGE_LOOP('',(#4213,#4214,#4215,#4216));
#625=EDGE_LOOP('',(#4217,#4218,#4219,#4220));
#626=EDGE_LOOP('',(#4221,#4222,#4223,#4224));
#627=EDGE_LOOP('',(#4225,#4226,#4227,#4228,#4229,#4230));
#628=EDGE_LOOP('',(#4231,#4232,#4233,#4234));
#629=EDGE_LOOP('',(#4235,#4236,#4237,#4238));
#630=EDGE_LOOP('',(#4239,#4240,#4241,#4242));
#631=EDGE_LOOP('',(#4243,#4244,#4245,#4246));
#632=EDGE_LOOP('',(#4247,#4248,#4249,#4250,#4251,#4252));
#633=EDGE_LOOP('',(#4253,#4254,#4255,#4256,#4257,#4258));
#634=EDGE_LOOP('',(#4259,#4260,#4261,#4262));
#635=EDGE_LOOP('',(#4263,#4264,#4265,#4266));
#636=EDGE_LOOP('',(#4267,#4268,#4269,#4270));
#637=EDGE_LOOP('',(#4271,#4272,#4273,#4274));
#638=EDGE_LOOP('',(#4275,#4276,#4277,#4278));
#639=CIRCLE('',#4839,0.03);
#640=CIRCLE('',#4841,0.003898478953022);
#641=CIRCLE('',#4843,0.03);
#642=CIRCLE('',#4845,0.003898478953021);
#643=CIRCLE('',#4848,0.15);
#644=CIRCLE('',#4850,0.15);
#645=CIRCLE('',#4853,0.3);
#646=CIRCLE('',#4855,0.3);
#647=CIRCLE('',#4857,0.3);
#648=CIRCLE('',#4859,0.03);
#649=CIRCLE('',#4861,0.003898478953017);
#650=CIRCLE('',#4863,0.15);
#651=CIRCLE('',#4865,0.15);
#652=CIRCLE('',#4869,0.3);
#653=CIRCLE('',#4871,0.3);
#654=CIRCLE('',#4873,0.03);
#655=CIRCLE('',#4875,0.003898478953024);
#656=CIRCLE('',#4877,0.15);
#657=CIRCLE('',#4879,0.15);
#658=CIRCLE('',#4883,0.3);
#659=CIRCLE('',#4885,0.3);
#660=CIRCLE('',#4887,0.3);
#661=CIRCLE('',#4891,0.15);
#662=CIRCLE('',#4893,0.15);
#663=CIRCLE('',#4895,0.003898478953022);
#664=CIRCLE('',#4897,0.03);
#665=CIRCLE('',#4899,0.003898478953024);
#666=CIRCLE('',#4901,0.03);
#667=CIRCLE('',#4903,0.003898478953017);
#668=CIRCLE('',#4905,0.03);
#669=CIRCLE('',#4907,0.003898478953021);
#670=CIRCLE('',#4909,0.03);
#671=CIRCLE('',#4911,0.03);
#672=CIRCLE('',#4912,0.03);
#673=CIRCLE('',#4914,0.153898478953);
#674=CIRCLE('',#4917,0.3);
#675=CIRCLE('',#4919,0.3);
#676=CIRCLE('',#4921,0.15);
#677=CIRCLE('',#4923,0.03);
#678=CIRCLE('',#4924,0.003898478953021);
#679=CIRCLE('',#4928,0.3);
#680=CIRCLE('',#4930,0.3);
#681=CIRCLE('',#4931,0.15);
#682=CIRCLE('',#4933,0.3);
#683=CIRCLE('',#4934,0.15);
#684=CIRCLE('',#4936,0.15);
#685=CIRCLE('',#4938,0.03);
#686=CIRCLE('',#4939,0.03);
#687=CIRCLE('',#4942,0.153898478953);
#688=CIRCLE('',#4944,0.3);
#689=CIRCLE('',#4947,0.3);
#690=CIRCLE('',#4949,0.15);
#691=CIRCLE('',#4951,0.03);
#692=CIRCLE('',#4952,0.003898478953017);
#693=CIRCLE('',#4956,0.3);
#694=CIRCLE('',#4958,0.3);
#695=CIRCLE('',#4959,0.15);
#696=CIRCLE('',#4961,0.3);
#697=CIRCLE('',#4962,0.15);
#698=CIRCLE('',#4964,0.15);
#699=CIRCLE('',#4966,0.3);
#700=CIRCLE('',#4968,0.3);
#701=CIRCLE('',#4970,0.03);
#702=CIRCLE('',#4971,0.03);
#703=CIRCLE('',#4973,0.153898478953);
#704=CIRCLE('',#4976,0.3);
#705=CIRCLE('',#4979,0.3);
#706=CIRCLE('',#4981,0.15);
#707=CIRCLE('',#4983,0.03);
#708=CIRCLE('',#4984,0.003898478953024);
#709=CIRCLE('',#4988,0.3);
#710=CIRCLE('',#4990,0.3);
#711=CIRCLE('',#4991,0.15);
#712=CIRCLE('',#4993,0.3);
#713=CIRCLE('',#4994,0.15);
#714=CIRCLE('',#4996,0.15);
#715=CIRCLE('',#4998,0.15);
#716=CIRCLE('',#4999,0.3);
#717=CIRCLE('',#5001,0.3);
#718=CIRCLE('',#5002,0.15);
#719=CIRCLE('',#5004,0.15);
#720=CIRCLE('',#5005,0.3);
#721=CIRCLE('',#5007,0.3);
#722=CIRCLE('',#5009,0.15);
#723=CIRCLE('',#5010,0.3);
#724=CIRCLE('',#5012,0.3);
#725=CIRCLE('',#5014,0.03);
#726=CIRCLE('',#5015,0.003898478953022);
#727=CIRCLE('',#5019,0.3);
#728=CIRCLE('',#5021,0.3);
#729=CIRCLE('',#5022,0.15);
#730=CIRCLE('',#5024,0.3);
#731=CIRCLE('',#5025,0.15);
#732=CIRCLE('',#5027,0.15);
#733=CIRCLE('',#5029,0.03);
#734=CIRCLE('',#5030,0.03);
#735=CIRCLE('',#5032,0.153898478953);
#736=CIRCLE('',#5035,0.3);
#737=CIRCLE('',#5037,0.3);
#738=CIRCLE('',#5039,0.15);
#739=CIRCLE('',#5041,0.15);
#740=CIRCLE('',#5042,0.15);
#741=CIRCLE('',#5044,0.15);
#742=CIRCLE('',#5046,0.15);
#743=CIRCLE('',#5049,0.15);
#744=CIRCLE('',#5050,0.3);
#745=CIRCLE('',#5052,0.15);
#746=CIRCLE('',#5053,0.15);
#747=CIRCLE('',#5058,0.15);
#748=CIRCLE('',#5061,0.3);
#749=CIRCLE('',#5063,0.3);
#750=CIRCLE('',#5073,0.3);
#751=CIRCLE('',#5074,0.15);
#752=CIRCLE('',#5076,0.3);
#753=CIRCLE('',#5077,0.3);
#754=CIRCLE('',#5078,0.3);
#755=CIRCLE('',#5080,0.15);
#756=CIRCLE('',#5084,0.15);
#757=CIRCLE('',#5085,0.15);
#758=CIRCLE('',#5086,0.15);
#759=CIRCLE('',#5088,0.3);
#760=CIRCLE('',#5090,0.3);
#761=CIRCLE('',#5091,0.3);
#762=CIRCLE('',#5092,0.3);
#763=CIRCLE('',#5101,0.3);
#764=CIRCLE('',#5103,0.3);
#765=CIRCLE('',#5104,0.3);
#766=CIRCLE('',#5105,0.3);
#767=CIRCLE('',#5107,0.15);
#768=CIRCLE('',#5116,0.3);
#769=CIRCLE('',#5117,0.3);
#770=CIRCLE('',#5118,0.3);
#771=CIRCLE('',#5120,0.15);
#772=CIRCLE('',#5122,0.15);
#773=CIRCLE('',#5127,0.003898478953024);
#774=CIRCLE('',#5129,0.153898478953);
#775=CIRCLE('',#5134,0.03);
#776=CIRCLE('',#5135,0.03);
#777=CIRCLE('',#5137,0.03);
#778=CIRCLE('',#5144,0.15);
#779=CIRCLE('',#5145,0.15);
#780=CIRCLE('',#5149,0.15);
#781=CIRCLE('',#5158,0.15);
#782=CIRCLE('',#5159,0.15);
#783=CIRCLE('',#5161,0.15);
#784=CIRCLE('',#5164,0.15);
#785=CIRCLE('',#5173,0.15);
#786=CIRCLE('',#5174,0.3);
#787=CIRCLE('',#5176,0.3);
#788=CIRCLE('',#5177,0.3);
#789=CIRCLE('',#5178,0.3);
#790=CIRCLE('',#5180,0.15);
#791=CIRCLE('',#5189,0.3);
#792=CIRCLE('',#5190,0.3);
#793=CIRCLE('',#5191,0.3);
#794=CIRCLE('',#5193,0.15);
#795=CIRCLE('',#5195,0.15);
#796=CIRCLE('',#5200,0.003898478953017);
#797=CIRCLE('',#5202,0.153898478953);
#798=CIRCLE('',#5207,0.03);
#799=CIRCLE('',#5208,0.03);
#800=CIRCLE('',#5210,0.03);
#801=CIRCLE('',#5217,0.15);
#802=CIRCLE('',#5218,0.15);
#803=CIRCLE('',#5222,0.15);
#804=CIRCLE('',#5224,0.15);
#805=CIRCLE('',#5229,0.15);
#806=CIRCLE('',#5230,0.15);
#807=CIRCLE('',#5232,0.15);
#808=CIRCLE('',#5234,0.15);
#809=CIRCLE('',#5242,0.15);
#810=CIRCLE('',#5251,0.3);
#811=CIRCLE('',#5252,0.3);
#812=CIRCLE('',#5253,0.3);
#813=CIRCLE('',#5256,0.15);
#814=CIRCLE('',#5257,0.15);
#815=CIRCLE('',#5258,0.15);
#816=CIRCLE('',#5263,0.15);
#817=CIRCLE('',#5270,0.153898478953);
#818=CIRCLE('',#5273,0.003898478953021);
#819=CIRCLE('',#5275,0.03);
#820=CIRCLE('',#5277,0.03);
#821=CIRCLE('',#5279,0.03);
#822=CIRCLE('',#5289,0.15);
#823=CIRCLE('',#5290,0.15);
#824=CIRCLE('',#5292,0.15);
#825=CIRCLE('',#5295,0.15);
#826=CIRCLE('',#5305,0.153898478953);
#827=CIRCLE('',#5308,0.003898478953022);
#828=CIRCLE('',#5310,0.03);
#829=CIRCLE('',#5312,0.03);
#830=CIRCLE('',#5314,0.03);
#831=LINE('',#6802,#1343);
#832=LINE('',#6806,#1344);
#833=LINE('',#6807,#1345);
#834=LINE('',#6810,#1346);
#835=LINE('',#6813,#1347);
#836=LINE('',#6817,#1348);
#837=LINE('',#6821,#1349);
#838=LINE('',#6822,#1350);
#839=LINE('',#6825,#1351);
#840=LINE('',#6828,#1352);
#841=LINE('',#6831,#1353);
#842=LINE('',#6832,#1354);
#843=LINE('',#6834,#1355);
#844=LINE('',#6835,#1356);
#845=LINE('',#6841,#1357);
#846=LINE('',#6842,#1358);
#847=LINE('',#6848,#1359);
#848=LINE('',#6849,#1360);
#849=LINE('',#6853,#1361);
#850=LINE('',#6855,#1362);
#851=LINE('',#6857,#1363);
#852=LINE('',#6858,#1364);
#853=LINE('',#6862,#1365);
#854=LINE('',#6864,#1366);
#855=LINE('',#6869,#1367);
#856=LINE('',#6871,#1368);
#857=LINE('',#6878,#1369);
#858=LINE('',#6879,#1370);
#859=LINE('',#6883,#1371);
#860=LINE('',#6887,#1372);
#861=LINE('',#6888,#1373);
#862=LINE('',#6891,#1374);
#863=LINE('',#6894,#1375);
#864=LINE('',#6900,#1376);
#865=LINE('',#6901,#1377);
#866=LINE('',#6907,#1378);
#867=LINE('',#6908,#1379);
#868=LINE('',#6912,#1380);
#869=LINE('',#6914,#1381);
#870=LINE('',#6916,#1382);
#871=LINE('',#6917,#1383);
#872=LINE('',#6920,#1384);
#873=LINE('',#6921,#1385);
#874=LINE('',#6923,#1386);
#875=LINE('',#6924,#1387);
#876=LINE('',#6930,#1388);
#877=LINE('',#6931,#1389);
#878=LINE('',#6935,#1390);
#879=LINE('',#6937,#1391);
#880=LINE('',#6942,#1392);
#881=LINE('',#6946,#1393);
#882=LINE('',#6947,#1394);
#883=LINE('',#6950,#1395);
#884=LINE('',#6953,#1396);
#885=LINE('',#6959,#1397);
#886=LINE('',#6960,#1398);
#887=LINE('',#6966,#1399);
#888=LINE('',#6967,#1400);
#889=LINE('',#6971,#1401);
#890=LINE('',#6973,#1402);
#891=LINE('',#6975,#1403);
#892=LINE('',#6976,#1404);
#893=LINE('',#6979,#1405);
#894=LINE('',#6980,#1406);
#895=LINE('',#6982,#1407);
#896=LINE('',#6983,#1408);
#897=LINE('',#6987,#1409);
#898=LINE('',#6990,#1410);
#899=LINE('',#6996,#1411);
#900=LINE('',#6997,#1412);
#901=LINE('',#7003,#1413);
#902=LINE('',#7004,#1414);
#903=LINE('',#7007,#1415);
#904=LINE('',#7008,#1416);
#905=LINE('',#7010,#1417);
#906=LINE('',#7011,#1418);
#907=LINE('',#7015,#1419);
#908=LINE('',#7017,#1420);
#909=LINE('',#7019,#1421);
#910=LINE('',#7020,#1422);
#911=LINE('',#7026,#1423);
#912=LINE('',#7027,#1424);
#913=LINE('',#7033,#1425);
#914=LINE('',#7034,#1426);
#915=LINE('',#7038,#1427);
#916=LINE('',#7040,#1428);
#917=LINE('',#7045,#1429);
#918=LINE('',#7046,#1430);
#919=LINE('',#7050,#1431);
#920=LINE('',#7052,#1432);
#921=LINE('',#7057,#1433);
#922=LINE('',#7058,#1434);
#923=LINE('',#7062,#1435);
#924=LINE('',#7064,#1436);
#925=LINE('',#7069,#1437);
#926=LINE('',#7070,#1438);
#927=LINE('',#7074,#1439);
#928=LINE('',#7076,#1440);
#929=LINE('',#7081,#1441);
#930=LINE('',#7082,#1442);
#931=LINE('',#7084,#1443);
#932=LINE('',#7088,#1444);
#933=LINE('',#7092,#1445);
#934=LINE('',#7093,#1446);
#935=LINE('',#7095,#1447);
#936=LINE('',#7098,#1448);
#937=LINE('',#7101,#1449);
#938=LINE('',#7103,#1450);
#939=LINE('',#7105,#1451);
#940=LINE('',#7106,#1452);
#941=LINE('',#7107,#1453);
#942=LINE('',#7111,#1454);
#943=LINE('',#7112,#1455);
#944=LINE('',#7114,#1456);
#945=LINE('',#7115,#1457);
#946=LINE('',#7117,#1458);
#947=LINE('',#7120,#1459);
#948=LINE('',#7124,#1460);
#949=LINE('',#7126,#1461);
#950=LINE('',#7128,#1462);
#951=LINE('',#7130,#1463);
#952=LINE('',#7132,#1464);
#953=LINE('',#7133,#1465);
#954=LINE('',#7135,#1466);
#955=LINE('',#7136,#1467);
#956=LINE('',#7138,#1468);
#957=LINE('',#7139,#1469);
#958=LINE('',#7144,#1470);
#959=LINE('',#7145,#1471);
#960=LINE('',#7147,#1472);
#961=LINE('',#7152,#1473);
#962=LINE('',#7153,#1474);
#963=LINE('',#7155,#1475);
#964=LINE('',#7160,#1476);
#965=LINE('',#7164,#1477);
#966=LINE('',#7168,#1478);
#967=LINE('',#7169,#1479);
#968=LINE('',#7172,#1480);
#969=LINE('',#7174,#1481);
#970=LINE('',#7176,#1482);
#971=LINE('',#7177,#1483);
#972=LINE('',#7178,#1484);
#973=LINE('',#7180,#1485);
#974=LINE('',#7183,#1486);
#975=LINE('',#7186,#1487);
#976=LINE('',#7189,#1488);
#977=LINE('',#7190,#1489);
#978=LINE('',#7192,#1490);
#979=LINE('',#7193,#1491);
#980=LINE('',#7195,#1492);
#981=LINE('',#7198,#1493);
#982=LINE('',#7202,#1494);
#983=LINE('',#7204,#1495);
#984=LINE('',#7206,#1496);
#985=LINE('',#7208,#1497);
#986=LINE('',#7210,#1498);
#987=LINE('',#7211,#1499);
#988=LINE('',#7213,#1500);
#989=LINE('',#7214,#1501);
#990=LINE('',#7216,#1502);
#991=LINE('',#7217,#1503);
#992=LINE('',#7222,#1504);
#993=LINE('',#7223,#1505);
#994=LINE('',#7225,#1506);
#995=LINE('',#7230,#1507);
#996=LINE('',#7231,#1508);
#997=LINE('',#7233,#1509);
#998=LINE('',#7240,#1510);
#999=LINE('',#7242,#1511);
#1000=LINE('',#7243,#1512);
#1001=LINE('',#7247,#1513);
#1002=LINE('',#7249,#1514);
#1003=LINE('',#7250,#1515);
#1004=LINE('',#7252,#1516);
#1005=LINE('',#7256,#1517);
#1006=LINE('',#7260,#1518);
#1007=LINE('',#7261,#1519);
#1008=LINE('',#7263,#1520);
#1009=LINE('',#7266,#1521);
#1010=LINE('',#7269,#1522);
#1011=LINE('',#7271,#1523);
#1012=LINE('',#7273,#1524);
#1013=LINE('',#7274,#1525);
#1014=LINE('',#7275,#1526);
#1015=LINE('',#7278,#1527);
#1016=LINE('',#7281,#1528);
#1017=LINE('',#7282,#1529);
#1018=LINE('',#7284,#1530);
#1019=LINE('',#7285,#1531);
#1020=LINE('',#7287,#1532);
#1021=LINE('',#7290,#1533);
#1022=LINE('',#7294,#1534);
#1023=LINE('',#7296,#1535);
#1024=LINE('',#7298,#1536);
#1025=LINE('',#7300,#1537);
#1026=LINE('',#7302,#1538);
#1027=LINE('',#7303,#1539);
#1028=LINE('',#7305,#1540);
#1029=LINE('',#7306,#1541);
#1030=LINE('',#7308,#1542);
#1031=LINE('',#7309,#1543);
#1032=LINE('',#7314,#1544);
#1033=LINE('',#7315,#1545);
#1034=LINE('',#7317,#1546);
#1035=LINE('',#7322,#1547);
#1036=LINE('',#7323,#1548);
#1037=LINE('',#7325,#1549);
#1038=LINE('',#7330,#1550);
#1039=LINE('',#7334,#1551);
#1040=LINE('',#7337,#1552);
#1041=LINE('',#7341,#1553);
#1042=LINE('',#7344,#1554);
#1043=LINE('',#7348,#1555);
#1044=LINE('',#7353,#1556);
#1045=LINE('',#7355,#1557);
#1046=LINE('',#7356,#1558);
#1047=LINE('',#7358,#1559);
#1048=LINE('',#7362,#1560);
#1049=LINE('',#7367,#1561);
#1050=LINE('',#7369,#1562);
#1051=LINE('',#7370,#1563);
#1052=LINE('',#7373,#1564);
#1053=LINE('',#7375,#1565);
#1054=LINE('',#7377,#1566);
#1055=LINE('',#7379,#1567);
#1056=LINE('',#7381,#1568);
#1057=LINE('',#7382,#1569);
#1058=LINE('',#7384,#1570);
#1059=LINE('',#7385,#1571);
#1060=LINE('',#7387,#1572);
#1061=LINE('',#7388,#1573);
#1062=LINE('',#7393,#1574);
#1063=LINE('',#7394,#1575);
#1064=LINE('',#7396,#1576);
#1065=LINE('',#7401,#1577);
#1066=LINE('',#7402,#1578);
#1067=LINE('',#7404,#1579);
#1068=LINE('',#7409,#1580);
#1069=LINE('',#7413,#1581);
#1070=LINE('',#7417,#1582);
#1071=LINE('',#7418,#1583);
#1072=LINE('',#7420,#1584);
#1073=LINE('',#7423,#1585);
#1074=LINE('',#7426,#1586);
#1075=LINE('',#7428,#1587);
#1076=LINE('',#7430,#1588);
#1077=LINE('',#7431,#1589);
#1078=LINE('',#7432,#1590);
#1079=LINE('',#7436,#1591);
#1080=LINE('',#7437,#1592);
#1081=LINE('',#7439,#1593);
#1082=LINE('',#7440,#1594);
#1083=LINE('',#7442,#1595);
#1084=LINE('',#7445,#1596);
#1085=LINE('',#7452,#1597);
#1086=LINE('',#7454,#1598);
#1087=LINE('',#7456,#1599);
#1088=LINE('',#7459,#1600);
#1089=LINE('',#7464,#1601);
#1090=LINE('',#7465,#1602);
#1091=LINE('',#7468,#1603);
#1092=LINE('',#7472,#1604);
#1093=LINE('',#7474,#1605);
#1094=LINE('',#7475,#1606);
#1095=LINE('',#7477,#1607);
#1096=LINE('',#7482,#1608);
#1097=LINE('',#7485,#1609);
#1098=LINE('',#7487,#1610);
#1099=LINE('',#7490,#1611);
#1100=LINE('',#7492,#1612);
#1101=LINE('',#7493,#1613);
#1102=LINE('',#7494,#1614);
#1103=LINE('',#7496,#1615);
#1104=LINE('',#7498,#1616);
#1105=LINE('',#7499,#1617);
#1106=LINE('',#7500,#1618);
#1107=LINE('',#7503,#1619);
#1108=LINE('',#7507,#1620);
#1109=LINE('',#7510,#1621);
#1110=LINE('',#7512,#1622);
#1111=LINE('',#7515,#1623);
#1112=LINE('',#7517,#1624);
#1113=LINE('',#7518,#1625);
#1114=LINE('',#7520,#1626);
#1115=LINE('',#7522,#1627);
#1116=LINE('',#7523,#1628);
#1117=LINE('',#7526,#1629);
#1118=LINE('',#7527,#1630);
#1119=LINE('',#7528,#1631);
#1120=LINE('',#7531,#1632);
#1121=LINE('',#7532,#1633);
#1122=LINE('',#7533,#1634);
#1123=LINE('',#7537,#1635);
#1124=LINE('',#7542,#1636);
#1125=LINE('',#7549,#1637);
#1126=LINE('',#7552,#1638);
#1127=LINE('',#7554,#1639);
#1128=LINE('',#7556,#1640);
#1129=LINE('',#7558,#1641);
#1130=LINE('',#7559,#1642);
#1131=LINE('',#7560,#1643);
#1132=LINE('',#7562,#1644);
#1133=LINE('',#7564,#1645);
#1134=LINE('',#7566,#1646);
#1135=LINE('',#7567,#1647);
#1136=LINE('',#7568,#1648);
#1137=LINE('',#7570,#1649);
#1138=LINE('',#7571,#1650);
#1139=LINE('',#7572,#1651);
#1140=LINE('',#7573,#1652);
#1141=LINE('',#7574,#1653);
#1142=LINE('',#7576,#1654);
#1143=LINE('',#7578,#1655);
#1144=LINE('',#7579,#1656);
#1145=LINE('',#7580,#1657);
#1146=LINE('',#7586,#1658);
#1147=LINE('',#7593,#1659);
#1148=LINE('',#7594,#1660);
#1149=LINE('',#7596,#1661);
#1150=LINE('',#7600,#1662);
#1151=LINE('',#7606,#1663);
#1152=LINE('',#7608,#1664);
#1153=LINE('',#7609,#1665);
#1154=LINE('',#7610,#1666);
#1155=LINE('',#7612,#1667);
#1156=LINE('',#7613,#1668);
#1157=LINE('',#7615,#1669);
#1158=LINE('',#7617,#1670);
#1159=LINE('',#7619,#1671);
#1160=LINE('',#7620,#1672);
#1161=LINE('',#7621,#1673);
#1162=LINE('',#7623,#1674);
#1163=LINE('',#7625,#1675);
#1164=LINE('',#7626,#1676);
#1165=LINE('',#7628,#1677);
#1166=LINE('',#7630,#1678);
#1167=LINE('',#7632,#1679);
#1168=LINE('',#7640,#1680);
#1169=LINE('',#7646,#1681);
#1170=LINE('',#7649,#1682);
#1171=LINE('',#7651,#1683);
#1172=LINE('',#7652,#1684);
#1173=LINE('',#7654,#1685);
#1174=LINE('',#7656,#1686);
#1175=LINE('',#7657,#1687);
#1176=LINE('',#7658,#1688);
#1177=LINE('',#7660,#1689);
#1178=LINE('',#7661,#1690);
#1179=LINE('',#7663,#1691);
#1180=LINE('',#7665,#1692);
#1181=LINE('',#7667,#1693);
#1182=LINE('',#7668,#1694);
#1183=LINE('',#7669,#1695);
#1184=LINE('',#7670,#1696);
#1185=LINE('',#7675,#1697);
#1186=LINE('',#7679,#1698);
#1187=LINE('',#7687,#1699);
#1188=LINE('',#7689,#1700);
#1189=LINE('',#7690,#1701);
#1190=LINE('',#7691,#1702);
#1191=LINE('',#7693,#1703);
#1192=LINE('',#7696,#1704);
#1193=LINE('',#7699,#1705);
#1194=LINE('',#7702,#1706);
#1195=LINE('',#7704,#1707);
#1196=LINE('',#7705,#1708);
#1197=LINE('',#7707,#1709);
#1198=LINE('',#7708,#1710);
#1199=LINE('',#7712,#1711);
#1200=LINE('',#7716,#1712);
#1201=LINE('',#7719,#1713);
#1202=LINE('',#7721,#1714);
#1203=LINE('',#7724,#1715);
#1204=LINE('',#7727,#1716);
#1205=LINE('',#7732,#1717);
#1206=LINE('',#7735,#1718);
#1207=LINE('',#7736,#1719);
#1208=LINE('',#7738,#1720);
#1209=LINE('',#7744,#1721);
#1210=LINE('',#7746,#1722);
#1211=LINE('',#7748,#1723);
#1212=LINE('',#7753,#1724);
#1213=LINE('',#7754,#1725);
#1214=LINE('',#7755,#1726);
#1215=LINE('',#7760,#1727);
#1216=LINE('',#7764,#1728);
#1217=LINE('',#7767,#1729);
#1218=LINE('',#7770,#1730);
#1219=LINE('',#7771,#1731);
#1220=LINE('',#7775,#1732);
#1221=LINE('',#7777,#1733);
#1222=LINE('',#7778,#1734);
#1223=LINE('',#7782,#1735);
#1224=LINE('',#7785,#1736);
#1225=LINE('',#7791,#1737);
#1226=LINE('',#7797,#1738);
#1227=LINE('',#7804,#1739);
#1228=LINE('',#7807,#1740);
#1229=LINE('',#7809,#1741);
#1230=LINE('',#7810,#1742);
#1231=LINE('',#7812,#1743);
#1232=LINE('',#7814,#1744);
#1233=LINE('',#7815,#1745);
#1234=LINE('',#7816,#1746);
#1235=LINE('',#7818,#1747);
#1236=LINE('',#7819,#1748);
#1237=LINE('',#7821,#1749);
#1238=LINE('',#7823,#1750);
#1239=LINE('',#7825,#1751);
#1240=LINE('',#7826,#1752);
#1241=LINE('',#7827,#1753);
#1242=LINE('',#7828,#1754);
#1243=LINE('',#7833,#1755);
#1244=LINE('',#7837,#1756);
#1245=LINE('',#7845,#1757);
#1246=LINE('',#7847,#1758);
#1247=LINE('',#7848,#1759);
#1248=LINE('',#7849,#1760);
#1249=LINE('',#7851,#1761);
#1250=LINE('',#7854,#1762);
#1251=LINE('',#7857,#1763);
#1252=LINE('',#7860,#1764);
#1253=LINE('',#7862,#1765);
#1254=LINE('',#7863,#1766);
#1255=LINE('',#7865,#1767);
#1256=LINE('',#7866,#1768);
#1257=LINE('',#7870,#1769);
#1258=LINE('',#7874,#1770);
#1259=LINE('',#7877,#1771);
#1260=LINE('',#7879,#1772);
#1261=LINE('',#7880,#1773);
#1262=LINE('',#7885,#1774);
#1263=LINE('',#7890,#1775);
#1264=LINE('',#7893,#1776);
#1265=LINE('',#7894,#1777);
#1266=LINE('',#7896,#1778);
#1267=LINE('',#7900,#1779);
#1268=LINE('',#7908,#1780);
#1269=LINE('',#7909,#1781);
#1270=LINE('',#7910,#1782);
#1271=LINE('',#7915,#1783);
#1272=LINE('',#7921,#1784);
#1273=LINE('',#7922,#1785);
#1274=LINE('',#7925,#1786);
#1275=LINE('',#7928,#1787);
#1276=LINE('',#7930,#1788);
#1277=LINE('',#7932,#1789);
#1278=LINE('',#7934,#1790);
#1279=LINE('',#7943,#1791);
#1280=LINE('',#7946,#1792);
#1281=LINE('',#7948,#1793);
#1282=LINE('',#7949,#1794);
#1283=LINE('',#7952,#1795);
#1284=LINE('',#7953,#1796);
#1285=LINE('',#7954,#1797);
#1286=LINE('',#7955,#1798);
#1287=LINE('',#7957,#1799);
#1288=LINE('',#7959,#1800);
#1289=LINE('',#7960,#1801);
#1290=LINE('',#7961,#1802);
#1291=LINE('',#7963,#1803);
#1292=LINE('',#7964,#1804);
#1293=LINE('',#7969,#1805);
#1294=LINE('',#7972,#1806);
#1295=LINE('',#7975,#1807);
#1296=LINE('',#7980,#1808);
#1297=LINE('',#7983,#1809);
#1298=LINE('',#7984,#1810);
#1299=LINE('',#7985,#1811);
#1300=LINE('',#7987,#1812);
#1301=LINE('',#7989,#1813);
#1302=LINE('',#7990,#1814);
#1303=LINE('',#7991,#1815);
#1304=LINE('',#7996,#1816);
#1305=LINE('',#8003,#1817);
#1306=LINE('',#8005,#1818);
#1307=LINE('',#8008,#1819);
#1308=LINE('',#8010,#1820);
#1309=LINE('',#8015,#1821);
#1310=LINE('',#8016,#1822);
#1311=LINE('',#8019,#1823);
#1312=LINE('',#8022,#1824);
#1313=LINE('',#8024,#1825);
#1314=LINE('',#8026,#1826);
#1315=LINE('',#8029,#1827);
#1316=LINE('',#8032,#1828);
#1317=LINE('',#8033,#1829);
#1318=LINE('',#8038,#1830);
#1319=LINE('',#8039,#1831);
#1320=LINE('',#8040,#1832);
#1321=LINE('',#8045,#1833);
#1322=LINE('',#8049,#1834);
#1323=LINE('',#8052,#1835);
#1324=LINE('',#8055,#1836);
#1325=LINE('',#8056,#1837);
#1326=LINE('',#8060,#1838);
#1327=LINE('',#8062,#1839);
#1328=LINE('',#8063,#1840);
#1329=LINE('',#8067,#1841);
#1330=LINE('',#8069,#1842);
#1331=LINE('',#8071,#1843);
#1332=LINE('',#8077,#1844);
#1333=LINE('',#8079,#1845);
#1334=LINE('',#8082,#1846);
#1335=LINE('',#8084,#1847);
#1336=LINE('',#8089,#1848);
#1337=LINE('',#8090,#1849);
#1338=LINE('',#8093,#1850);
#1339=LINE('',#8096,#1851);
#1340=LINE('',#8098,#1852);
#1341=LINE('',#8100,#1853);
#1342=LINE('',#8103,#1854);
#1343=VECTOR('',#5324,0.364894038785103);
#1344=VECTOR('',#5327,0.119323595065403);
#1345=VECTOR('',#5328,0.150000000000004);
#1346=VECTOR('',#5331,0.364894038785103);
#1347=VECTOR('',#5334,0.149999999999998);
#1348=VECTOR('',#5337,0.364894038785103);
#1349=VECTOR('',#5340,0.119323595065403);
#1350=VECTOR('',#5341,0.150000000000004);
#1351=VECTOR('',#5344,0.364894038785103);
#1352=VECTOR('',#5347,0.15);
#1353=VECTOR('',#5350,0.3493235950654);
#1354=VECTOR('',#5351,0.15);
#1355=VECTOR('',#5352,0.364894038785103);
#1356=VECTOR('',#5353,0.150000000000001);
#1357=VECTOR('',#5358,0.15);
#1358=VECTOR('',#5359,0.15);
#1359=VECTOR('',#5364,0.15);
#1360=VECTOR('',#5365,0.15);
#1361=VECTOR('',#5368,0.15);
#1362=VECTOR('',#5369,0.3493235950654);
#1363=VECTOR('',#5370,0.150000000000001);
#1364=VECTOR('',#5371,0.364894038785103);
#1365=VECTOR('',#5374,0.2751165012745);
#1366=VECTOR('',#5375,0.15);
#1367=VECTOR('',#5380,0.2751165012745);
#1368=VECTOR('',#5381,0.15);
#1369=VECTOR('',#5388,0.2751165012745);
#1370=VECTOR('',#5389,0.15);
#1371=VECTOR('',#5392,0.364894038785103);
#1372=VECTOR('',#5395,0.119323595065396);
#1373=VECTOR('',#5396,0.149999999999996);
#1374=VECTOR('',#5399,0.364894038785103);
#1375=VECTOR('',#5402,0.150000000000002);
#1376=VECTOR('',#5407,0.150000000000002);
#1377=VECTOR('',#5408,0.15);
#1378=VECTOR('',#5413,0.150000000000002);
#1379=VECTOR('',#5414,0.15);
#1380=VECTOR('',#5417,0.150000000000002);
#1381=VECTOR('',#5418,0.349323595065405);
#1382=VECTOR('',#5419,0.150000000000001);
#1383=VECTOR('',#5420,0.364894038785103);
#1384=VECTOR('',#5423,0.349323595065405);
#1385=VECTOR('',#5424,0.150000000000002);
#1386=VECTOR('',#5425,0.364894038785103);
#1387=VECTOR('',#5426,0.150000000000001);
#1388=VECTOR('',#5431,0.15);
#1389=VECTOR('',#5432,0.2751165012745);
#1390=VECTOR('',#5435,0.2751165012745);
#1391=VECTOR('',#5436,0.15);
#1392=VECTOR('',#5441,0.364894038785103);
#1393=VECTOR('',#5444,0.119323595065403);
#1394=VECTOR('',#5445,0.150000000000004);
#1395=VECTOR('',#5448,0.364894038785103);
#1396=VECTOR('',#5451,0.149999999999996);
#1397=VECTOR('',#5456,0.149999999999996);
#1398=VECTOR('',#5457,0.15);
#1399=VECTOR('',#5462,0.149999999999996);
#1400=VECTOR('',#5463,0.15);
#1401=VECTOR('',#5466,0.149999999999996);
#1402=VECTOR('',#5467,0.349323595065391);
#1403=VECTOR('',#5468,0.150000000000001);
#1404=VECTOR('',#5469,0.364894038785103);
#1405=VECTOR('',#5472,0.349323595065391);
#1406=VECTOR('',#5473,0.149999999999996);
#1407=VECTOR('',#5474,0.364894038785103);
#1408=VECTOR('',#5475,0.150000000000001);
#1409=VECTOR('',#5478,0.2751165012745);
#1410=VECTOR('',#5481,0.15);
#1411=VECTOR('',#5486,0.2751165012745);
#1412=VECTOR('',#5487,0.15);
#1413=VECTOR('',#5492,0.2751165012745);
#1414=VECTOR('',#5493,0.15);
#1415=VECTOR('',#5496,0.349323595065395);
#1416=VECTOR('',#5497,0.149999999999998);
#1417=VECTOR('',#5498,0.364894038785103);
#1418=VECTOR('',#5499,0.150000000000001);
#1419=VECTOR('',#5502,0.149999999999998);
#1420=VECTOR('',#5503,0.349323595065395);
#1421=VECTOR('',#5504,0.150000000000001);
#1422=VECTOR('',#5505,0.364894038785103);
#1423=VECTOR('',#5510,0.149999999999998);
#1424=VECTOR('',#5511,0.15);
#1425=VECTOR('',#5516,0.149999999999998);
#1426=VECTOR('',#5517,0.15);
#1427=VECTOR('',#5520,0.150000000000004);
#1428=VECTOR('',#5523,0.364894038785103);
#1429=VECTOR('',#5528,0.119323595065403);
#1430=VECTOR('',#5529,0.364894038785103);
#1431=VECTOR('',#5532,0.150000000000004);
#1432=VECTOR('',#5535,0.364894038785103);
#1433=VECTOR('',#5540,0.119323595065403);
#1434=VECTOR('',#5541,0.364894038785103);
#1435=VECTOR('',#5544,0.149999999999996);
#1436=VECTOR('',#5547,0.364894038785103);
#1437=VECTOR('',#5552,0.119323595065396);
#1438=VECTOR('',#5553,0.364894038785103);
#1439=VECTOR('',#5556,0.150000000000004);
#1440=VECTOR('',#5559,0.364894038785103);
#1441=VECTOR('',#5564,0.119323595065403);
#1442=VECTOR('',#5565,0.364894038785103);
#1443=VECTOR('',#5568,0.364894038785103);
#1444=VECTOR('',#5571,0.0900000000000025);
#1445=VECTOR('',#5574,0.119323595065403);
#1446=VECTOR('',#5575,0.150000000000004);
#1447=VECTOR('',#5578,0.364894038785103);
#1448=VECTOR('',#5581,0.15);
#1449=VECTOR('',#5584,0.364894038785103);
#1450=VECTOR('',#5585,0.150000000000001);
#1451=VECTOR('',#5586,0.364894038785103);
#1452=VECTOR('',#5587,0.150000000000001);
#1453=VECTOR('',#5588,0.3493235950654);
#1454=VECTOR('',#5593,0.3493235950654);
#1455=VECTOR('',#5594,0.15);
#1456=VECTOR('',#5595,0.3493235950654);
#1457=VECTOR('',#5596,0.3493235950654);
#1458=VECTOR('',#5599,0.3493235950654);
#1459=VECTOR('',#5604,0.3493235950654);
#1460=VECTOR('',#5611,0.119323595065403);
#1461=VECTOR('',#5614,0.3493235950654);
#1462=VECTOR('',#5615,0.150000000000001);
#1463=VECTOR('',#5616,0.364894038785103);
#1464=VECTOR('',#5617,0.150000000000001);
#1465=VECTOR('',#5618,0.364894038785103);
#1466=VECTOR('',#5621,0.364894038785103);
#1467=VECTOR('',#5622,0.150000000000004);
#1468=VECTOR('',#5625,0.364894038785103);
#1469=VECTOR('',#5626,0.15);
#1470=VECTOR('',#5631,0.3493235950654);
#1471=VECTOR('',#5632,0.15);
#1472=VECTOR('',#5635,0.3493235950654);
#1473=VECTOR('',#5642,0.3493235950654);
#1474=VECTOR('',#5643,0.150000000000001);
#1475=VECTOR('',#5646,0.15);
#1476=VECTOR('',#5655,0.364894038785103);
#1477=VECTOR('',#5658,0.0899999999999973);
#1478=VECTOR('',#5661,0.119323595065396);
#1479=VECTOR('',#5662,0.149999999999996);
#1480=VECTOR('',#5665,0.364894038785103);
#1481=VECTOR('',#5666,0.150000000000001);
#1482=VECTOR('',#5667,0.364894038785103);
#1483=VECTOR('',#5668,0.150000000000001);
#1484=VECTOR('',#5669,0.349323595065405);
#1485=VECTOR('',#5672,0.364894038785103);
#1486=VECTOR('',#5675,0.150000000000002);
#1487=VECTOR('',#5678,0.349323595065405);
#1488=VECTOR('',#5683,0.349323595065405);
#1489=VECTOR('',#5684,0.150000000000002);
#1490=VECTOR('',#5685,0.349323595065405);
#1491=VECTOR('',#5686,0.349323595065405);
#1492=VECTOR('',#5689,0.349323595065405);
#1493=VECTOR('',#5694,0.349323595065405);
#1494=VECTOR('',#5701,0.119323595065396);
#1495=VECTOR('',#5704,0.349323595065405);
#1496=VECTOR('',#5705,0.150000000000001);
#1497=VECTOR('',#5706,0.364894038785103);
#1498=VECTOR('',#5707,0.150000000000001);
#1499=VECTOR('',#5708,0.364894038785103);
#1500=VECTOR('',#5711,0.364894038785103);
#1501=VECTOR('',#5712,0.149999999999996);
#1502=VECTOR('',#5715,0.364894038785103);
#1503=VECTOR('',#5716,0.150000000000002);
#1504=VECTOR('',#5721,0.349323595065405);
#1505=VECTOR('',#5722,0.150000000000002);
#1506=VECTOR('',#5725,0.349323595065405);
#1507=VECTOR('',#5732,0.349323595065405);
#1508=VECTOR('',#5733,0.150000000000001);
#1509=VECTOR('',#5736,0.150000000000002);
#1510=VECTOR('',#5747,0.2751165012745);
#1511=VECTOR('',#5748,0.15);
#1512=VECTOR('',#5749,0.2751165012745);
#1513=VECTOR('',#5754,0.2751165012745);
#1514=VECTOR('',#5755,0.15);
#1515=VECTOR('',#5756,0.2751165012745);
#1516=VECTOR('',#5759,0.364894038785103);
#1517=VECTOR('',#5762,0.0900000000000025);
#1518=VECTOR('',#5765,0.119323595065403);
#1519=VECTOR('',#5766,0.150000000000004);
#1520=VECTOR('',#5769,0.364894038785103);
#1521=VECTOR('',#5772,0.149999999999996);
#1522=VECTOR('',#5775,0.364894038785103);
#1523=VECTOR('',#5776,0.150000000000001);
#1524=VECTOR('',#5777,0.364894038785103);
#1525=VECTOR('',#5778,0.150000000000001);
#1526=VECTOR('',#5779,0.349323595065391);
#1527=VECTOR('',#5782,0.349323595065391);
#1528=VECTOR('',#5787,0.349323595065391);
#1529=VECTOR('',#5788,0.149999999999996);
#1530=VECTOR('',#5789,0.349323595065391);
#1531=VECTOR('',#5790,0.349323595065391);
#1532=VECTOR('',#5793,0.349323595065391);
#1533=VECTOR('',#5798,0.349323595065391);
#1534=VECTOR('',#5805,0.119323595065403);
#1535=VECTOR('',#5808,0.349323595065391);
#1536=VECTOR('',#5809,0.150000000000001);
#1537=VECTOR('',#5810,0.364894038785103);
#1538=VECTOR('',#5811,0.150000000000001);
#1539=VECTOR('',#5812,0.364894038785103);
#1540=VECTOR('',#5815,0.364894038785103);
#1541=VECTOR('',#5816,0.150000000000004);
#1542=VECTOR('',#5819,0.364894038785103);
#1543=VECTOR('',#5820,0.149999999999996);
#1544=VECTOR('',#5825,0.349323595065391);
#1545=VECTOR('',#5826,0.149999999999996);
#1546=VECTOR('',#5829,0.349323595065391);
#1547=VECTOR('',#5836,0.349323595065391);
#1548=VECTOR('',#5837,0.150000000000001);
#1549=VECTOR('',#5840,0.149999999999996);
#1550=VECTOR('',#5849,0.2751165012745);
#1551=VECTOR('',#5852,0.150000000000002);
#1552=VECTOR('',#5857,0.2751165012745);
#1553=VECTOR('',#5860,0.150000000000002);
#1554=VECTOR('',#5865,0.2751165012745);
#1555=VECTOR('',#5868,0.150000000000002);
#1556=VECTOR('',#5875,0.2751165012745);
#1557=VECTOR('',#5876,0.15);
#1558=VECTOR('',#5877,0.2751165012745);
#1559=VECTOR('',#5880,0.2751165012745);
#1560=VECTOR('',#5883,0.150000000000002);
#1561=VECTOR('',#5890,0.2751165012745);
#1562=VECTOR('',#5891,0.15);
#1563=VECTOR('',#5892,0.2751165012745);
#1564=VECTOR('',#5897,0.119323595065403);
#1565=VECTOR('',#5900,0.349323595065395);
#1566=VECTOR('',#5901,0.150000000000001);
#1567=VECTOR('',#5902,0.364894038785103);
#1568=VECTOR('',#5903,0.150000000000001);
#1569=VECTOR('',#5904,0.364894038785103);
#1570=VECTOR('',#5907,0.364894038785103);
#1571=VECTOR('',#5908,0.150000000000004);
#1572=VECTOR('',#5911,0.364894038785103);
#1573=VECTOR('',#5912,0.149999999999998);
#1574=VECTOR('',#5917,0.349323595065395);
#1575=VECTOR('',#5918,0.149999999999998);
#1576=VECTOR('',#5921,0.349323595065395);
#1577=VECTOR('',#5928,0.349323595065395);
#1578=VECTOR('',#5929,0.150000000000001);
#1579=VECTOR('',#5932,0.149999999999998);
#1580=VECTOR('',#5941,0.364894038785103);
#1581=VECTOR('',#5944,0.0900000000000025);
#1582=VECTOR('',#5947,0.119323595065403);
#1583=VECTOR('',#5948,0.150000000000004);
#1584=VECTOR('',#5951,0.364894038785103);
#1585=VECTOR('',#5954,0.149999999999998);
#1586=VECTOR('',#5957,0.364894038785103);
#1587=VECTOR('',#5958,0.150000000000001);
#1588=VECTOR('',#5959,0.364894038785103);
#1589=VECTOR('',#5960,0.150000000000001);
#1590=VECTOR('',#5961,0.349323595065395);
#1591=VECTOR('',#5966,0.349323595065395);
#1592=VECTOR('',#5967,0.149999999999998);
#1593=VECTOR('',#5968,0.349323595065395);
#1594=VECTOR('',#5969,0.349323595065395);
#1595=VECTOR('',#5972,0.349323595065395);
#1596=VECTOR('',#5977,0.349323595065395);
#1597=VECTOR('',#5984,0.129716126486393);
#1598=VECTOR('',#5985,1.7);
#1599=VECTOR('',#5986,0.129716126486393);
#1600=VECTOR('',#5989,1.4);
#1601=VECTOR('',#5994,0.149999999999991);
#1602=VECTOR('',#5995,0.149999999999991);
#1603=VECTOR('',#5998,1.4);
#1604=VECTOR('',#6001,0.129716126486393);
#1605=VECTOR('',#6002,1.7);
#1606=VECTOR('',#6003,0.129716126486393);
#1607=VECTOR('',#6006,0.149999999999991);
#1608=VECTOR('',#6011,0.150000000000001);
#1609=VECTOR('',#6016,0.8);
#1610=VECTOR('',#6019,0.45);
#1611=VECTOR('',#6022,0.45);
#1612=VECTOR('',#6025,0.349323595065395);
#1613=VECTOR('',#6026,0.349323595065395);
#1614=VECTOR('',#6027,0.8);
#1615=VECTOR('',#6030,0.349323595065395);
#1616=VECTOR('',#6033,0.8);
#1617=VECTOR('',#6034,0.349323595065395);
#1618=VECTOR('',#6035,0.8);
#1619=VECTOR('',#6040,0.8);
#1620=VECTOR('',#6047,0.150000000000001);
#1621=VECTOR('',#6050,0.45);
#1622=VECTOR('',#6053,0.45);
#1623=VECTOR('',#6058,0.364894038785103);
#1624=VECTOR('',#6061,0.8);
#1625=VECTOR('',#6062,0.364894038785103);
#1626=VECTOR('',#6063,0.444213076225204);
#1627=VECTOR('',#6064,1.7);
#1628=VECTOR('',#6065,0.444213076225204);
#1629=VECTOR('',#6068,0.444213076225204);
#1630=VECTOR('',#6069,0.150000000000001);
#1631=VECTOR('',#6070,0.150000000000001);
#1632=VECTOR('',#6073,1.7);
#1633=VECTOR('',#6074,0.444213076225204);
#1634=VECTOR('',#6075,0.8);
#1635=VECTOR('',#6082,0.150000000000001);
#1636=VECTOR('',#6091,1.7);
#1637=VECTOR('',#6100,0.150000000000002);
#1638=VECTOR('',#6105,0.2751165012745);
#1639=VECTOR('',#6108,1.7);
#1640=VECTOR('',#6109,0.2751165012745);
#1641=VECTOR('',#6110,1.6);
#1642=VECTOR('',#6111,0.2751165012745);
#1643=VECTOR('',#6112,1.7);
#1644=VECTOR('',#6113,0.2751165012745);
#1645=VECTOR('',#6114,0.75);
#1646=VECTOR('',#6115,0.8);
#1647=VECTOR('',#6116,0.75);
#1648=VECTOR('',#6117,1.7);
#1649=VECTOR('',#6118,0.2751165012745);
#1650=VECTOR('',#6119,1.6);
#1651=VECTOR('',#6120,0.2751165012745);
#1652=VECTOR('',#6121,1.7);
#1653=VECTOR('',#6122,0.2751165012745);
#1654=VECTOR('',#6123,0.75);
#1655=VECTOR('',#6124,0.8);
#1656=VECTOR('',#6125,0.75);
#1657=VECTOR('',#6126,0.2751165012745);
#1658=VECTOR('',#6131,1.7);
#1659=VECTOR('',#6140,0.150000000000001);
#1660=VECTOR('',#6141,0.150000000000002);
#1661=VECTOR('',#6144,1.7);
#1662=VECTOR('',#6149,1.7);
#1663=VECTOR('',#6158,0.75);
#1664=VECTOR('',#6159,0.8);
#1665=VECTOR('',#6160,0.75);
#1666=VECTOR('',#6161,1.7);
#1667=VECTOR('',#6162,1.6);
#1668=VECTOR('',#6163,0.2751165012745);
#1669=VECTOR('',#6164,0.75);
#1670=VECTOR('',#6165,0.8);
#1671=VECTOR('',#6166,0.75);
#1672=VECTOR('',#6167,0.2751165012745);
#1673=VECTOR('',#6168,1.7);
#1674=VECTOR('',#6169,0.2751165012745);
#1675=VECTOR('',#6170,1.6);
#1676=VECTOR('',#6171,0.2751165012745);
#1677=VECTOR('',#6174,0.15);
#1678=VECTOR('',#6177,0.15);
#1679=VECTOR('',#6180,0.15);
#1680=VECTOR('',#6191,1.7);
#1681=VECTOR('',#6200,0.150000000000001);
#1682=VECTOR('',#6203,0.444213076225204);
#1683=VECTOR('',#6204,0.444213076225204);
#1684=VECTOR('',#6205,0.150000000000001);
#1685=VECTOR('',#6208,0.8);
#1686=VECTOR('',#6209,0.45);
#1687=VECTOR('',#6210,0.444213076225204);
#1688=VECTOR('',#6211,0.45);
#1689=VECTOR('',#6214,0.150000000000001);
#1690=VECTOR('',#6215,0.364894038785103);
#1691=VECTOR('',#6218,0.45);
#1692=VECTOR('',#6219,1.7);
#1693=VECTOR('',#6220,0.444213076225204);
#1694=VECTOR('',#6221,0.45);
#1695=VECTOR('',#6222,0.364894038785103);
#1696=VECTOR('',#6223,0.8);
#1697=VECTOR('',#6232,0.8);
#1698=VECTOR('',#6235,1.7);
#1699=VECTOR('',#6250,0.8);
#1700=VECTOR('',#6253,0.349323595065391);
#1701=VECTOR('',#6254,0.349323595065391);
#1702=VECTOR('',#6255,0.349323595065391);
#1703=VECTOR('',#6258,0.8);
#1704=VECTOR('',#6263,0.150000000000004);
#1705=VECTOR('',#6266,0.8);
#1706=VECTOR('',#6271,0.150000000000004);
#1707=VECTOR('',#6274,0.8);
#1708=VECTOR('',#6275,0.8);
#1709=VECTOR('',#6278,0.8);
#1710=VECTOR('',#6279,0.119323595065403);
#1711=VECTOR('',#6284,0.8);
#1712=VECTOR('',#6289,0.119323595065403);
#1713=VECTOR('',#6292,0.0900000000000025);
#1714=VECTOR('',#6295,0.8);
#1715=VECTOR('',#6300,0.8);
#1716=VECTOR('',#6305,0.8);
#1717=VECTOR('',#6310,1.7);
#1718=VECTOR('',#6315,0.149999999999991);
#1719=VECTOR('',#6316,0.150000000000001);
#1720=VECTOR('',#6319,0.150000000000001);
#1721=VECTOR('',#6330,0.15);
#1722=VECTOR('',#6333,0.15);
#1723=VECTOR('',#6336,0.15);
#1724=VECTOR('',#6341,0.149999999999991);
#1725=VECTOR('',#6342,0.129716126486393);
#1726=VECTOR('',#6343,0.129716126486393);
#1727=VECTOR('',#6348,0.149999999999991);
#1728=VECTOR('',#6353,0.129716126486393);
#1729=VECTOR('',#6356,1.4);
#1730=VECTOR('',#6359,0.149999999999991);
#1731=VECTOR('',#6360,1.4);
#1732=VECTOR('',#6365,0.129716126486393);
#1733=VECTOR('',#6368,0.149999999999991);
#1734=VECTOR('',#6369,0.149999999999991);
#1735=VECTOR('',#6376,0.15);
#1736=VECTOR('',#6381,0.15);
#1737=VECTOR('',#6388,0.150000000000002);
#1738=VECTOR('',#6395,1.7);
#1739=VECTOR('',#6404,0.150000000000001);
#1740=VECTOR('',#6407,0.444213076225204);
#1741=VECTOR('',#6408,0.444213076225204);
#1742=VECTOR('',#6409,0.150000000000001);
#1743=VECTOR('',#6412,0.8);
#1744=VECTOR('',#6413,0.45);
#1745=VECTOR('',#6414,0.444213076225204);
#1746=VECTOR('',#6415,0.45);
#1747=VECTOR('',#6418,0.150000000000001);
#1748=VECTOR('',#6419,0.364894038785103);
#1749=VECTOR('',#6422,0.45);
#1750=VECTOR('',#6423,1.7);
#1751=VECTOR('',#6424,0.444213076225204);
#1752=VECTOR('',#6425,0.45);
#1753=VECTOR('',#6426,0.364894038785103);
#1754=VECTOR('',#6427,0.8);
#1755=VECTOR('',#6436,0.8);
#1756=VECTOR('',#6439,1.7);
#1757=VECTOR('',#6454,0.8);
#1758=VECTOR('',#6457,0.349323595065405);
#1759=VECTOR('',#6458,0.349323595065405);
#1760=VECTOR('',#6459,0.349323595065405);
#1761=VECTOR('',#6462,0.8);
#1762=VECTOR('',#6467,0.149999999999996);
#1763=VECTOR('',#6470,0.8);
#1764=VECTOR('',#6475,0.149999999999996);
#1765=VECTOR('',#6478,0.8);
#1766=VECTOR('',#6479,0.8);
#1767=VECTOR('',#6482,0.8);
#1768=VECTOR('',#6483,0.119323595065396);
#1769=VECTOR('',#6488,0.8);
#1770=VECTOR('',#6493,0.119323595065396);
#1771=VECTOR('',#6496,0.0899999999999973);
#1772=VECTOR('',#6499,0.8);
#1773=VECTOR('',#6500,0.8);
#1774=VECTOR('',#6509,0.8);
#1775=VECTOR('',#6514,1.7);
#1776=VECTOR('',#6519,0.149999999999991);
#1777=VECTOR('',#6520,0.150000000000001);
#1778=VECTOR('',#6523,0.150000000000001);
#1779=VECTOR('',#6528,0.150000000000002);
#1780=VECTOR('',#6539,0.149999999999991);
#1781=VECTOR('',#6540,0.129716126486393);
#1782=VECTOR('',#6541,0.129716126486393);
#1783=VECTOR('',#6546,0.149999999999991);
#1784=VECTOR('',#6553,1.4);
#1785=VECTOR('',#6554,0.129716126486393);
#1786=VECTOR('',#6557,0.149999999999991);
#1787=VECTOR('',#6560,0.149999999999991);
#1788=VECTOR('',#6563,1.4);
#1789=VECTOR('',#6566,0.129716126486393);
#1790=VECTOR('',#6569,0.149999999999991);
#1791=VECTOR('',#6586,0.150000000000001);
#1792=VECTOR('',#6589,0.444213076225204);
#1793=VECTOR('',#6590,0.444213076225204);
#1794=VECTOR('',#6591,0.150000000000001);
#1795=VECTOR('',#6594,0.45);
#1796=VECTOR('',#6595,0.444213076225204);
#1797=VECTOR('',#6596,0.45);
#1798=VECTOR('',#6597,0.8);
#1799=VECTOR('',#6600,0.364894038785103);
#1800=VECTOR('',#6603,0.8);
#1801=VECTOR('',#6604,0.364894038785103);
#1802=VECTOR('',#6605,0.45);
#1803=VECTOR('',#6606,0.444213076225204);
#1804=VECTOR('',#6607,0.45);
#1805=VECTOR('',#6612,1.7);
#1806=VECTOR('',#6617,0.8);
#1807=VECTOR('',#6622,0.8);
#1808=VECTOR('',#6627,1.7);
#1809=VECTOR('',#6632,0.3493235950654);
#1810=VECTOR('',#6633,0.3493235950654);
#1811=VECTOR('',#6634,0.8);
#1812=VECTOR('',#6637,0.3493235950654);
#1813=VECTOR('',#6640,0.8);
#1814=VECTOR('',#6641,0.3493235950654);
#1815=VECTOR('',#6642,0.8);
#1816=VECTOR('',#6651,0.150000000000001);
#1817=VECTOR('',#6662,0.150000000000004);
#1818=VECTOR('',#6665,0.8);
#1819=VECTOR('',#6670,0.150000000000004);
#1820=VECTOR('',#6673,0.119323595065403);
#1821=VECTOR('',#6680,0.8);
#1822=VECTOR('',#6681,0.8);
#1823=VECTOR('',#6684,0.119323595065403);
#1824=VECTOR('',#6687,0.0900000000000025);
#1825=VECTOR('',#6690,0.8);
#1826=VECTOR('',#6693,0.8);
#1827=VECTOR('',#6698,0.8);
#1828=VECTOR('',#6703,0.149999999999991);
#1829=VECTOR('',#6704,0.150000000000001);
#1830=VECTOR('',#6709,0.149999999999991);
#1831=VECTOR('',#6710,0.129716126486393);
#1832=VECTOR('',#6711,0.129716126486393);
#1833=VECTOR('',#6716,0.149999999999991);
#1834=VECTOR('',#6721,0.129716126486393);
#1835=VECTOR('',#6724,1.4);
#1836=VECTOR('',#6727,0.149999999999991);
#1837=VECTOR('',#6728,1.4);
#1838=VECTOR('',#6733,0.129716126486393);
#1839=VECTOR('',#6736,0.149999999999991);
#1840=VECTOR('',#6737,0.149999999999991);
#1841=VECTOR('',#6744,0.149999999999991);
#1842=VECTOR('',#6747,0.149999999999991);
#1843=VECTOR('',#6750,0.149999999999991);
#1844=VECTOR('',#6759,0.150000000000004);
#1845=VECTOR('',#6762,0.8);
#1846=VECTOR('',#6767,0.150000000000004);
#1847=VECTOR('',#6770,0.119323595065403);
#1848=VECTOR('',#6777,0.8);
#1849=VECTOR('',#6778,0.8);
#1850=VECTOR('',#6781,0.119323595065403);
#1851=VECTOR('',#6784,0.0900000000000025);
#1852=VECTOR('',#6787,0.8);
#1853=VECTOR('',#6790,0.8);
#1854=VECTOR('',#6795,0.8);
#1855=VERTEX_POINT('',#6800);
#1856=VERTEX_POINT('',#6801);
#1857=VERTEX_POINT('',#6803);
#1858=VERTEX_POINT('',#6805);
#1859=VERTEX_POINT('',#6809);
#1860=VERTEX_POINT('',#6811);
#1861=VERTEX_POINT('',#6815);
#1862=VERTEX_POINT('',#6816);
#1863=VERTEX_POINT('',#6818);
#1864=VERTEX_POINT('',#6820);
#1865=VERTEX_POINT('',#6824);
#1866=VERTEX_POINT('',#6826);
#1867=VERTEX_POINT('',#6830);
#1868=VERTEX_POINT('',#6833);
#1869=VERTEX_POINT('',#6837);
#1870=VERTEX_POINT('',#6838);
#1871=VERTEX_POINT('',#6840);
#1872=VERTEX_POINT('',#6844);
#1873=VERTEX_POINT('',#6845);
#1874=VERTEX_POINT('',#6847);
#1875=VERTEX_POINT('',#6851);
#1876=VERTEX_POINT('',#6852);
#1877=VERTEX_POINT('',#6854);
#1878=VERTEX_POINT('',#6856);
#1879=VERTEX_POINT('',#6860);
#1880=VERTEX_POINT('',#6861);
#1881=VERTEX_POINT('',#6863);
#1882=VERTEX_POINT('',#6867);
#1883=VERTEX_POINT('',#6868);
#1884=VERTEX_POINT('',#6870);
#1885=VERTEX_POINT('',#6874);
#1886=VERTEX_POINT('',#6875);
#1887=VERTEX_POINT('',#6877);
#1888=VERTEX_POINT('',#6881);
#1889=VERTEX_POINT('',#6882);
#1890=VERTEX_POINT('',#6884);
#1891=VERTEX_POINT('',#6886);
#1892=VERTEX_POINT('',#6890);
#1893=VERTEX_POINT('',#6892);
#1894=VERTEX_POINT('',#6896);
#1895=VERTEX_POINT('',#6897);
#1896=VERTEX_POINT('',#6899);
#1897=VERTEX_POINT('',#6903);
#1898=VERTEX_POINT('',#6904);
#1899=VERTEX_POINT('',#6906);
#1900=VERTEX_POINT('',#6910);
#1901=VERTEX_POINT('',#6911);
#1902=VERTEX_POINT('',#6913);
#1903=VERTEX_POINT('',#6915);
#1904=VERTEX_POINT('',#6919);
#1905=VERTEX_POINT('',#6922);
#1906=VERTEX_POINT('',#6926);
#1907=VERTEX_POINT('',#6927);
#1908=VERTEX_POINT('',#6929);
#1909=VERTEX_POINT('',#6933);
#1910=VERTEX_POINT('',#6934);
#1911=VERTEX_POINT('',#6936);
#1912=VERTEX_POINT('',#6940);
#1913=VERTEX_POINT('',#6941);
#1914=VERTEX_POINT('',#6943);
#1915=VERTEX_POINT('',#6945);
#1916=VERTEX_POINT('',#6949);
#1917=VERTEX_POINT('',#6951);
#1918=VERTEX_POINT('',#6955);
#1919=VERTEX_POINT('',#6956);
#1920=VERTEX_POINT('',#6958);
#1921=VERTEX_POINT('',#6962);
#1922=VERTEX_POINT('',#6963);
#1923=VERTEX_POINT('',#6965);
#1924=VERTEX_POINT('',#6969);
#1925=VERTEX_POINT('',#6970);
#1926=VERTEX_POINT('',#6972);
#1927=VERTEX_POINT('',#6974);
#1928=VERTEX_POINT('',#6978);
#1929=VERTEX_POINT('',#6981);
#1930=VERTEX_POINT('',#6985);
#1931=VERTEX_POINT('',#6986);
#1932=VERTEX_POINT('',#6988);
#1933=VERTEX_POINT('',#6992);
#1934=VERTEX_POINT('',#6993);
#1935=VERTEX_POINT('',#6995);
#1936=VERTEX_POINT('',#6999);
#1937=VERTEX_POINT('',#7000);
#1938=VERTEX_POINT('',#7002);
#1939=VERTEX_POINT('',#7006);
#1940=VERTEX_POINT('',#7009);
#1941=VERTEX_POINT('',#7013);
#1942=VERTEX_POINT('',#7014);
#1943=VERTEX_POINT('',#7016);
#1944=VERTEX_POINT('',#7018);
#1945=VERTEX_POINT('',#7022);
#1946=VERTEX_POINT('',#7023);
#1947=VERTEX_POINT('',#7025);
#1948=VERTEX_POINT('',#7029);
#1949=VERTEX_POINT('',#7030);
#1950=VERTEX_POINT('',#7032);
#1951=VERTEX_POINT('',#7036);
#1952=VERTEX_POINT('',#7037);
#1953=VERTEX_POINT('',#7042);
#1954=VERTEX_POINT('',#7043);
#1955=VERTEX_POINT('',#7048);
#1956=VERTEX_POINT('',#7049);
#1957=VERTEX_POINT('',#7054);
#1958=VERTEX_POINT('',#7055);
#1959=VERTEX_POINT('',#7060);
#1960=VERTEX_POINT('',#7061);
#1961=VERTEX_POINT('',#7066);
#1962=VERTEX_POINT('',#7067);
#1963=VERTEX_POINT('',#7072);
#1964=VERTEX_POINT('',#7073);
#1965=VERTEX_POINT('',#7078);
#1966=VERTEX_POINT('',#7079);
#1967=VERTEX_POINT('',#7085);
#1968=VERTEX_POINT('',#7087);
#1969=VERTEX_POINT('',#7089);
#1970=VERTEX_POINT('',#7091);
#1971=VERTEX_POINT('',#7096);
#1972=VERTEX_POINT('',#7100);
#1973=VERTEX_POINT('',#7102);
#1974=VERTEX_POINT('',#7104);
#1975=VERTEX_POINT('',#7109);
#1976=VERTEX_POINT('',#7113);
#1977=VERTEX_POINT('',#7127);
#1978=VERTEX_POINT('',#7129);
#1979=VERTEX_POINT('',#7131);
#1980=VERTEX_POINT('',#7141);
#1981=VERTEX_POINT('',#7143);
#1982=VERTEX_POINT('',#7151);
#1983=VERTEX_POINT('',#7161);
#1984=VERTEX_POINT('',#7163);
#1985=VERTEX_POINT('',#7165);
#1986=VERTEX_POINT('',#7167);
#1987=VERTEX_POINT('',#7171);
#1988=VERTEX_POINT('',#7173);
#1989=VERTEX_POINT('',#7175);
#1990=VERTEX_POINT('',#7181);
#1991=VERTEX_POINT('',#7185);
#1992=VERTEX_POINT('',#7191);
#1993=VERTEX_POINT('',#7205);
#1994=VERTEX_POINT('',#7207);
#1995=VERTEX_POINT('',#7209);
#1996=VERTEX_POINT('',#7219);
#1997=VERTEX_POINT('',#7221);
#1998=VERTEX_POINT('',#7229);
#1999=VERTEX_POINT('',#7239);
#2000=VERTEX_POINT('',#7241);
#2001=VERTEX_POINT('',#7246);
#2002=VERTEX_POINT('',#7248);
#2003=VERTEX_POINT('',#7253);
#2004=VERTEX_POINT('',#7255);
#2005=VERTEX_POINT('',#7257);
#2006=VERTEX_POINT('',#7259);
#2007=VERTEX_POINT('',#7264);
#2008=VERTEX_POINT('',#7268);
#2009=VERTEX_POINT('',#7270);
#2010=VERTEX_POINT('',#7272);
#2011=VERTEX_POINT('',#7277);
#2012=VERTEX_POINT('',#7283);
#2013=VERTEX_POINT('',#7297);
#2014=VERTEX_POINT('',#7299);
#2015=VERTEX_POINT('',#7301);
#2016=VERTEX_POINT('',#7311);
#2017=VERTEX_POINT('',#7313);
#2018=VERTEX_POINT('',#7321);
#2019=VERTEX_POINT('',#7331);
#2020=VERTEX_POINT('',#7333);
#2021=VERTEX_POINT('',#7338);
#2022=VERTEX_POINT('',#7340);
#2023=VERTEX_POINT('',#7345);
#2024=VERTEX_POINT('',#7347);
#2025=VERTEX_POINT('',#7352);
#2026=VERTEX_POINT('',#7354);
#2027=VERTEX_POINT('',#7359);
#2028=VERTEX_POINT('',#7361);
#2029=VERTEX_POINT('',#7366);
#2030=VERTEX_POINT('',#7368);
#2031=VERTEX_POINT('',#7376);
#2032=VERTEX_POINT('',#7378);
#2033=VERTEX_POINT('',#7380);
#2034=VERTEX_POINT('',#7390);
#2035=VERTEX_POINT('',#7392);
#2036=VERTEX_POINT('',#7400);
#2037=VERTEX_POINT('',#7410);
#2038=VERTEX_POINT('',#7412);
#2039=VERTEX_POINT('',#7414);
#2040=VERTEX_POINT('',#7416);
#2041=VERTEX_POINT('',#7421);
#2042=VERTEX_POINT('',#7425);
#2043=VERTEX_POINT('',#7427);
#2044=VERTEX_POINT('',#7429);
#2045=VERTEX_POINT('',#7434);
#2046=VERTEX_POINT('',#7438);
#2047=VERTEX_POINT('',#7448);
#2048=VERTEX_POINT('',#7449);
#2049=VERTEX_POINT('',#7451);
#2050=VERTEX_POINT('',#7453);
#2051=VERTEX_POINT('',#7455);
#2052=VERTEX_POINT('',#7457);
#2053=VERTEX_POINT('',#7461);
#2054=VERTEX_POINT('',#7462);
#2055=VERTEX_POINT('',#7467);
#2056=VERTEX_POINT('',#7469);
#2057=VERTEX_POINT('',#7471);
#2058=VERTEX_POINT('',#7473);
#2059=VERTEX_POINT('',#7479);
#2060=VERTEX_POINT('',#7481);
#2061=VERTEX_POINT('',#7488);
#2062=VERTEX_POINT('',#7509);
#2063=VERTEX_POINT('',#7519);
#2064=VERTEX_POINT('',#7521);
#2065=VERTEX_POINT('',#7525);
#2066=VERTEX_POINT('',#7530);
#2067=VERTEX_POINT('',#7544);
#2068=VERTEX_POINT('',#7548);
#2069=VERTEX_POINT('',#7555);
#2070=VERTEX_POINT('',#7557);
#2071=VERTEX_POINT('',#7561);
#2072=VERTEX_POINT('',#7563);
#2073=VERTEX_POINT('',#7565);
#2074=VERTEX_POINT('',#7569);
#2075=VERTEX_POINT('',#7575);
#2076=VERTEX_POINT('',#7577);
#2077=VERTEX_POINT('',#7582);
#2078=VERTEX_POINT('',#7583);
#2079=VERTEX_POINT('',#7585);
#2080=VERTEX_POINT('',#7590);
#2081=VERTEX_POINT('',#7591);
#2082=VERTEX_POINT('',#7598);
#2083=VERTEX_POINT('',#7605);
#2084=VERTEX_POINT('',#7607);
#2085=VERTEX_POINT('',#7611);
#2086=VERTEX_POINT('',#7614);
#2087=VERTEX_POINT('',#7616);
#2088=VERTEX_POINT('',#7618);
#2089=VERTEX_POINT('',#7622);
#2090=VERTEX_POINT('',#7624);
#2091=VERTEX_POINT('',#7637);
#2092=VERTEX_POINT('',#7639);
#2093=VERTEX_POINT('',#7644);
#2094=VERTEX_POINT('',#7648);
#2095=VERTEX_POINT('',#7650);
#2096=VERTEX_POINT('',#7655);
#2097=VERTEX_POINT('',#7664);
#2098=VERTEX_POINT('',#7666);
#2099=VERTEX_POINT('',#7676);
#2100=VERTEX_POINT('',#7678);
#2101=VERTEX_POINT('',#7698);
#2102=VERTEX_POINT('',#7710);
#2103=VERTEX_POINT('',#7715);
#2104=VERTEX_POINT('',#7717);
#2105=VERTEX_POINT('',#7729);
#2106=VERTEX_POINT('',#7731);
#2107=VERTEX_POINT('',#7751);
#2108=VERTEX_POINT('',#7752);
#2109=VERTEX_POINT('',#7757);
#2110=VERTEX_POINT('',#7759);
#2111=VERTEX_POINT('',#7763);
#2112=VERTEX_POINT('',#7765);
#2113=VERTEX_POINT('',#7769);
#2114=VERTEX_POINT('',#7773);
#2115=VERTEX_POINT('',#7788);
#2116=VERTEX_POINT('',#7790);
#2117=VERTEX_POINT('',#7794);
#2118=VERTEX_POINT('',#7796);
#2119=VERTEX_POINT('',#7798);
#2120=VERTEX_POINT('',#7802);
#2121=VERTEX_POINT('',#7806);
#2122=VERTEX_POINT('',#7808);
#2123=VERTEX_POINT('',#7813);
#2124=VERTEX_POINT('',#7822);
#2125=VERTEX_POINT('',#7824);
#2126=VERTEX_POINT('',#7834);
#2127=VERTEX_POINT('',#7836);
#2128=VERTEX_POINT('',#7856);
#2129=VERTEX_POINT('',#7868);
#2130=VERTEX_POINT('',#7873);
#2131=VERTEX_POINT('',#7875);
#2132=VERTEX_POINT('',#7887);
#2133=VERTEX_POINT('',#7889);
#2134=VERTEX_POINT('',#7898);
#2135=VERTEX_POINT('',#7906);
#2136=VERTEX_POINT('',#7907);
#2137=VERTEX_POINT('',#7912);
#2138=VERTEX_POINT('',#7914);
#2139=VERTEX_POINT('',#7918);
#2140=VERTEX_POINT('',#7919);
#2141=VERTEX_POINT('',#7924);
#2142=VERTEX_POINT('',#7926);
#2143=VERTEX_POINT('',#7945);
#2144=VERTEX_POINT('',#7947);
#2145=VERTEX_POINT('',#7951);
#2146=VERTEX_POINT('',#7962);
#2147=VERTEX_POINT('',#7966);
#2148=VERTEX_POINT('',#7968);
#2149=VERTEX_POINT('',#7977);
#2150=VERTEX_POINT('',#7979);
#2151=VERTEX_POINT('',#8001);
#2152=VERTEX_POINT('',#8013);
#2153=VERTEX_POINT('',#8018);
#2154=VERTEX_POINT('',#8020);
#2155=VERTEX_POINT('',#8036);
#2156=VERTEX_POINT('',#8037);
#2157=VERTEX_POINT('',#8042);
#2158=VERTEX_POINT('',#8044);
#2159=VERTEX_POINT('',#8048);
#2160=VERTEX_POINT('',#8050);
#2161=VERTEX_POINT('',#8054);
#2162=VERTEX_POINT('',#8058);
#2163=VERTEX_POINT('',#8075);
#2164=VERTEX_POINT('',#8087);
#2165=VERTEX_POINT('',#8092);
#2166=VERTEX_POINT('',#8094);
#2167=EDGE_CURVE('',#1855,#1856,#831,.T.);
#2168=EDGE_CURVE('',#1857,#1856,#639,.T.);
#2169=EDGE_CURVE('',#1858,#1857,#832,.T.);
#2170=EDGE_CURVE('',#1855,#1858,#833,.T.);
#2171=EDGE_CURVE('',#1859,#1855,#834,.T.);
#2172=EDGE_CURVE('',#1860,#1858,#640,.T.);
#2173=EDGE_CURVE('',#1859,#1860,#835,.T.);
#2174=EDGE_CURVE('',#1861,#1862,#836,.T.);
#2175=EDGE_CURVE('',#1863,#1862,#641,.T.);
#2176=EDGE_CURVE('',#1864,#1863,#837,.T.);
#2177=EDGE_CURVE('',#1861,#1864,#838,.T.);
#2178=EDGE_CURVE('',#1865,#1861,#839,.T.);
#2179=EDGE_CURVE('',#1866,#1864,#642,.T.);
#2180=EDGE_CURVE('',#1865,#1866,#840,.T.);
#2181=EDGE_CURVE('',#1867,#1866,#841,.T.);
#2182=EDGE_CURVE('',#1865,#1866,#842,.T.);
#2183=EDGE_CURVE('',#1868,#1865,#843,.T.);
#2184=EDGE_CURVE('',#1868,#1867,#844,.T.);
#2185=EDGE_CURVE('',#1869,#1870,#643,.T.);
#2186=EDGE_CURVE('',#1870,#1871,#845,.T.);
#2187=EDGE_CURVE('',#1869,#1871,#846,.T.);
#2188=EDGE_CURVE('',#1872,#1873,#644,.T.);
#2189=EDGE_CURVE('',#1873,#1874,#847,.T.);
#2190=EDGE_CURVE('',#1872,#1874,#848,.T.);
#2191=EDGE_CURVE('',#1875,#1876,#849,.T.);
#2192=EDGE_CURVE('',#1877,#1876,#850,.T.);
#2193=EDGE_CURVE('',#1878,#1877,#851,.T.);
#2194=EDGE_CURVE('',#1878,#1875,#852,.T.);
#2195=EDGE_CURVE('',#1879,#1880,#853,.T.);
#2196=EDGE_CURVE('',#1879,#1881,#854,.T.);
#2197=EDGE_CURVE('',#1881,#1880,#645,.T.);
#2198=EDGE_CURVE('',#1882,#1883,#855,.T.);
#2199=EDGE_CURVE('',#1882,#1884,#856,.T.);
#2200=EDGE_CURVE('',#1884,#1883,#646,.T.);
#2201=EDGE_CURVE('',#1885,#1886,#647,.T.);
#2202=EDGE_CURVE('',#1887,#1886,#857,.T.);
#2203=EDGE_CURVE('',#1887,#1885,#858,.T.);
#2204=EDGE_CURVE('',#1888,#1889,#859,.T.);
#2205=EDGE_CURVE('',#1890,#1889,#648,.T.);
#2206=EDGE_CURVE('',#1891,#1890,#860,.T.);
#2207=EDGE_CURVE('',#1888,#1891,#861,.T.);
#2208=EDGE_CURVE('',#1892,#1888,#862,.T.);
#2209=EDGE_CURVE('',#1893,#1891,#649,.T.);
#2210=EDGE_CURVE('',#1892,#1893,#863,.T.);
#2211=EDGE_CURVE('',#1894,#1895,#650,.T.);
#2212=EDGE_CURVE('',#1895,#1896,#864,.T.);
#2213=EDGE_CURVE('',#1894,#1896,#865,.T.);
#2214=EDGE_CURVE('',#1897,#1898,#651,.T.);
#2215=EDGE_CURVE('',#1898,#1899,#866,.T.);
#2216=EDGE_CURVE('',#1897,#1899,#867,.T.);
#2217=EDGE_CURVE('',#1900,#1901,#868,.T.);
#2218=EDGE_CURVE('',#1902,#1901,#869,.T.);
#2219=EDGE_CURVE('',#1903,#1902,#870,.T.);
#2220=EDGE_CURVE('',#1903,#1900,#871,.T.);
#2221=EDGE_CURVE('',#1904,#1893,#872,.T.);
#2222=EDGE_CURVE('',#1892,#1893,#873,.T.);
#2223=EDGE_CURVE('',#1905,#1892,#874,.T.);
#2224=EDGE_CURVE('',#1905,#1904,#875,.T.);
#2225=EDGE_CURVE('',#1906,#1907,#652,.T.);
#2226=EDGE_CURVE('',#1908,#1906,#876,.T.);
#2227=EDGE_CURVE('',#1908,#1907,#877,.T.);
#2228=EDGE_CURVE('',#1909,#1910,#878,.T.);
#2229=EDGE_CURVE('',#1909,#1911,#879,.T.);
#2230=EDGE_CURVE('',#1911,#1910,#653,.T.);
#2231=EDGE_CURVE('',#1912,#1913,#880,.T.);
#2232=EDGE_CURVE('',#1914,#1913,#654,.T.);
#2233=EDGE_CURVE('',#1915,#1914,#881,.T.);
#2234=EDGE_CURVE('',#1912,#1915,#882,.T.);
#2235=EDGE_CURVE('',#1916,#1912,#883,.T.);
#2236=EDGE_CURVE('',#1917,#1915,#655,.T.);
#2237=EDGE_CURVE('',#1916,#1917,#884,.T.);
#2238=EDGE_CURVE('',#1918,#1919,#656,.T.);
#2239=EDGE_CURVE('',#1919,#1920,#885,.T.);
#2240=EDGE_CURVE('',#1918,#1920,#886,.T.);
#2241=EDGE_CURVE('',#1921,#1922,#657,.T.);
#2242=EDGE_CURVE('',#1922,#1923,#887,.T.);
#2243=EDGE_CURVE('',#1921,#1923,#888,.T.);
#2244=EDGE_CURVE('',#1924,#1925,#889,.T.);
#2245=EDGE_CURVE('',#1926,#1925,#890,.T.);
#2246=EDGE_CURVE('',#1927,#1926,#891,.T.);
#2247=EDGE_CURVE('',#1927,#1924,#892,.T.);
#2248=EDGE_CURVE('',#1928,#1917,#893,.T.);
#2249=EDGE_CURVE('',#1916,#1917,#894,.T.);
#2250=EDGE_CURVE('',#1929,#1916,#895,.T.);
#2251=EDGE_CURVE('',#1929,#1928,#896,.T.);
#2252=EDGE_CURVE('',#1930,#1931,#897,.T.);
#2253=EDGE_CURVE('',#1932,#1931,#658,.T.);
#2254=EDGE_CURVE('',#1930,#1932,#898,.T.);
#2255=EDGE_CURVE('',#1933,#1934,#659,.T.);
#2256=EDGE_CURVE('',#1935,#1934,#899,.T.);
#2257=EDGE_CURVE('',#1935,#1933,#900,.T.);
#2258=EDGE_CURVE('',#1936,#1937,#660,.T.);
#2259=EDGE_CURVE('',#1938,#1937,#901,.T.);
#2260=EDGE_CURVE('',#1938,#1936,#902,.T.);
#2261=EDGE_CURVE('',#1939,#1860,#903,.T.);
#2262=EDGE_CURVE('',#1859,#1860,#904,.T.);
#2263=EDGE_CURVE('',#1940,#1859,#905,.T.);
#2264=EDGE_CURVE('',#1940,#1939,#906,.T.);
#2265=EDGE_CURVE('',#1941,#1942,#907,.T.);
#2266=EDGE_CURVE('',#1943,#1942,#908,.T.);
#2267=EDGE_CURVE('',#1944,#1943,#909,.T.);
#2268=EDGE_CURVE('',#1944,#1941,#910,.T.);
#2269=EDGE_CURVE('',#1945,#1946,#661,.T.);
#2270=EDGE_CURVE('',#1946,#1947,#911,.T.);
#2271=EDGE_CURVE('',#1945,#1947,#912,.T.);
#2272=EDGE_CURVE('',#1948,#1949,#662,.T.);
#2273=EDGE_CURVE('',#1949,#1950,#913,.T.);
#2274=EDGE_CURVE('',#1948,#1950,#914,.T.);
#2275=EDGE_CURVE('',#1951,#1952,#915,.T.);
#2276=EDGE_CURVE('',#1942,#1952,#663,.T.);
#2277=EDGE_CURVE('',#1941,#1951,#916,.T.);
#2278=EDGE_CURVE('',#1953,#1954,#664,.T.);
#2279=EDGE_CURVE('',#1952,#1954,#917,.T.);
#2280=EDGE_CURVE('',#1951,#1953,#918,.T.);
#2281=EDGE_CURVE('',#1955,#1956,#919,.T.);
#2282=EDGE_CURVE('',#1925,#1956,#665,.T.);
#2283=EDGE_CURVE('',#1924,#1955,#920,.T.);
#2284=EDGE_CURVE('',#1957,#1958,#666,.T.);
#2285=EDGE_CURVE('',#1956,#1958,#921,.T.);
#2286=EDGE_CURVE('',#1955,#1957,#922,.T.);
#2287=EDGE_CURVE('',#1959,#1960,#923,.T.);
#2288=EDGE_CURVE('',#1901,#1960,#667,.T.);
#2289=EDGE_CURVE('',#1900,#1959,#924,.T.);
#2290=EDGE_CURVE('',#1961,#1962,#668,.T.);
#2291=EDGE_CURVE('',#1960,#1962,#925,.T.);
#2292=EDGE_CURVE('',#1959,#1961,#926,.T.);
#2293=EDGE_CURVE('',#1963,#1964,#927,.T.);
#2294=EDGE_CURVE('',#1876,#1964,#669,.T.);
#2295=EDGE_CURVE('',#1875,#1963,#928,.T.);
#2296=EDGE_CURVE('',#1965,#1966,#670,.T.);
#2297=EDGE_CURVE('',#1964,#1966,#929,.T.);
#2298=EDGE_CURVE('',#1963,#1965,#930,.T.);
#2299=EDGE_CURVE('',#1861,#1862,#931,.T.);
#2300=EDGE_CURVE('',#1862,#1967,#671,.T.);
#2301=EDGE_CURVE('',#1968,#1967,#932,.T.);
#2302=EDGE_CURVE('',#1968,#1969,#672,.T.);
#2303=EDGE_CURVE('',#1970,#1969,#933,.T.);
#2304=EDGE_CURVE('',#1970,#1861,#934,.T.);
#2305=EDGE_CURVE('',#1865,#1861,#935,.T.);
#2306=EDGE_CURVE('',#1971,#1970,#673,.T.);
#2307=EDGE_CURVE('',#1971,#1865,#936,.T.);
#2308=EDGE_CURVE('',#1862,#1972,#937,.T.);
#2309=EDGE_CURVE('',#1972,#1973,#938,.T.);
#2310=EDGE_CURVE('',#1974,#1973,#939,.T.);
#2311=EDGE_CURVE('',#1867,#1974,#940,.T.);
#2312=EDGE_CURVE('',#1867,#1866,#941,.T.);
#2313=EDGE_CURVE('',#1868,#1975,#674,.T.);
#2314=EDGE_CURVE('',#1870,#1975,#942,.T.);
#2315=EDGE_CURVE('',#1870,#1871,#943,.T.);
#2316=EDGE_CURVE('',#1871,#1976,#944,.T.);
#2317=EDGE_CURVE('',#1976,#1867,#945,.T.);
#2318=EDGE_CURVE('',#1870,#1975,#946,.T.);
#2319=EDGE_CURVE('',#1975,#1869,#675,.T.);
#2320=EDGE_CURVE('',#1976,#1867,#947,.T.);
#2321=EDGE_CURVE('',#1974,#1976,#676,.T.);
#2322=EDGE_CURVE('',#1965,#1966,#677,.T.);
#2323=EDGE_CURVE('',#1964,#1966,#948,.T.);
#2324=EDGE_CURVE('',#1876,#1964,#678,.T.);
#2325=EDGE_CURVE('',#1877,#1876,#949,.T.);
#2326=EDGE_CURVE('',#1877,#1977,#950,.T.);
#2327=EDGE_CURVE('',#1977,#1978,#951,.T.);
#2328=EDGE_CURVE('',#1979,#1978,#952,.T.);
#2329=EDGE_CURVE('',#1965,#1979,#953,.T.);
#2330=EDGE_CURVE('',#1963,#1965,#954,.T.);
#2331=EDGE_CURVE('',#1963,#1964,#955,.T.);
#2332=EDGE_CURVE('',#1875,#1963,#956,.T.);
#2333=EDGE_CURVE('',#1875,#1876,#957,.T.);
#2334=EDGE_CURVE('',#1878,#1980,#679,.T.);
#2335=EDGE_CURVE('',#1980,#1981,#958,.T.);
#2336=EDGE_CURVE('',#1981,#1875,#959,.T.);
#2337=EDGE_CURVE('',#1873,#1980,#960,.T.);
#2338=EDGE_CURVE('',#1980,#1872,#680,.T.);
#2339=EDGE_CURVE('',#1872,#1873,#681,.T.);
#2340=EDGE_CURVE('',#1982,#1877,#961,.T.);
#2341=EDGE_CURVE('',#1878,#1877,#962,.T.);
#2342=EDGE_CURVE('',#1878,#1980,#682,.T.);
#2343=EDGE_CURVE('',#1873,#1874,#963,.T.);
#2344=EDGE_CURVE('',#1982,#1874,#683,.T.);
#2345=EDGE_CURVE('',#1977,#1982,#684,.T.);
#2346=EDGE_CURVE('',#1888,#1889,#964,.T.);
#2347=EDGE_CURVE('',#1889,#1983,#685,.T.);
#2348=EDGE_CURVE('',#1984,#1983,#965,.T.);
#2349=EDGE_CURVE('',#1984,#1985,#686,.T.);
#2350=EDGE_CURVE('',#1986,#1985,#966,.T.);
#2351=EDGE_CURVE('',#1986,#1888,#967,.T.);
#2352=EDGE_CURVE('',#1889,#1987,#968,.T.);
#2353=EDGE_CURVE('',#1987,#1988,#969,.T.);
#2354=EDGE_CURVE('',#1989,#1988,#970,.T.);
#2355=EDGE_CURVE('',#1904,#1989,#971,.T.);
#2356=EDGE_CURVE('',#1904,#1893,#972,.T.);
#2357=EDGE_CURVE('',#1892,#1888,#973,.T.);
#2358=EDGE_CURVE('',#1990,#1986,#687,.T.);
#2359=EDGE_CURVE('',#1990,#1892,#974,.T.);
#2360=EDGE_CURVE('',#1991,#1990,#975,.T.);
#2361=EDGE_CURVE('',#1991,#1905,#688,.T.);
#2362=EDGE_CURVE('',#1895,#1991,#976,.T.);
#2363=EDGE_CURVE('',#1895,#1896,#977,.T.);
#2364=EDGE_CURVE('',#1896,#1992,#978,.T.);
#2365=EDGE_CURVE('',#1992,#1904,#979,.T.);
#2366=EDGE_CURVE('',#1895,#1991,#980,.T.);
#2367=EDGE_CURVE('',#1894,#1991,#689,.T.);
#2368=EDGE_CURVE('',#1992,#1904,#981,.T.);
#2369=EDGE_CURVE('',#1992,#1989,#690,.T.);
#2370=EDGE_CURVE('',#1961,#1962,#691,.T.);
#2371=EDGE_CURVE('',#1960,#1962,#982,.T.);
#2372=EDGE_CURVE('',#1901,#1960,#692,.T.);
#2373=EDGE_CURVE('',#1902,#1901,#983,.T.);
#2374=EDGE_CURVE('',#1902,#1993,#984,.T.);
#2375=EDGE_CURVE('',#1993,#1994,#985,.T.);
#2376=EDGE_CURVE('',#1995,#1994,#986,.T.);
#2377=EDGE_CURVE('',#1961,#1995,#987,.T.);
#2378=EDGE_CURVE('',#1959,#1961,#988,.T.);
#2379=EDGE_CURVE('',#1959,#1960,#989,.T.);
#2380=EDGE_CURVE('',#1900,#1959,#990,.T.);
#2381=EDGE_CURVE('',#1900,#1901,#991,.T.);
#2382=EDGE_CURVE('',#1996,#1903,#693,.T.);
#2383=EDGE_CURVE('',#1996,#1997,#992,.T.);
#2384=EDGE_CURVE('',#1997,#1900,#993,.T.);
#2385=EDGE_CURVE('',#1898,#1996,#994,.T.);
#2386=EDGE_CURVE('',#1897,#1996,#694,.T.);
#2387=EDGE_CURVE('',#1897,#1898,#695,.T.);
#2388=EDGE_CURVE('',#1998,#1902,#995,.T.);
#2389=EDGE_CURVE('',#1903,#1902,#996,.T.);
#2390=EDGE_CURVE('',#1996,#1903,#696,.T.);
#2391=EDGE_CURVE('',#1898,#1899,#997,.T.);
#2392=EDGE_CURVE('',#1899,#1998,#697,.T.);
#2393=EDGE_CURVE('',#1998,#1993,#698,.T.);
#2394=EDGE_CURVE('',#1885,#1886,#699,.T.);
#2395=EDGE_CURVE('',#1886,#1999,#998,.T.);
#2396=EDGE_CURVE('',#1999,#2000,#999,.T.);
#2397=EDGE_CURVE('',#1885,#2000,#1000,.T.);
#2398=EDGE_CURVE('',#1906,#1907,#700,.T.);
#2399=EDGE_CURVE('',#1906,#2001,#1001,.T.);
#2400=EDGE_CURVE('',#2002,#2001,#1002,.T.);
#2401=EDGE_CURVE('',#1907,#2002,#1003,.T.);
#2402=EDGE_CURVE('',#1912,#1913,#1004,.T.);
#2403=EDGE_CURVE('',#1913,#2003,#701,.T.);
#2404=EDGE_CURVE('',#2004,#2003,#1005,.T.);
#2405=EDGE_CURVE('',#2004,#2005,#702,.T.);
#2406=EDGE_CURVE('',#2006,#2005,#1006,.T.);
#2407=EDGE_CURVE('',#2006,#1912,#1007,.T.);
#2408=EDGE_CURVE('',#1916,#1912,#1008,.T.);
#2409=EDGE_CURVE('',#2007,#2006,#703,.T.);
#2410=EDGE_CURVE('',#2007,#1916,#1009,.T.);
#2411=EDGE_CURVE('',#1913,#2008,#1010,.T.);
#2412=EDGE_CURVE('',#2008,#2009,#1011,.T.);
#2413=EDGE_CURVE('',#2010,#2009,#1012,.T.);
#2414=EDGE_CURVE('',#1928,#2010,#1013,.T.);
#2415=EDGE_CURVE('',#1928,#1917,#1014,.T.);
#2416=EDGE_CURVE('',#2011,#2007,#1015,.T.);
#2417=EDGE_CURVE('',#2011,#1929,#704,.T.);
#2418=EDGE_CURVE('',#1919,#2011,#1016,.T.);
#2419=EDGE_CURVE('',#1919,#1920,#1017,.T.);
#2420=EDGE_CURVE('',#1920,#2012,#1018,.T.);
#2421=EDGE_CURVE('',#2012,#1928,#1019,.T.);
#2422=EDGE_CURVE('',#1919,#2011,#1020,.T.);
#2423=EDGE_CURVE('',#1918,#2011,#705,.T.);
#2424=EDGE_CURVE('',#2012,#1928,#1021,.T.);
#2425=EDGE_CURVE('',#2012,#2010,#706,.T.);
#2426=EDGE_CURVE('',#1957,#1958,#707,.T.);
#2427=EDGE_CURVE('',#1956,#1958,#1022,.T.);
#2428=EDGE_CURVE('',#1925,#1956,#708,.T.);
#2429=EDGE_CURVE('',#1926,#1925,#1023,.T.);
#2430=EDGE_CURVE('',#1926,#2013,#1024,.T.);
#2431=EDGE_CURVE('',#2013,#2014,#1025,.T.);
#2432=EDGE_CURVE('',#2015,#2014,#1026,.T.);
#2433=EDGE_CURVE('',#1957,#2015,#1027,.T.);
#2434=EDGE_CURVE('',#1955,#1957,#1028,.T.);
#2435=EDGE_CURVE('',#1955,#1956,#1029,.T.);
#2436=EDGE_CURVE('',#1924,#1955,#1030,.T.);
#2437=EDGE_CURVE('',#1924,#1925,#1031,.T.);
#2438=EDGE_CURVE('',#2016,#1927,#709,.T.);
#2439=EDGE_CURVE('',#2016,#2017,#1032,.T.);
#2440=EDGE_CURVE('',#2017,#1924,#1033,.T.);
#2441=EDGE_CURVE('',#1922,#2016,#1034,.T.);
#2442=EDGE_CURVE('',#1921,#2016,#710,.T.);
#2443=EDGE_CURVE('',#1921,#1922,#711,.T.);
#2444=EDGE_CURVE('',#2018,#1926,#1035,.T.);
#2445=EDGE_CURVE('',#1927,#1926,#1036,.T.);
#2446=EDGE_CURVE('',#2016,#1927,#712,.T.);
#2447=EDGE_CURVE('',#1922,#1923,#1037,.T.);
#2448=EDGE_CURVE('',#1923,#2018,#713,.T.);
#2449=EDGE_CURVE('',#2018,#2013,#714,.T.);
#2450=EDGE_CURVE('',#1909,#1910,#1038,.T.);
#2451=EDGE_CURVE('',#1909,#2019,#715,.T.);
#2452=EDGE_CURVE('',#2020,#2019,#1039,.T.);
#2453=EDGE_CURVE('',#1910,#2020,#716,.T.);
#2454=EDGE_CURVE('',#1930,#1931,#1040,.T.);
#2455=EDGE_CURVE('',#1931,#2021,#717,.T.);
#2456=EDGE_CURVE('',#2021,#2022,#1041,.T.);
#2457=EDGE_CURVE('',#1930,#2022,#718,.T.);
#2458=EDGE_CURVE('',#1879,#1880,#1042,.T.);
#2459=EDGE_CURVE('',#1879,#2023,#719,.T.);
#2460=EDGE_CURVE('',#2024,#2023,#1043,.T.);
#2461=EDGE_CURVE('',#1880,#2024,#720,.T.);
#2462=EDGE_CURVE('',#1933,#1934,#721,.T.);
#2463=EDGE_CURVE('',#1934,#2025,#1044,.T.);
#2464=EDGE_CURVE('',#2025,#2026,#1045,.T.);
#2465=EDGE_CURVE('',#1933,#2026,#1046,.T.);
#2466=EDGE_CURVE('',#1882,#1883,#1047,.T.);
#2467=EDGE_CURVE('',#1882,#2027,#722,.T.);
#2468=EDGE_CURVE('',#2028,#2027,#1048,.T.);
#2469=EDGE_CURVE('',#1883,#2028,#723,.T.);
#2470=EDGE_CURVE('',#1936,#1937,#724,.T.);
#2471=EDGE_CURVE('',#1937,#2029,#1049,.T.);
#2472=EDGE_CURVE('',#2029,#2030,#1050,.T.);
#2473=EDGE_CURVE('',#1936,#2030,#1051,.T.);
#2474=EDGE_CURVE('',#1953,#1954,#725,.T.);
#2475=EDGE_CURVE('',#1952,#1954,#1052,.T.);
#2476=EDGE_CURVE('',#1942,#1952,#726,.T.);
#2477=EDGE_CURVE('',#1943,#1942,#1053,.T.);
#2478=EDGE_CURVE('',#1943,#2031,#1054,.T.);
#2479=EDGE_CURVE('',#2031,#2032,#1055,.T.);
#2480=EDGE_CURVE('',#2033,#2032,#1056,.T.);
#2481=EDGE_CURVE('',#1953,#2033,#1057,.T.);
#2482=EDGE_CURVE('',#1951,#1953,#1058,.T.);
#2483=EDGE_CURVE('',#1951,#1952,#1059,.T.);
#2484=EDGE_CURVE('',#1941,#1951,#1060,.T.);
#2485=EDGE_CURVE('',#1941,#1942,#1061,.T.);
#2486=EDGE_CURVE('',#1944,#2034,#727,.T.);
#2487=EDGE_CURVE('',#2034,#2035,#1062,.T.);
#2488=EDGE_CURVE('',#2035,#1941,#1063,.T.);
#2489=EDGE_CURVE('',#1946,#2034,#1064,.T.);
#2490=EDGE_CURVE('',#2034,#1945,#728,.T.);
#2491=EDGE_CURVE('',#1945,#1946,#729,.T.);
#2492=EDGE_CURVE('',#2036,#1943,#1065,.T.);
#2493=EDGE_CURVE('',#1944,#1943,#1066,.T.);
#2494=EDGE_CURVE('',#1944,#2034,#730,.T.);
#2495=EDGE_CURVE('',#1946,#1947,#1067,.T.);
#2496=EDGE_CURVE('',#2036,#1947,#731,.T.);
#2497=EDGE_CURVE('',#2031,#2036,#732,.T.);
#2498=EDGE_CURVE('',#1855,#1856,#1068,.T.);
#2499=EDGE_CURVE('',#1856,#2037,#733,.T.);
#2500=EDGE_CURVE('',#2038,#2037,#1069,.T.);
#2501=EDGE_CURVE('',#2038,#2039,#734,.T.);
#2502=EDGE_CURVE('',#2040,#2039,#1070,.T.);
#2503=EDGE_CURVE('',#2040,#1855,#1071,.T.);
#2504=EDGE_CURVE('',#1859,#1855,#1072,.T.);
#2505=EDGE_CURVE('',#2041,#2040,#735,.T.);
#2506=EDGE_CURVE('',#2041,#1859,#1073,.T.);
#2507=EDGE_CURVE('',#1856,#2042,#1074,.T.);
#2508=EDGE_CURVE('',#2042,#2043,#1075,.T.);
#2509=EDGE_CURVE('',#2044,#2043,#1076,.T.);
#2510=EDGE_CURVE('',#1939,#2044,#1077,.T.);
#2511=EDGE_CURVE('',#1939,#1860,#1078,.T.);
#2512=EDGE_CURVE('',#1940,#2045,#736,.T.);
#2513=EDGE_CURVE('',#1949,#2045,#1079,.T.);
#2514=EDGE_CURVE('',#1949,#1950,#1080,.T.);
#2515=EDGE_CURVE('',#1950,#2046,#1081,.T.);
#2516=EDGE_CURVE('',#2046,#1939,#1082,.T.);
#2517=EDGE_CURVE('',#1949,#2045,#1083,.T.);
#2518=EDGE_CURVE('',#2045,#1948,#737,.T.);
#2519=EDGE_CURVE('',#2046,#1939,#1084,.T.);
#2520=EDGE_CURVE('',#2044,#2046,#738,.T.);
#2521=EDGE_CURVE('',#2047,#2048,#739,.T.);
#2522=EDGE_CURVE('',#2049,#2048,#1085,.T.);
#2523=EDGE_CURVE('',#2050,#2049,#1086,.T.);
#2524=EDGE_CURVE('',#2050,#2051,#1087,.T.);
#2525=EDGE_CURVE('',#2051,#2052,#740,.T.);
#2526=EDGE_CURVE('',#2052,#2047,#1088,.T.);
#2527=EDGE_CURVE('',#2053,#2054,#741,.T.);
#2528=EDGE_CURVE('',#2048,#2053,#1089,.T.);
#2529=EDGE_CURVE('',#2047,#2054,#1090,.T.);
#2530=EDGE_CURVE('',#2055,#2054,#1091,.T.);
#2531=EDGE_CURVE('',#2055,#2056,#742,.T.);
#2532=EDGE_CURVE('',#2057,#2056,#1092,.T.);
#2533=EDGE_CURVE('',#2057,#2058,#1093,.T.);
#2534=EDGE_CURVE('',#2058,#2053,#1094,.T.);
#2535=EDGE_CURVE('',#2058,#2049,#1095,.T.);
#2536=EDGE_CURVE('',#2059,#2058,#743,.T.);
#2537=EDGE_CURVE('',#2059,#2060,#1096,.T.);
#2538=EDGE_CURVE('',#2060,#2049,#744,.T.);
#2539=EDGE_CURVE('',#1950,#1947,#1097,.T.);
#2540=EDGE_CURVE('',#2046,#1950,#745,.T.);
#2541=EDGE_CURVE('',#2044,#2059,#1098,.T.);
#2542=EDGE_CURVE('',#2061,#2057,#746,.T.);
#2543=EDGE_CURVE('',#2061,#2031,#1099,.T.);
#2544=EDGE_CURVE('',#1947,#2036,#1100,.T.);
#2545=EDGE_CURVE('',#2036,#1943,#1101,.T.);
#2546=EDGE_CURVE('',#1860,#1942,#1102,.T.);
#2547=EDGE_CURVE('',#2045,#2041,#1103,.T.);
#2548=EDGE_CURVE('',#2041,#2035,#1104,.T.);
#2549=EDGE_CURVE('',#1946,#2034,#1105,.T.);
#2550=EDGE_CURVE('',#1949,#1946,#1106,.T.);
#2551=EDGE_CURVE('',#1948,#1949,#747,.T.);
#2552=EDGE_CURVE('',#1948,#1945,#1107,.T.);
#2553=EDGE_CURVE('',#1940,#2045,#748,.T.);
#2554=EDGE_CURVE('',#1940,#1939,#1108,.T.);
#2555=EDGE_CURVE('',#2062,#1944,#1109,.T.);
#2556=EDGE_CURVE('',#2062,#2050,#749,.T.);
#2557=EDGE_CURVE('',#1940,#2060,#1110,.T.);
#2558=EDGE_CURVE('',#1944,#1941,#1111,.T.);
#2559=EDGE_CURVE('',#2042,#2033,#1112,.T.);
#2560=EDGE_CURVE('',#1940,#1859,#1113,.T.);
#2561=EDGE_CURVE('',#2063,#2060,#1114,.T.);
#2562=EDGE_CURVE('',#2064,#2063,#1115,.T.);
#2563=EDGE_CURVE('',#2064,#2062,#1116,.T.);
#2564=EDGE_CURVE('',#2065,#2061,#1117,.T.);
#2565=EDGE_CURVE('',#2061,#2062,#1118,.T.);
#2566=EDGE_CURVE('',#2065,#2064,#1119,.T.);
#2567=EDGE_CURVE('',#2065,#2066,#1120,.T.);
#2568=EDGE_CURVE('',#2066,#2059,#1121,.T.);
#2569=EDGE_CURVE('',#2043,#2032,#1122,.T.);
#2570=EDGE_CURVE('',#2066,#2063,#1123,.T.);
#2571=EDGE_CURVE('',#2028,#2066,#750,.T.);
#2572=EDGE_CURVE('',#2027,#2063,#751,.T.);
#2573=EDGE_CURVE('',#1936,#1884,#1124,.T.);
#2574=EDGE_CURVE('',#1884,#1883,#752,.T.);
#2575=EDGE_CURVE('',#2067,#2065,#753,.T.);
#2576=EDGE_CURVE('',#1937,#2067,#754,.T.);
#2577=EDGE_CURVE('',#2067,#2068,#1125,.T.);
#2578=EDGE_CURVE('',#1938,#2068,#755,.T.);
#2579=EDGE_CURVE('',#1938,#1937,#1126,.T.);
#2580=EDGE_CURVE('',#1935,#1879,#1127,.T.);
#2581=EDGE_CURVE('',#1880,#2069,#1128,.T.);
#2582=EDGE_CURVE('',#2069,#2070,#1129,.T.);
#2583=EDGE_CURVE('',#1931,#2070,#1130,.T.);
#2584=EDGE_CURVE('',#1909,#1930,#1131,.T.);
#2585=EDGE_CURVE('',#1910,#2071,#1132,.T.);
#2586=EDGE_CURVE('',#2071,#2072,#1133,.T.);
#2587=EDGE_CURVE('',#2072,#2073,#1134,.T.);
#2588=EDGE_CURVE('',#2029,#2073,#1135,.T.);
#2589=EDGE_CURVE('',#1938,#1882,#1136,.T.);
#2590=EDGE_CURVE('',#1883,#2074,#1137,.T.);
#2591=EDGE_CURVE('',#1999,#2074,#1138,.T.);
#2592=EDGE_CURVE('',#1887,#1886,#1139,.T.);
#2593=EDGE_CURVE('',#1908,#1887,#1140,.T.);
#2594=EDGE_CURVE('',#1908,#1907,#1141,.T.);
#2595=EDGE_CURVE('',#2075,#2002,#1142,.T.);
#2596=EDGE_CURVE('',#2076,#2075,#1143,.T.);
#2597=EDGE_CURVE('',#2076,#2025,#1144,.T.);
#2598=EDGE_CURVE('',#1935,#1934,#1145,.T.);
#2599=EDGE_CURVE('',#2077,#2078,#756,.T.);
#2600=EDGE_CURVE('',#2078,#2079,#1146,.T.);
#2601=EDGE_CURVE('',#2023,#2079,#757,.T.);
#2602=EDGE_CURVE('',#1935,#2077,#758,.T.);
#2603=EDGE_CURVE('',#2080,#2081,#759,.T.);
#2604=EDGE_CURVE('',#2081,#2078,#1147,.T.);
#2605=EDGE_CURVE('',#2080,#2077,#1148,.T.);
#2606=EDGE_CURVE('',#1933,#1881,#1149,.T.);
#2607=EDGE_CURVE('',#1881,#1880,#760,.T.);
#2608=EDGE_CURVE('',#2024,#2082,#761,.T.);
#2609=EDGE_CURVE('',#2081,#2082,#1150,.T.);
#2610=EDGE_CURVE('',#1934,#2080,#762,.T.);
#2611=EDGE_CURVE('',#2083,#2026,#1151,.T.);
#2612=EDGE_CURVE('',#2083,#2084,#1152,.T.);
#2613=EDGE_CURVE('',#2084,#2001,#1153,.T.);
#2614=EDGE_CURVE('',#1906,#1885,#1154,.T.);
#2615=EDGE_CURVE('',#2000,#2085,#1155,.T.);
#2616=EDGE_CURVE('',#1884,#2085,#1156,.T.);
#2617=EDGE_CURVE('',#2030,#2086,#1157,.T.);
#2618=EDGE_CURVE('',#2087,#2086,#1158,.T.);
#2619=EDGE_CURVE('',#2088,#2087,#1159,.T.);
#2620=EDGE_CURVE('',#1911,#2088,#1160,.T.);
#2621=EDGE_CURVE('',#1911,#1932,#1161,.T.);
#2622=EDGE_CURVE('',#1932,#2089,#1162,.T.);
#2623=EDGE_CURVE('',#2090,#2089,#1163,.T.);
#2624=EDGE_CURVE('',#1881,#2090,#1164,.T.);
#2625=EDGE_CURVE('',#2069,#2090,#1165,.T.);
#2626=EDGE_CURVE('',#2070,#2089,#1166,.T.);
#2627=EDGE_CURVE('',#2076,#2083,#1167,.T.);
#2628=EDGE_CURVE('',#1932,#1931,#763,.T.);
#2629=EDGE_CURVE('',#2020,#2091,#764,.T.);
#2630=EDGE_CURVE('',#2091,#2092,#1168,.T.);
#2631=EDGE_CURVE('',#2021,#2092,#765,.T.);
#2632=EDGE_CURVE('',#1911,#1910,#766,.T.);
#2633=EDGE_CURVE('',#2019,#2093,#767,.T.);
#2634=EDGE_CURVE('',#2091,#2093,#1169,.T.);
#2635=EDGE_CURVE('',#2091,#2094,#1170,.T.);
#2636=EDGE_CURVE('',#2093,#2095,#1171,.T.);
#2637=EDGE_CURVE('',#2094,#2095,#1172,.T.);
#2638=EDGE_CURVE('',#2014,#2009,#1173,.T.);
#2639=EDGE_CURVE('',#2013,#2096,#1174,.T.);
#2640=EDGE_CURVE('',#2092,#2096,#1175,.T.);
#2641=EDGE_CURVE('',#2094,#2010,#1176,.T.);
#2642=EDGE_CURVE('',#1929,#1928,#1177,.T.);
#2643=EDGE_CURVE('',#1929,#1916,#1178,.T.);
#2644=EDGE_CURVE('',#2095,#1929,#1179,.T.);
#2645=EDGE_CURVE('',#2093,#2097,#1180,.T.);
#2646=EDGE_CURVE('',#2097,#2098,#1181,.T.);
#2647=EDGE_CURVE('',#1927,#2098,#1182,.T.);
#2648=EDGE_CURVE('',#1927,#1924,#1183,.T.);
#2649=EDGE_CURVE('',#2015,#2008,#1184,.T.);
#2650=EDGE_CURVE('',#1918,#1921,#1185,.T.);
#2651=EDGE_CURVE('',#2098,#2099,#768,.T.);
#2652=EDGE_CURVE('',#2100,#2099,#1186,.T.);
#2653=EDGE_CURVE('',#2095,#2100,#769,.T.);
#2654=EDGE_CURVE('',#2011,#1929,#770,.T.);
#2655=EDGE_CURVE('',#1920,#2012,#771,.T.);
#2656=EDGE_CURVE('',#1918,#1919,#772,.T.);
#2657=EDGE_CURVE('',#1919,#1922,#1187,.T.);
#2658=EDGE_CURVE('',#2018,#1926,#1188,.T.);
#2659=EDGE_CURVE('',#1923,#2018,#1189,.T.);
#2660=EDGE_CURVE('',#1922,#2016,#1190,.T.);
#2661=EDGE_CURVE('',#2007,#2017,#1191,.T.);
#2662=EDGE_CURVE('',#1917,#1915,#773,.T.);
#2663=EDGE_CURVE('',#1912,#1915,#1192,.T.);
#2664=EDGE_CURVE('',#2006,#2101,#1193,.T.);
#2665=EDGE_CURVE('',#2017,#2101,#774,.T.);
#2666=EDGE_CURVE('',#2101,#1955,#1194,.T.);
#2667=EDGE_CURVE('',#1917,#1925,#1195,.T.);
#2668=EDGE_CURVE('',#1915,#1956,#1196,.T.);
#2669=EDGE_CURVE('',#1914,#1958,#1197,.T.);
#2670=EDGE_CURVE('',#1915,#1914,#1198,.T.);
#2671=EDGE_CURVE('',#2102,#1957,#775,.T.);
#2672=EDGE_CURVE('',#2003,#2102,#1199,.T.);
#2673=EDGE_CURVE('',#1914,#1913,#776,.T.);
#2674=EDGE_CURVE('',#2101,#2103,#1200,.T.);
#2675=EDGE_CURVE('',#2103,#2104,#777,.T.);
#2676=EDGE_CURVE('',#2104,#2102,#1201,.T.);
#2677=EDGE_CURVE('',#2104,#2004,#1202,.T.);
#2678=EDGE_CURVE('',#2103,#2005,#1203,.T.);
#2679=EDGE_CURVE('',#1920,#1923,#1204,.T.);
#2680=EDGE_CURVE('',#2094,#2105,#778,.T.);
#2681=EDGE_CURVE('',#2105,#2106,#1205,.T.);
#2682=EDGE_CURVE('',#2096,#2106,#779,.T.);
#2683=EDGE_CURVE('',#2106,#2099,#1206,.T.);
#2684=EDGE_CURVE('',#2096,#2098,#1207,.T.);
#2685=EDGE_CURVE('',#2092,#2097,#1208,.T.);
#2686=EDGE_CURVE('',#2022,#2097,#780,.T.);
#2687=EDGE_CURVE('',#2071,#2088,#1209,.T.);
#2688=EDGE_CURVE('',#2072,#2087,#1210,.T.);
#2689=EDGE_CURVE('',#2073,#2086,#1211,.T.);
#2690=EDGE_CURVE('',#2107,#2108,#1212,.T.);
#2691=EDGE_CURVE('',#2099,#2107,#1213,.T.);
#2692=EDGE_CURVE('',#2106,#2108,#1214,.T.);
#2693=EDGE_CURVE('',#2109,#2108,#781,.T.);
#2694=EDGE_CURVE('',#2110,#2109,#1215,.T.);
#2695=EDGE_CURVE('',#2107,#2110,#782,.T.);
#2696=EDGE_CURVE('',#2105,#2111,#1216,.T.);
#2697=EDGE_CURVE('',#2111,#2112,#783,.T.);
#2698=EDGE_CURVE('',#2112,#2109,#1217,.T.);
#2699=EDGE_CURVE('',#2113,#2112,#1218,.T.);
#2700=EDGE_CURVE('',#2113,#2110,#1219,.T.);
#2701=EDGE_CURVE('',#2113,#2114,#784,.T.);
#2702=EDGE_CURVE('',#2100,#2114,#1220,.T.);
#2703=EDGE_CURVE('',#2114,#2111,#1221,.T.);
#2704=EDGE_CURVE('',#2105,#2100,#1222,.T.);
#2705=EDGE_CURVE('',#2075,#2084,#1223,.T.);
#2706=EDGE_CURVE('',#2074,#2085,#1224,.T.);
#2707=EDGE_CURVE('',#1908,#2115,#785,.T.);
#2708=EDGE_CURVE('',#2116,#2115,#1225,.T.);
#2709=EDGE_CURVE('',#1907,#2116,#786,.T.);
#2710=EDGE_CURVE('',#2116,#2117,#787,.T.);
#2711=EDGE_CURVE('',#2117,#2118,#1226,.T.);
#2712=EDGE_CURVE('',#2119,#2118,#788,.T.);
#2713=EDGE_CURVE('',#1886,#2119,#789,.T.);
#2714=EDGE_CURVE('',#2115,#2120,#790,.T.);
#2715=EDGE_CURVE('',#2117,#2120,#1227,.T.);
#2716=EDGE_CURVE('',#2117,#2121,#1228,.T.);
#2717=EDGE_CURVE('',#2120,#2122,#1229,.T.);
#2718=EDGE_CURVE('',#2121,#2122,#1230,.T.);
#2719=EDGE_CURVE('',#1994,#1988,#1231,.T.);
#2720=EDGE_CURVE('',#1993,#2123,#1232,.T.);
#2721=EDGE_CURVE('',#2118,#2123,#1233,.T.);
#2722=EDGE_CURVE('',#2121,#1989,#1234,.T.);
#2723=EDGE_CURVE('',#1905,#1904,#1235,.T.);
#2724=EDGE_CURVE('',#1905,#1892,#1236,.T.);
#2725=EDGE_CURVE('',#2122,#1905,#1237,.T.);
#2726=EDGE_CURVE('',#2120,#2124,#1238,.T.);
#2727=EDGE_CURVE('',#2124,#2125,#1239,.T.);
#2728=EDGE_CURVE('',#1903,#2125,#1240,.T.);
#2729=EDGE_CURVE('',#1903,#1900,#1241,.T.);
#2730=EDGE_CURVE('',#1995,#1987,#1242,.T.);
#2731=EDGE_CURVE('',#1894,#1897,#1243,.T.);
#2732=EDGE_CURVE('',#2125,#2126,#791,.T.);
#2733=EDGE_CURVE('',#2127,#2126,#1244,.T.);
#2734=EDGE_CURVE('',#2122,#2127,#792,.T.);
#2735=EDGE_CURVE('',#1991,#1905,#793,.T.);
#2736=EDGE_CURVE('',#1896,#1992,#794,.T.);
#2737=EDGE_CURVE('',#1894,#1895,#795,.T.);
#2738=EDGE_CURVE('',#1895,#1898,#1245,.T.);
#2739=EDGE_CURVE('',#1998,#1902,#1246,.T.);
#2740=EDGE_CURVE('',#1899,#1998,#1247,.T.);
#2741=EDGE_CURVE('',#1898,#1996,#1248,.T.);
#2742=EDGE_CURVE('',#1990,#1997,#1249,.T.);
#2743=EDGE_CURVE('',#1893,#1891,#796,.T.);
#2744=EDGE_CURVE('',#1888,#1891,#1250,.T.);
#2745=EDGE_CURVE('',#1986,#2128,#1251,.T.);
#2746=EDGE_CURVE('',#1997,#2128,#797,.T.);
#2747=EDGE_CURVE('',#2128,#1959,#1252,.T.);
#2748=EDGE_CURVE('',#1893,#1901,#1253,.T.);
#2749=EDGE_CURVE('',#1891,#1960,#1254,.T.);
#2750=EDGE_CURVE('',#1890,#1962,#1255,.T.);
#2751=EDGE_CURVE('',#1891,#1890,#1256,.T.);
#2752=EDGE_CURVE('',#2129,#1961,#798,.T.);
#2753=EDGE_CURVE('',#1983,#2129,#1257,.T.);
#2754=EDGE_CURVE('',#1890,#1889,#799,.T.);
#2755=EDGE_CURVE('',#2128,#2130,#1258,.T.);
#2756=EDGE_CURVE('',#2130,#2131,#800,.T.);
#2757=EDGE_CURVE('',#2131,#2129,#1259,.T.);
#2758=EDGE_CURVE('',#2131,#1984,#1260,.T.);
#2759=EDGE_CURVE('',#2130,#1985,#1261,.T.);
#2760=EDGE_CURVE('',#1896,#1899,#1262,.T.);
#2761=EDGE_CURVE('',#2121,#2132,#801,.T.);
#2762=EDGE_CURVE('',#2132,#2133,#1263,.T.);
#2763=EDGE_CURVE('',#2123,#2133,#802,.T.);
#2764=EDGE_CURVE('',#2133,#2126,#1264,.T.);
#2765=EDGE_CURVE('',#2123,#2125,#1265,.T.);
#2766=EDGE_CURVE('',#2118,#2124,#1266,.T.);
#2767=EDGE_CURVE('',#2134,#2124,#803,.T.);
#2768=EDGE_CURVE('',#2119,#2134,#1267,.T.);
#2769=EDGE_CURVE('',#1887,#2134,#804,.T.);
#2770=EDGE_CURVE('',#2135,#2136,#1268,.T.);
#2771=EDGE_CURVE('',#2126,#2135,#1269,.T.);
#2772=EDGE_CURVE('',#2133,#2136,#1270,.T.);
#2773=EDGE_CURVE('',#2137,#2136,#805,.T.);
#2774=EDGE_CURVE('',#2138,#2137,#1271,.T.);
#2775=EDGE_CURVE('',#2135,#2138,#806,.T.);
#2776=EDGE_CURVE('',#2139,#2140,#807,.T.);
#2777=EDGE_CURVE('',#2140,#2137,#1272,.T.);
#2778=EDGE_CURVE('',#2132,#2139,#1273,.T.);
#2779=EDGE_CURVE('',#2141,#2139,#1274,.T.);
#2780=EDGE_CURVE('',#2142,#2141,#808,.T.);
#2781=EDGE_CURVE('',#2142,#2140,#1275,.T.);
#2782=EDGE_CURVE('',#2142,#2138,#1276,.T.);
#2783=EDGE_CURVE('',#2127,#2141,#1277,.T.);
#2784=EDGE_CURVE('',#2132,#2127,#1278,.T.);
#2785=EDGE_CURVE('',#2068,#2064,#809,.T.);
#2786=EDGE_CURVE('',#2082,#2079,#1279,.T.);
#2787=EDGE_CURVE('',#2082,#2143,#1280,.T.);
#2788=EDGE_CURVE('',#2079,#2144,#1281,.T.);
#2789=EDGE_CURVE('',#2143,#2144,#1282,.T.);
#2790=EDGE_CURVE('',#2145,#1977,#1283,.T.);
#2791=EDGE_CURVE('',#2081,#2145,#1284,.T.);
#2792=EDGE_CURVE('',#1974,#2143,#1285,.T.);
#2793=EDGE_CURVE('',#1973,#1978,#1286,.T.);
#2794=EDGE_CURVE('',#1878,#1875,#1287,.T.);
#2795=EDGE_CURVE('',#1972,#1979,#1288,.T.);
#2796=EDGE_CURVE('',#1868,#1865,#1289,.T.);
#2797=EDGE_CURVE('',#1868,#2144,#1290,.T.);
#2798=EDGE_CURVE('',#2078,#2146,#1291,.T.);
#2799=EDGE_CURVE('',#2146,#1878,#1292,.T.);
#2800=EDGE_CURVE('',#2146,#2147,#810,.T.);
#2801=EDGE_CURVE('',#2147,#2148,#1293,.T.);
#2802=EDGE_CURVE('',#2144,#2148,#811,.T.);
#2803=EDGE_CURVE('',#1868,#1975,#812,.T.);
#2804=EDGE_CURVE('',#1869,#1872,#1294,.T.);
#2805=EDGE_CURVE('',#1871,#1874,#1295,.T.);
#2806=EDGE_CURVE('',#1976,#1871,#813,.T.);
#2807=EDGE_CURVE('',#2143,#2149,#814,.T.);
#2808=EDGE_CURVE('',#2150,#2149,#1296,.T.);
#2809=EDGE_CURVE('',#2145,#2150,#815,.T.);
#2810=EDGE_CURVE('',#1874,#1982,#1297,.T.);
#2811=EDGE_CURVE('',#1982,#1877,#1298,.T.);
#2812=EDGE_CURVE('',#1866,#1876,#1299,.T.);
#2813=EDGE_CURVE('',#1975,#1971,#1300,.T.);
#2814=EDGE_CURVE('',#1971,#1981,#1301,.T.);
#2815=EDGE_CURVE('',#1873,#1980,#1302,.T.);
#2816=EDGE_CURVE('',#1870,#1873,#1303,.T.);
#2817=EDGE_CURVE('',#1869,#1870,#816,.T.);
#2818=EDGE_CURVE('',#1868,#1867,#1304,.T.);
#2819=EDGE_CURVE('',#1981,#2151,#817,.T.);
#2820=EDGE_CURVE('',#2151,#1963,#1305,.T.);
#2821=EDGE_CURVE('',#1970,#2151,#1306,.T.);
#2822=EDGE_CURVE('',#1866,#1864,#818,.T.);
#2823=EDGE_CURVE('',#1861,#1864,#1307,.T.);
#2824=EDGE_CURVE('',#1864,#1863,#1308,.T.);
#2825=EDGE_CURVE('',#1863,#1862,#819,.T.);
#2826=EDGE_CURVE('',#2152,#1965,#820,.T.);
#2827=EDGE_CURVE('',#1967,#2152,#1309,.T.);
#2828=EDGE_CURVE('',#1863,#1966,#1310,.T.);
#2829=EDGE_CURVE('',#2151,#2153,#1311,.T.);
#2830=EDGE_CURVE('',#2153,#2154,#821,.T.);
#2831=EDGE_CURVE('',#2154,#2152,#1312,.T.);
#2832=EDGE_CURVE('',#2154,#1968,#1313,.T.);
#2833=EDGE_CURVE('',#2153,#1969,#1314,.T.);
#2834=EDGE_CURVE('',#1864,#1964,#1315,.T.);
#2835=EDGE_CURVE('',#2150,#2147,#1316,.T.);
#2836=EDGE_CURVE('',#2145,#2146,#1317,.T.);
#2837=EDGE_CURVE('',#2155,#2156,#1318,.T.);
#2838=EDGE_CURVE('',#2147,#2155,#1319,.T.);
#2839=EDGE_CURVE('',#2150,#2156,#1320,.T.);
#2840=EDGE_CURVE('',#2157,#2156,#822,.T.);
#2841=EDGE_CURVE('',#2158,#2157,#1321,.T.);
#2842=EDGE_CURVE('',#2155,#2158,#823,.T.);
#2843=EDGE_CURVE('',#2149,#2159,#1322,.T.);
#2844=EDGE_CURVE('',#2159,#2160,#824,.T.);
#2845=EDGE_CURVE('',#2157,#2160,#1323,.T.);
#2846=EDGE_CURVE('',#2161,#2160,#1324,.T.);
#2847=EDGE_CURVE('',#2158,#2161,#1325,.T.);
#2848=EDGE_CURVE('',#2161,#2162,#825,.T.);
#2849=EDGE_CURVE('',#2148,#2162,#1326,.T.);
#2850=EDGE_CURVE('',#2162,#2159,#1327,.T.);
#2851=EDGE_CURVE('',#2149,#2148,#1328,.T.);
#2852=EDGE_CURVE('',#2057,#2050,#1329,.T.);
#2853=EDGE_CURVE('',#2051,#2056,#1330,.T.);
#2854=EDGE_CURVE('',#2052,#2055,#1331,.T.);
#2855=EDGE_CURVE('',#2035,#2163,#826,.T.);
#2856=EDGE_CURVE('',#2163,#1951,#1332,.T.);
#2857=EDGE_CURVE('',#2040,#2163,#1333,.T.);
#2858=EDGE_CURVE('',#1860,#1858,#827,.T.);
#2859=EDGE_CURVE('',#1855,#1858,#1334,.T.);
#2860=EDGE_CURVE('',#1858,#1857,#1335,.T.);
#2861=EDGE_CURVE('',#1857,#1856,#828,.T.);
#2862=EDGE_CURVE('',#2164,#1953,#829,.T.);
#2863=EDGE_CURVE('',#2037,#2164,#1336,.T.);
#2864=EDGE_CURVE('',#1857,#1954,#1337,.T.);
#2865=EDGE_CURVE('',#2163,#2165,#1338,.T.);
#2866=EDGE_CURVE('',#2165,#2166,#830,.T.);
#2867=EDGE_CURVE('',#2166,#2164,#1339,.T.);
#2868=EDGE_CURVE('',#2166,#2038,#1340,.T.);
#2869=EDGE_CURVE('',#2165,#2039,#1341,.T.);
#2870=EDGE_CURVE('',#1858,#1952,#1342,.T.);
#2871=ORIENTED_EDGE('',*,*,#2167,.T.);
#2872=ORIENTED_EDGE('',*,*,#2168,.F.);
#2873=ORIENTED_EDGE('',*,*,#2169,.F.);
#2874=ORIENTED_EDGE('',*,*,#2170,.F.);
#2875=ORIENTED_EDGE('',*,*,#2171,.T.);
#2876=ORIENTED_EDGE('',*,*,#2170,.T.);
#2877=ORIENTED_EDGE('',*,*,#2172,.F.);
#2878=ORIENTED_EDGE('',*,*,#2173,.F.);
#2879=ORIENTED_EDGE('',*,*,#2174,.T.);
#2880=ORIENTED_EDGE('',*,*,#2175,.F.);
#2881=ORIENTED_EDGE('',*,*,#2176,.F.);
#2882=ORIENTED_EDGE('',*,*,#2177,.F.);
#2883=ORIENTED_EDGE('',*,*,#2178,.T.);
#2884=ORIENTED_EDGE('',*,*,#2177,.T.);
#2885=ORIENTED_EDGE('',*,*,#2179,.F.);
#2886=ORIENTED_EDGE('',*,*,#2180,.F.);
#2887=ORIENTED_EDGE('',*,*,#2181,.T.);
#2888=ORIENTED_EDGE('',*,*,#2182,.F.);
#2889=ORIENTED_EDGE('',*,*,#2183,.F.);
#2890=ORIENTED_EDGE('',*,*,#2184,.T.);
#2891=ORIENTED_EDGE('',*,*,#2185,.T.);
#2892=ORIENTED_EDGE('',*,*,#2186,.T.);
#2893=ORIENTED_EDGE('',*,*,#2187,.F.);
#2894=ORIENTED_EDGE('',*,*,#2188,.T.);
#2895=ORIENTED_EDGE('',*,*,#2189,.T.);
#2896=ORIENTED_EDGE('',*,*,#2190,.F.);
#2897=ORIENTED_EDGE('',*,*,#2191,.T.);
#2898=ORIENTED_EDGE('',*,*,#2192,.F.);
#2899=ORIENTED_EDGE('',*,*,#2193,.F.);
#2900=ORIENTED_EDGE('',*,*,#2194,.T.);
#2901=ORIENTED_EDGE('',*,*,#2195,.F.);
#2902=ORIENTED_EDGE('',*,*,#2196,.T.);
#2903=ORIENTED_EDGE('',*,*,#2197,.T.);
#2904=ORIENTED_EDGE('',*,*,#2198,.F.);
#2905=ORIENTED_EDGE('',*,*,#2199,.T.);
#2906=ORIENTED_EDGE('',*,*,#2200,.T.);
#2907=ORIENTED_EDGE('',*,*,#2201,.T.);
#2908=ORIENTED_EDGE('',*,*,#2202,.F.);
#2909=ORIENTED_EDGE('',*,*,#2203,.T.);
#2910=ORIENTED_EDGE('',*,*,#2204,.T.);
#2911=ORIENTED_EDGE('',*,*,#2205,.F.);
#2912=ORIENTED_EDGE('',*,*,#2206,.F.);
#2913=ORIENTED_EDGE('',*,*,#2207,.F.);
#2914=ORIENTED_EDGE('',*,*,#2208,.T.);
#2915=ORIENTED_EDGE('',*,*,#2207,.T.);
#2916=ORIENTED_EDGE('',*,*,#2209,.F.);
#2917=ORIENTED_EDGE('',*,*,#2210,.F.);
#2918=ORIENTED_EDGE('',*,*,#2211,.T.);
#2919=ORIENTED_EDGE('',*,*,#2212,.T.);
#2920=ORIENTED_EDGE('',*,*,#2213,.F.);
#2921=ORIENTED_EDGE('',*,*,#2214,.T.);
#2922=ORIENTED_EDGE('',*,*,#2215,.T.);
#2923=ORIENTED_EDGE('',*,*,#2216,.F.);
#2924=ORIENTED_EDGE('',*,*,#2217,.T.);
#2925=ORIENTED_EDGE('',*,*,#2218,.F.);
#2926=ORIENTED_EDGE('',*,*,#2219,.F.);
#2927=ORIENTED_EDGE('',*,*,#2220,.T.);
#2928=ORIENTED_EDGE('',*,*,#2221,.T.);
#2929=ORIENTED_EDGE('',*,*,#2222,.F.);
#2930=ORIENTED_EDGE('',*,*,#2223,.F.);
#2931=ORIENTED_EDGE('',*,*,#2224,.T.);
#2932=ORIENTED_EDGE('',*,*,#2225,.F.);
#2933=ORIENTED_EDGE('',*,*,#2226,.F.);
#2934=ORIENTED_EDGE('',*,*,#2227,.T.);
#2935=ORIENTED_EDGE('',*,*,#2228,.F.);
#2936=ORIENTED_EDGE('',*,*,#2229,.T.);
#2937=ORIENTED_EDGE('',*,*,#2230,.T.);
#2938=ORIENTED_EDGE('',*,*,#2231,.T.);
#2939=ORIENTED_EDGE('',*,*,#2232,.F.);
#2940=ORIENTED_EDGE('',*,*,#2233,.F.);
#2941=ORIENTED_EDGE('',*,*,#2234,.F.);
#2942=ORIENTED_EDGE('',*,*,#2235,.T.);
#2943=ORIENTED_EDGE('',*,*,#2234,.T.);
#2944=ORIENTED_EDGE('',*,*,#2236,.F.);
#2945=ORIENTED_EDGE('',*,*,#2237,.F.);
#2946=ORIENTED_EDGE('',*,*,#2238,.T.);
#2947=ORIENTED_EDGE('',*,*,#2239,.T.);
#2948=ORIENTED_EDGE('',*,*,#2240,.F.);
#2949=ORIENTED_EDGE('',*,*,#2241,.T.);
#2950=ORIENTED_EDGE('',*,*,#2242,.T.);
#2951=ORIENTED_EDGE('',*,*,#2243,.F.);
#2952=ORIENTED_EDGE('',*,*,#2244,.T.);
#2953=ORIENTED_EDGE('',*,*,#2245,.F.);
#2954=ORIENTED_EDGE('',*,*,#2246,.F.);
#2955=ORIENTED_EDGE('',*,*,#2247,.T.);
#2956=ORIENTED_EDGE('',*,*,#2248,.T.);
#2957=ORIENTED_EDGE('',*,*,#2249,.F.);
#2958=ORIENTED_EDGE('',*,*,#2250,.F.);
#2959=ORIENTED_EDGE('',*,*,#2251,.T.);
#2960=ORIENTED_EDGE('',*,*,#2252,.T.);
#2961=ORIENTED_EDGE('',*,*,#2253,.F.);
#2962=ORIENTED_EDGE('',*,*,#2254,.F.);
#2963=ORIENTED_EDGE('',*,*,#2255,.T.);
#2964=ORIENTED_EDGE('',*,*,#2256,.F.);
#2965=ORIENTED_EDGE('',*,*,#2257,.T.);
#2966=ORIENTED_EDGE('',*,*,#2258,.T.);
#2967=ORIENTED_EDGE('',*,*,#2259,.F.);
#2968=ORIENTED_EDGE('',*,*,#2260,.T.);
#2969=ORIENTED_EDGE('',*,*,#2261,.T.);
#2970=ORIENTED_EDGE('',*,*,#2262,.F.);
#2971=ORIENTED_EDGE('',*,*,#2263,.F.);
#2972=ORIENTED_EDGE('',*,*,#2264,.T.);
#2973=ORIENTED_EDGE('',*,*,#2265,.T.);
#2974=ORIENTED_EDGE('',*,*,#2266,.F.);
#2975=ORIENTED_EDGE('',*,*,#2267,.F.);
#2976=ORIENTED_EDGE('',*,*,#2268,.T.);
#2977=ORIENTED_EDGE('',*,*,#2269,.T.);
#2978=ORIENTED_EDGE('',*,*,#2270,.T.);
#2979=ORIENTED_EDGE('',*,*,#2271,.F.);
#2980=ORIENTED_EDGE('',*,*,#2272,.T.);
#2981=ORIENTED_EDGE('',*,*,#2273,.T.);
#2982=ORIENTED_EDGE('',*,*,#2274,.F.);
#2983=ORIENTED_EDGE('',*,*,#2275,.T.);
#2984=ORIENTED_EDGE('',*,*,#2276,.F.);
#2985=ORIENTED_EDGE('',*,*,#2265,.F.);
#2986=ORIENTED_EDGE('',*,*,#2277,.T.);
#2987=ORIENTED_EDGE('',*,*,#2278,.T.);
#2988=ORIENTED_EDGE('',*,*,#2279,.F.);
#2989=ORIENTED_EDGE('',*,*,#2275,.F.);
#2990=ORIENTED_EDGE('',*,*,#2280,.T.);
#2991=ORIENTED_EDGE('',*,*,#2281,.T.);
#2992=ORIENTED_EDGE('',*,*,#2282,.F.);
#2993=ORIENTED_EDGE('',*,*,#2244,.F.);
#2994=ORIENTED_EDGE('',*,*,#2283,.T.);
#2995=ORIENTED_EDGE('',*,*,#2284,.T.);
#2996=ORIENTED_EDGE('',*,*,#2285,.F.);
#2997=ORIENTED_EDGE('',*,*,#2281,.F.);
#2998=ORIENTED_EDGE('',*,*,#2286,.T.);
#2999=ORIENTED_EDGE('',*,*,#2287,.T.);
#3000=ORIENTED_EDGE('',*,*,#2288,.F.);
#3001=ORIENTED_EDGE('',*,*,#2217,.F.);
#3002=ORIENTED_EDGE('',*,*,#2289,.T.);
#3003=ORIENTED_EDGE('',*,*,#2290,.T.);
#3004=ORIENTED_EDGE('',*,*,#2291,.F.);
#3005=ORIENTED_EDGE('',*,*,#2287,.F.);
#3006=ORIENTED_EDGE('',*,*,#2292,.T.);
#3007=ORIENTED_EDGE('',*,*,#2293,.T.);
#3008=ORIENTED_EDGE('',*,*,#2294,.F.);
#3009=ORIENTED_EDGE('',*,*,#2191,.F.);
#3010=ORIENTED_EDGE('',*,*,#2295,.T.);
#3011=ORIENTED_EDGE('',*,*,#2296,.T.);
#3012=ORIENTED_EDGE('',*,*,#2297,.F.);
#3013=ORIENTED_EDGE('',*,*,#2293,.F.);
#3014=ORIENTED_EDGE('',*,*,#2298,.T.);
#3015=ORIENTED_EDGE('',*,*,#2299,.T.);
#3016=ORIENTED_EDGE('',*,*,#2300,.T.);
#3017=ORIENTED_EDGE('',*,*,#2301,.F.);
#3018=ORIENTED_EDGE('',*,*,#2302,.T.);
#3019=ORIENTED_EDGE('',*,*,#2303,.F.);
#3020=ORIENTED_EDGE('',*,*,#2304,.T.);
#3021=ORIENTED_EDGE('',*,*,#2305,.T.);
#3022=ORIENTED_EDGE('',*,*,#2304,.F.);
#3023=ORIENTED_EDGE('',*,*,#2306,.F.);
#3024=ORIENTED_EDGE('',*,*,#2307,.T.);
#3025=ORIENTED_EDGE('',*,*,#2175,.T.);
#3026=ORIENTED_EDGE('',*,*,#2308,.T.);
#3027=ORIENTED_EDGE('',*,*,#2309,.T.);
#3028=ORIENTED_EDGE('',*,*,#2310,.F.);
#3029=ORIENTED_EDGE('',*,*,#2311,.F.);
#3030=ORIENTED_EDGE('',*,*,#2312,.T.);
#3031=ORIENTED_EDGE('',*,*,#2179,.T.);
#3032=ORIENTED_EDGE('',*,*,#2176,.T.);
#3033=ORIENTED_EDGE('',*,*,#2184,.F.);
#3034=ORIENTED_EDGE('',*,*,#2313,.T.);
#3035=ORIENTED_EDGE('',*,*,#2314,.F.);
#3036=ORIENTED_EDGE('',*,*,#2315,.T.);
#3037=ORIENTED_EDGE('',*,*,#2316,.T.);
#3038=ORIENTED_EDGE('',*,*,#2317,.T.);
#3039=ORIENTED_EDGE('',*,*,#2318,.F.);
#3040=ORIENTED_EDGE('',*,*,#2185,.F.);
#3041=ORIENTED_EDGE('',*,*,#2319,.F.);
#3042=ORIENTED_EDGE('',*,*,#2320,.T.);
#3043=ORIENTED_EDGE('',*,*,#2311,.T.);
#3044=ORIENTED_EDGE('',*,*,#2321,.T.);
#3045=ORIENTED_EDGE('',*,*,#2322,.T.);
#3046=ORIENTED_EDGE('',*,*,#2323,.F.);
#3047=ORIENTED_EDGE('',*,*,#2324,.F.);
#3048=ORIENTED_EDGE('',*,*,#2325,.F.);
#3049=ORIENTED_EDGE('',*,*,#2326,.T.);
#3050=ORIENTED_EDGE('',*,*,#2327,.T.);
#3051=ORIENTED_EDGE('',*,*,#2328,.F.);
#3052=ORIENTED_EDGE('',*,*,#2329,.F.);
#3053=ORIENTED_EDGE('',*,*,#2322,.F.);
#3054=ORIENTED_EDGE('',*,*,#2330,.F.);
#3055=ORIENTED_EDGE('',*,*,#2331,.T.);
#3056=ORIENTED_EDGE('',*,*,#2323,.T.);
#3057=ORIENTED_EDGE('',*,*,#2331,.F.);
#3058=ORIENTED_EDGE('',*,*,#2332,.F.);
#3059=ORIENTED_EDGE('',*,*,#2333,.T.);
#3060=ORIENTED_EDGE('',*,*,#2324,.T.);
#3061=ORIENTED_EDGE('',*,*,#2194,.F.);
#3062=ORIENTED_EDGE('',*,*,#2334,.T.);
#3063=ORIENTED_EDGE('',*,*,#2335,.T.);
#3064=ORIENTED_EDGE('',*,*,#2336,.T.);
#3065=ORIENTED_EDGE('',*,*,#2337,.T.);
#3066=ORIENTED_EDGE('',*,*,#2338,.T.);
#3067=ORIENTED_EDGE('',*,*,#2339,.T.);
#3068=ORIENTED_EDGE('',*,*,#2340,.T.);
#3069=ORIENTED_EDGE('',*,*,#2341,.F.);
#3070=ORIENTED_EDGE('',*,*,#2342,.T.);
#3071=ORIENTED_EDGE('',*,*,#2337,.F.);
#3072=ORIENTED_EDGE('',*,*,#2343,.T.);
#3073=ORIENTED_EDGE('',*,*,#2344,.F.);
#3074=ORIENTED_EDGE('',*,*,#2340,.F.);
#3075=ORIENTED_EDGE('',*,*,#2345,.F.);
#3076=ORIENTED_EDGE('',*,*,#2326,.F.);
#3077=ORIENTED_EDGE('',*,*,#2346,.T.);
#3078=ORIENTED_EDGE('',*,*,#2347,.T.);
#3079=ORIENTED_EDGE('',*,*,#2348,.F.);
#3080=ORIENTED_EDGE('',*,*,#2349,.T.);
#3081=ORIENTED_EDGE('',*,*,#2350,.F.);
#3082=ORIENTED_EDGE('',*,*,#2351,.T.);
#3083=ORIENTED_EDGE('',*,*,#2206,.T.);
#3084=ORIENTED_EDGE('',*,*,#2205,.T.);
#3085=ORIENTED_EDGE('',*,*,#2352,.T.);
#3086=ORIENTED_EDGE('',*,*,#2353,.T.);
#3087=ORIENTED_EDGE('',*,*,#2354,.F.);
#3088=ORIENTED_EDGE('',*,*,#2355,.F.);
#3089=ORIENTED_EDGE('',*,*,#2356,.T.);
#3090=ORIENTED_EDGE('',*,*,#2209,.T.);
#3091=ORIENTED_EDGE('',*,*,#2357,.T.);
#3092=ORIENTED_EDGE('',*,*,#2351,.F.);
#3093=ORIENTED_EDGE('',*,*,#2358,.F.);
#3094=ORIENTED_EDGE('',*,*,#2359,.T.);
#3095=ORIENTED_EDGE('',*,*,#2223,.T.);
#3096=ORIENTED_EDGE('',*,*,#2359,.F.);
#3097=ORIENTED_EDGE('',*,*,#2360,.F.);
#3098=ORIENTED_EDGE('',*,*,#2361,.T.);
#3099=ORIENTED_EDGE('',*,*,#2224,.F.);
#3100=ORIENTED_EDGE('',*,*,#2361,.F.);
#3101=ORIENTED_EDGE('',*,*,#2362,.F.);
#3102=ORIENTED_EDGE('',*,*,#2363,.T.);
#3103=ORIENTED_EDGE('',*,*,#2364,.T.);
#3104=ORIENTED_EDGE('',*,*,#2365,.T.);
#3105=ORIENTED_EDGE('',*,*,#2366,.F.);
#3106=ORIENTED_EDGE('',*,*,#2211,.F.);
#3107=ORIENTED_EDGE('',*,*,#2367,.T.);
#3108=ORIENTED_EDGE('',*,*,#2368,.T.);
#3109=ORIENTED_EDGE('',*,*,#2355,.T.);
#3110=ORIENTED_EDGE('',*,*,#2369,.F.);
#3111=ORIENTED_EDGE('',*,*,#2370,.T.);
#3112=ORIENTED_EDGE('',*,*,#2371,.F.);
#3113=ORIENTED_EDGE('',*,*,#2372,.F.);
#3114=ORIENTED_EDGE('',*,*,#2373,.F.);
#3115=ORIENTED_EDGE('',*,*,#2374,.T.);
#3116=ORIENTED_EDGE('',*,*,#2375,.T.);
#3117=ORIENTED_EDGE('',*,*,#2376,.F.);
#3118=ORIENTED_EDGE('',*,*,#2377,.F.);
#3119=ORIENTED_EDGE('',*,*,#2370,.F.);
#3120=ORIENTED_EDGE('',*,*,#2378,.F.);
#3121=ORIENTED_EDGE('',*,*,#2379,.T.);
#3122=ORIENTED_EDGE('',*,*,#2371,.T.);
#3123=ORIENTED_EDGE('',*,*,#2379,.F.);
#3124=ORIENTED_EDGE('',*,*,#2380,.F.);
#3125=ORIENTED_EDGE('',*,*,#2381,.T.);
#3126=ORIENTED_EDGE('',*,*,#2372,.T.);
#3127=ORIENTED_EDGE('',*,*,#2220,.F.);
#3128=ORIENTED_EDGE('',*,*,#2382,.F.);
#3129=ORIENTED_EDGE('',*,*,#2383,.T.);
#3130=ORIENTED_EDGE('',*,*,#2384,.T.);
#3131=ORIENTED_EDGE('',*,*,#2385,.T.);
#3132=ORIENTED_EDGE('',*,*,#2386,.F.);
#3133=ORIENTED_EDGE('',*,*,#2387,.T.);
#3134=ORIENTED_EDGE('',*,*,#2388,.T.);
#3135=ORIENTED_EDGE('',*,*,#2389,.F.);
#3136=ORIENTED_EDGE('',*,*,#2390,.F.);
#3137=ORIENTED_EDGE('',*,*,#2385,.F.);
#3138=ORIENTED_EDGE('',*,*,#2391,.T.);
#3139=ORIENTED_EDGE('',*,*,#2392,.T.);
#3140=ORIENTED_EDGE('',*,*,#2388,.F.);
#3141=ORIENTED_EDGE('',*,*,#2393,.T.);
#3142=ORIENTED_EDGE('',*,*,#2374,.F.);
#3143=ORIENTED_EDGE('',*,*,#2394,.T.);
#3144=ORIENTED_EDGE('',*,*,#2395,.T.);
#3145=ORIENTED_EDGE('',*,*,#2396,.T.);
#3146=ORIENTED_EDGE('',*,*,#2397,.F.);
#3147=ORIENTED_EDGE('',*,*,#2398,.F.);
#3148=ORIENTED_EDGE('',*,*,#2399,.T.);
#3149=ORIENTED_EDGE('',*,*,#2400,.F.);
#3150=ORIENTED_EDGE('',*,*,#2401,.F.);
#3151=ORIENTED_EDGE('',*,*,#2402,.T.);
#3152=ORIENTED_EDGE('',*,*,#2403,.T.);
#3153=ORIENTED_EDGE('',*,*,#2404,.F.);
#3154=ORIENTED_EDGE('',*,*,#2405,.T.);
#3155=ORIENTED_EDGE('',*,*,#2406,.F.);
#3156=ORIENTED_EDGE('',*,*,#2407,.T.);
#3157=ORIENTED_EDGE('',*,*,#2408,.T.);
#3158=ORIENTED_EDGE('',*,*,#2407,.F.);
#3159=ORIENTED_EDGE('',*,*,#2409,.F.);
#3160=ORIENTED_EDGE('',*,*,#2410,.T.);
#3161=ORIENTED_EDGE('',*,*,#2232,.T.);
#3162=ORIENTED_EDGE('',*,*,#2411,.T.);
#3163=ORIENTED_EDGE('',*,*,#2412,.T.);
#3164=ORIENTED_EDGE('',*,*,#2413,.F.);
#3165=ORIENTED_EDGE('',*,*,#2414,.F.);
#3166=ORIENTED_EDGE('',*,*,#2415,.T.);
#3167=ORIENTED_EDGE('',*,*,#2236,.T.);
#3168=ORIENTED_EDGE('',*,*,#2233,.T.);
#3169=ORIENTED_EDGE('',*,*,#2250,.T.);
#3170=ORIENTED_EDGE('',*,*,#2410,.F.);
#3171=ORIENTED_EDGE('',*,*,#2416,.F.);
#3172=ORIENTED_EDGE('',*,*,#2417,.T.);
#3173=ORIENTED_EDGE('',*,*,#2251,.F.);
#3174=ORIENTED_EDGE('',*,*,#2417,.F.);
#3175=ORIENTED_EDGE('',*,*,#2418,.F.);
#3176=ORIENTED_EDGE('',*,*,#2419,.T.);
#3177=ORIENTED_EDGE('',*,*,#2420,.T.);
#3178=ORIENTED_EDGE('',*,*,#2421,.T.);
#3179=ORIENTED_EDGE('',*,*,#2422,.F.);
#3180=ORIENTED_EDGE('',*,*,#2238,.F.);
#3181=ORIENTED_EDGE('',*,*,#2423,.T.);
#3182=ORIENTED_EDGE('',*,*,#2424,.T.);
#3183=ORIENTED_EDGE('',*,*,#2414,.T.);
#3184=ORIENTED_EDGE('',*,*,#2425,.F.);
#3185=ORIENTED_EDGE('',*,*,#2426,.T.);
#3186=ORIENTED_EDGE('',*,*,#2427,.F.);
#3187=ORIENTED_EDGE('',*,*,#2428,.F.);
#3188=ORIENTED_EDGE('',*,*,#2429,.F.);
#3189=ORIENTED_EDGE('',*,*,#2430,.T.);
#3190=ORIENTED_EDGE('',*,*,#2431,.T.);
#3191=ORIENTED_EDGE('',*,*,#2432,.F.);
#3192=ORIENTED_EDGE('',*,*,#2433,.F.);
#3193=ORIENTED_EDGE('',*,*,#2426,.F.);
#3194=ORIENTED_EDGE('',*,*,#2434,.F.);
#3195=ORIENTED_EDGE('',*,*,#2435,.T.);
#3196=ORIENTED_EDGE('',*,*,#2427,.T.);
#3197=ORIENTED_EDGE('',*,*,#2435,.F.);
#3198=ORIENTED_EDGE('',*,*,#2436,.F.);
#3199=ORIENTED_EDGE('',*,*,#2437,.T.);
#3200=ORIENTED_EDGE('',*,*,#2428,.T.);
#3201=ORIENTED_EDGE('',*,*,#2247,.F.);
#3202=ORIENTED_EDGE('',*,*,#2438,.F.);
#3203=ORIENTED_EDGE('',*,*,#2439,.T.);
#3204=ORIENTED_EDGE('',*,*,#2440,.T.);
#3205=ORIENTED_EDGE('',*,*,#2441,.T.);
#3206=ORIENTED_EDGE('',*,*,#2442,.F.);
#3207=ORIENTED_EDGE('',*,*,#2443,.T.);
#3208=ORIENTED_EDGE('',*,*,#2444,.T.);
#3209=ORIENTED_EDGE('',*,*,#2445,.F.);
#3210=ORIENTED_EDGE('',*,*,#2446,.F.);
#3211=ORIENTED_EDGE('',*,*,#2441,.F.);
#3212=ORIENTED_EDGE('',*,*,#2447,.T.);
#3213=ORIENTED_EDGE('',*,*,#2448,.T.);
#3214=ORIENTED_EDGE('',*,*,#2444,.F.);
#3215=ORIENTED_EDGE('',*,*,#2449,.T.);
#3216=ORIENTED_EDGE('',*,*,#2430,.F.);
#3217=ORIENTED_EDGE('',*,*,#2450,.F.);
#3218=ORIENTED_EDGE('',*,*,#2451,.T.);
#3219=ORIENTED_EDGE('',*,*,#2452,.F.);
#3220=ORIENTED_EDGE('',*,*,#2453,.F.);
#3221=ORIENTED_EDGE('',*,*,#2454,.T.);
#3222=ORIENTED_EDGE('',*,*,#2455,.T.);
#3223=ORIENTED_EDGE('',*,*,#2456,.T.);
#3224=ORIENTED_EDGE('',*,*,#2457,.F.);
#3225=ORIENTED_EDGE('',*,*,#2458,.F.);
#3226=ORIENTED_EDGE('',*,*,#2459,.T.);
#3227=ORIENTED_EDGE('',*,*,#2460,.F.);
#3228=ORIENTED_EDGE('',*,*,#2461,.F.);
#3229=ORIENTED_EDGE('',*,*,#2462,.T.);
#3230=ORIENTED_EDGE('',*,*,#2463,.T.);
#3231=ORIENTED_EDGE('',*,*,#2464,.T.);
#3232=ORIENTED_EDGE('',*,*,#2465,.F.);
#3233=ORIENTED_EDGE('',*,*,#2466,.F.);
#3234=ORIENTED_EDGE('',*,*,#2467,.T.);
#3235=ORIENTED_EDGE('',*,*,#2468,.F.);
#3236=ORIENTED_EDGE('',*,*,#2469,.F.);
#3237=ORIENTED_EDGE('',*,*,#2470,.T.);
#3238=ORIENTED_EDGE('',*,*,#2471,.T.);
#3239=ORIENTED_EDGE('',*,*,#2472,.T.);
#3240=ORIENTED_EDGE('',*,*,#2473,.F.);
#3241=ORIENTED_EDGE('',*,*,#2474,.T.);
#3242=ORIENTED_EDGE('',*,*,#2475,.F.);
#3243=ORIENTED_EDGE('',*,*,#2476,.F.);
#3244=ORIENTED_EDGE('',*,*,#2477,.F.);
#3245=ORIENTED_EDGE('',*,*,#2478,.T.);
#3246=ORIENTED_EDGE('',*,*,#2479,.T.);
#3247=ORIENTED_EDGE('',*,*,#2480,.F.);
#3248=ORIENTED_EDGE('',*,*,#2481,.F.);
#3249=ORIENTED_EDGE('',*,*,#2474,.F.);
#3250=ORIENTED_EDGE('',*,*,#2482,.F.);
#3251=ORIENTED_EDGE('',*,*,#2483,.T.);
#3252=ORIENTED_EDGE('',*,*,#2475,.T.);
#3253=ORIENTED_EDGE('',*,*,#2483,.F.);
#3254=ORIENTED_EDGE('',*,*,#2484,.F.);
#3255=ORIENTED_EDGE('',*,*,#2485,.T.);
#3256=ORIENTED_EDGE('',*,*,#2476,.T.);
#3257=ORIENTED_EDGE('',*,*,#2268,.F.);
#3258=ORIENTED_EDGE('',*,*,#2486,.T.);
#3259=ORIENTED_EDGE('',*,*,#2487,.T.);
#3260=ORIENTED_EDGE('',*,*,#2488,.T.);
#3261=ORIENTED_EDGE('',*,*,#2489,.T.);
#3262=ORIENTED_EDGE('',*,*,#2490,.T.);
#3263=ORIENTED_EDGE('',*,*,#2491,.T.);
#3264=ORIENTED_EDGE('',*,*,#2492,.T.);
#3265=ORIENTED_EDGE('',*,*,#2493,.F.);
#3266=ORIENTED_EDGE('',*,*,#2494,.T.);
#3267=ORIENTED_EDGE('',*,*,#2489,.F.);
#3268=ORIENTED_EDGE('',*,*,#2495,.T.);
#3269=ORIENTED_EDGE('',*,*,#2496,.F.);
#3270=ORIENTED_EDGE('',*,*,#2492,.F.);
#3271=ORIENTED_EDGE('',*,*,#2497,.F.);
#3272=ORIENTED_EDGE('',*,*,#2478,.F.);
#3273=ORIENTED_EDGE('',*,*,#2498,.T.);
#3274=ORIENTED_EDGE('',*,*,#2499,.T.);
#3275=ORIENTED_EDGE('',*,*,#2500,.F.);
#3276=ORIENTED_EDGE('',*,*,#2501,.T.);
#3277=ORIENTED_EDGE('',*,*,#2502,.F.);
#3278=ORIENTED_EDGE('',*,*,#2503,.T.);
#3279=ORIENTED_EDGE('',*,*,#2504,.T.);
#3280=ORIENTED_EDGE('',*,*,#2503,.F.);
#3281=ORIENTED_EDGE('',*,*,#2505,.F.);
#3282=ORIENTED_EDGE('',*,*,#2506,.T.);
#3283=ORIENTED_EDGE('',*,*,#2168,.T.);
#3284=ORIENTED_EDGE('',*,*,#2507,.T.);
#3285=ORIENTED_EDGE('',*,*,#2508,.T.);
#3286=ORIENTED_EDGE('',*,*,#2509,.F.);
#3287=ORIENTED_EDGE('',*,*,#2510,.F.);
#3288=ORIENTED_EDGE('',*,*,#2511,.T.);
#3289=ORIENTED_EDGE('',*,*,#2172,.T.);
#3290=ORIENTED_EDGE('',*,*,#2169,.T.);
#3291=ORIENTED_EDGE('',*,*,#2264,.F.);
#3292=ORIENTED_EDGE('',*,*,#2512,.T.);
#3293=ORIENTED_EDGE('',*,*,#2513,.F.);
#3294=ORIENTED_EDGE('',*,*,#2514,.T.);
#3295=ORIENTED_EDGE('',*,*,#2515,.T.);
#3296=ORIENTED_EDGE('',*,*,#2516,.T.);
#3297=ORIENTED_EDGE('',*,*,#2517,.F.);
#3298=ORIENTED_EDGE('',*,*,#2272,.F.);
#3299=ORIENTED_EDGE('',*,*,#2518,.F.);
#3300=ORIENTED_EDGE('',*,*,#2519,.T.);
#3301=ORIENTED_EDGE('',*,*,#2510,.T.);
#3302=ORIENTED_EDGE('',*,*,#2520,.T.);
#3303=ORIENTED_EDGE('',*,*,#2521,.T.);
#3304=ORIENTED_EDGE('',*,*,#2522,.F.);
#3305=ORIENTED_EDGE('',*,*,#2523,.F.);
#3306=ORIENTED_EDGE('',*,*,#2524,.T.);
#3307=ORIENTED_EDGE('',*,*,#2525,.T.);
#3308=ORIENTED_EDGE('',*,*,#2526,.T.);
#3309=ORIENTED_EDGE('',*,*,#2527,.F.);
#3310=ORIENTED_EDGE('',*,*,#2528,.F.);
#3311=ORIENTED_EDGE('',*,*,#2521,.F.);
#3312=ORIENTED_EDGE('',*,*,#2529,.T.);
#3313=ORIENTED_EDGE('',*,*,#2527,.T.);
#3314=ORIENTED_EDGE('',*,*,#2530,.F.);
#3315=ORIENTED_EDGE('',*,*,#2531,.T.);
#3316=ORIENTED_EDGE('',*,*,#2532,.F.);
#3317=ORIENTED_EDGE('',*,*,#2533,.T.);
#3318=ORIENTED_EDGE('',*,*,#2534,.T.);
#3319=ORIENTED_EDGE('',*,*,#2528,.T.);
#3320=ORIENTED_EDGE('',*,*,#2534,.F.);
#3321=ORIENTED_EDGE('',*,*,#2535,.T.);
#3322=ORIENTED_EDGE('',*,*,#2522,.T.);
#3323=ORIENTED_EDGE('',*,*,#2536,.F.);
#3324=ORIENTED_EDGE('',*,*,#2537,.T.);
#3325=ORIENTED_EDGE('',*,*,#2538,.T.);
#3326=ORIENTED_EDGE('',*,*,#2535,.F.);
#3327=ORIENTED_EDGE('',*,*,#2539,.F.);
#3328=ORIENTED_EDGE('',*,*,#2540,.F.);
#3329=ORIENTED_EDGE('',*,*,#2520,.F.);
#3330=ORIENTED_EDGE('',*,*,#2541,.T.);
#3331=ORIENTED_EDGE('',*,*,#2536,.T.);
#3332=ORIENTED_EDGE('',*,*,#2533,.F.);
#3333=ORIENTED_EDGE('',*,*,#2542,.F.);
#3334=ORIENTED_EDGE('',*,*,#2543,.T.);
#3335=ORIENTED_EDGE('',*,*,#2497,.T.);
#3336=ORIENTED_EDGE('',*,*,#2496,.T.);
#3337=ORIENTED_EDGE('',*,*,#2515,.F.);
#3338=ORIENTED_EDGE('',*,*,#2539,.T.);
#3339=ORIENTED_EDGE('',*,*,#2544,.T.);
#3340=ORIENTED_EDGE('',*,*,#2545,.T.);
#3341=ORIENTED_EDGE('',*,*,#2266,.T.);
#3342=ORIENTED_EDGE('',*,*,#2546,.F.);
#3343=ORIENTED_EDGE('',*,*,#2261,.F.);
#3344=ORIENTED_EDGE('',*,*,#2516,.F.);
#3345=ORIENTED_EDGE('',*,*,#2263,.T.);
#3346=ORIENTED_EDGE('',*,*,#2506,.F.);
#3347=ORIENTED_EDGE('',*,*,#2547,.F.);
#3348=ORIENTED_EDGE('',*,*,#2512,.F.);
#3349=ORIENTED_EDGE('',*,*,#2513,.T.);
#3350=ORIENTED_EDGE('',*,*,#2547,.T.);
#3351=ORIENTED_EDGE('',*,*,#2548,.T.);
#3352=ORIENTED_EDGE('',*,*,#2487,.F.);
#3353=ORIENTED_EDGE('',*,*,#2549,.F.);
#3354=ORIENTED_EDGE('',*,*,#2550,.F.);
#3355=ORIENTED_EDGE('',*,*,#2551,.T.);
#3356=ORIENTED_EDGE('',*,*,#2550,.T.);
#3357=ORIENTED_EDGE('',*,*,#2269,.F.);
#3358=ORIENTED_EDGE('',*,*,#2552,.F.);
#3359=ORIENTED_EDGE('',*,*,#2551,.F.);
#3360=ORIENTED_EDGE('',*,*,#2274,.T.);
#3361=ORIENTED_EDGE('',*,*,#2514,.F.);
#3362=ORIENTED_EDGE('',*,*,#2519,.F.);
#3363=ORIENTED_EDGE('',*,*,#2540,.T.);
#3364=ORIENTED_EDGE('',*,*,#2273,.F.);
#3365=ORIENTED_EDGE('',*,*,#2517,.T.);
#3366=ORIENTED_EDGE('',*,*,#2553,.F.);
#3367=ORIENTED_EDGE('',*,*,#2554,.T.);
#3368=ORIENTED_EDGE('',*,*,#2494,.F.);
#3369=ORIENTED_EDGE('',*,*,#2555,.F.);
#3370=ORIENTED_EDGE('',*,*,#2556,.T.);
#3371=ORIENTED_EDGE('',*,*,#2523,.T.);
#3372=ORIENTED_EDGE('',*,*,#2538,.F.);
#3373=ORIENTED_EDGE('',*,*,#2557,.F.);
#3374=ORIENTED_EDGE('',*,*,#2553,.T.);
#3375=ORIENTED_EDGE('',*,*,#2518,.T.);
#3376=ORIENTED_EDGE('',*,*,#2552,.T.);
#3377=ORIENTED_EDGE('',*,*,#2490,.F.);
#3378=ORIENTED_EDGE('',*,*,#2491,.F.);
#3379=ORIENTED_EDGE('',*,*,#2271,.T.);
#3380=ORIENTED_EDGE('',*,*,#2495,.F.);
#3381=ORIENTED_EDGE('',*,*,#2485,.F.);
#3382=ORIENTED_EDGE('',*,*,#2558,.F.);
#3383=ORIENTED_EDGE('',*,*,#2493,.T.);
#3384=ORIENTED_EDGE('',*,*,#2477,.T.);
#3385=ORIENTED_EDGE('',*,*,#2558,.T.);
#3386=ORIENTED_EDGE('',*,*,#2484,.T.);
#3387=ORIENTED_EDGE('',*,*,#2482,.T.);
#3388=ORIENTED_EDGE('',*,*,#2481,.T.);
#3389=ORIENTED_EDGE('',*,*,#2559,.F.);
#3390=ORIENTED_EDGE('',*,*,#2507,.F.);
#3391=ORIENTED_EDGE('',*,*,#2167,.F.);
#3392=ORIENTED_EDGE('',*,*,#2171,.F.);
#3393=ORIENTED_EDGE('',*,*,#2560,.F.);
#3394=ORIENTED_EDGE('',*,*,#2557,.T.);
#3395=ORIENTED_EDGE('',*,*,#2561,.F.);
#3396=ORIENTED_EDGE('',*,*,#2562,.F.);
#3397=ORIENTED_EDGE('',*,*,#2563,.T.);
#3398=ORIENTED_EDGE('',*,*,#2555,.T.);
#3399=ORIENTED_EDGE('',*,*,#2564,.T.);
#3400=ORIENTED_EDGE('',*,*,#2565,.T.);
#3401=ORIENTED_EDGE('',*,*,#2563,.F.);
#3402=ORIENTED_EDGE('',*,*,#2566,.F.);
#3403=ORIENTED_EDGE('',*,*,#2479,.F.);
#3404=ORIENTED_EDGE('',*,*,#2543,.F.);
#3405=ORIENTED_EDGE('',*,*,#2564,.F.);
#3406=ORIENTED_EDGE('',*,*,#2567,.T.);
#3407=ORIENTED_EDGE('',*,*,#2568,.T.);
#3408=ORIENTED_EDGE('',*,*,#2541,.F.);
#3409=ORIENTED_EDGE('',*,*,#2509,.T.);
#3410=ORIENTED_EDGE('',*,*,#2569,.T.);
#3411=ORIENTED_EDGE('',*,*,#2559,.T.);
#3412=ORIENTED_EDGE('',*,*,#2480,.T.);
#3413=ORIENTED_EDGE('',*,*,#2569,.F.);
#3414=ORIENTED_EDGE('',*,*,#2508,.F.);
#3415=ORIENTED_EDGE('',*,*,#2511,.F.);
#3416=ORIENTED_EDGE('',*,*,#2554,.F.);
#3417=ORIENTED_EDGE('',*,*,#2560,.T.);
#3418=ORIENTED_EDGE('',*,*,#2173,.T.);
#3419=ORIENTED_EDGE('',*,*,#2568,.F.);
#3420=ORIENTED_EDGE('',*,*,#2570,.T.);
#3421=ORIENTED_EDGE('',*,*,#2561,.T.);
#3422=ORIENTED_EDGE('',*,*,#2537,.F.);
#3423=ORIENTED_EDGE('',*,*,#2571,.F.);
#3424=ORIENTED_EDGE('',*,*,#2468,.T.);
#3425=ORIENTED_EDGE('',*,*,#2572,.T.);
#3426=ORIENTED_EDGE('',*,*,#2570,.F.);
#3427=ORIENTED_EDGE('',*,*,#2258,.F.);
#3428=ORIENTED_EDGE('',*,*,#2573,.T.);
#3429=ORIENTED_EDGE('',*,*,#2574,.T.);
#3430=ORIENTED_EDGE('',*,*,#2469,.T.);
#3431=ORIENTED_EDGE('',*,*,#2571,.T.);
#3432=ORIENTED_EDGE('',*,*,#2567,.F.);
#3433=ORIENTED_EDGE('',*,*,#2575,.F.);
#3434=ORIENTED_EDGE('',*,*,#2576,.F.);
#3435=ORIENTED_EDGE('',*,*,#2259,.T.);
#3436=ORIENTED_EDGE('',*,*,#2576,.T.);
#3437=ORIENTED_EDGE('',*,*,#2577,.T.);
#3438=ORIENTED_EDGE('',*,*,#2578,.F.);
#3439=ORIENTED_EDGE('',*,*,#2470,.F.);
#3440=ORIENTED_EDGE('',*,*,#2260,.F.);
#3441=ORIENTED_EDGE('',*,*,#2579,.T.);
#3442=ORIENTED_EDGE('',*,*,#2580,.T.);
#3443=ORIENTED_EDGE('',*,*,#2195,.T.);
#3444=ORIENTED_EDGE('',*,*,#2581,.T.);
#3445=ORIENTED_EDGE('',*,*,#2582,.T.);
#3446=ORIENTED_EDGE('',*,*,#2583,.F.);
#3447=ORIENTED_EDGE('',*,*,#2252,.F.);
#3448=ORIENTED_EDGE('',*,*,#2584,.F.);
#3449=ORIENTED_EDGE('',*,*,#2228,.T.);
#3450=ORIENTED_EDGE('',*,*,#2585,.T.);
#3451=ORIENTED_EDGE('',*,*,#2586,.T.);
#3452=ORIENTED_EDGE('',*,*,#2587,.T.);
#3453=ORIENTED_EDGE('',*,*,#2588,.F.);
#3454=ORIENTED_EDGE('',*,*,#2471,.F.);
#3455=ORIENTED_EDGE('',*,*,#2579,.F.);
#3456=ORIENTED_EDGE('',*,*,#2589,.T.);
#3457=ORIENTED_EDGE('',*,*,#2198,.T.);
#3458=ORIENTED_EDGE('',*,*,#2590,.T.);
#3459=ORIENTED_EDGE('',*,*,#2591,.F.);
#3460=ORIENTED_EDGE('',*,*,#2395,.F.);
#3461=ORIENTED_EDGE('',*,*,#2592,.F.);
#3462=ORIENTED_EDGE('',*,*,#2593,.F.);
#3463=ORIENTED_EDGE('',*,*,#2594,.T.);
#3464=ORIENTED_EDGE('',*,*,#2401,.T.);
#3465=ORIENTED_EDGE('',*,*,#2595,.F.);
#3466=ORIENTED_EDGE('',*,*,#2596,.F.);
#3467=ORIENTED_EDGE('',*,*,#2597,.T.);
#3468=ORIENTED_EDGE('',*,*,#2463,.F.);
#3469=ORIENTED_EDGE('',*,*,#2598,.F.);
#3470=ORIENTED_EDGE('',*,*,#2599,.T.);
#3471=ORIENTED_EDGE('',*,*,#2600,.T.);
#3472=ORIENTED_EDGE('',*,*,#2601,.F.);
#3473=ORIENTED_EDGE('',*,*,#2459,.F.);
#3474=ORIENTED_EDGE('',*,*,#2580,.F.);
#3475=ORIENTED_EDGE('',*,*,#2602,.T.);
#3476=ORIENTED_EDGE('',*,*,#2603,.T.);
#3477=ORIENTED_EDGE('',*,*,#2604,.T.);
#3478=ORIENTED_EDGE('',*,*,#2599,.F.);
#3479=ORIENTED_EDGE('',*,*,#2605,.F.);
#3480=ORIENTED_EDGE('',*,*,#2255,.F.);
#3481=ORIENTED_EDGE('',*,*,#2606,.T.);
#3482=ORIENTED_EDGE('',*,*,#2607,.T.);
#3483=ORIENTED_EDGE('',*,*,#2461,.T.);
#3484=ORIENTED_EDGE('',*,*,#2608,.T.);
#3485=ORIENTED_EDGE('',*,*,#2609,.F.);
#3486=ORIENTED_EDGE('',*,*,#2603,.F.);
#3487=ORIENTED_EDGE('',*,*,#2610,.F.);
#3488=ORIENTED_EDGE('',*,*,#2256,.T.);
#3489=ORIENTED_EDGE('',*,*,#2610,.T.);
#3490=ORIENTED_EDGE('',*,*,#2605,.T.);
#3491=ORIENTED_EDGE('',*,*,#2602,.F.);
#3492=ORIENTED_EDGE('',*,*,#2462,.F.);
#3493=ORIENTED_EDGE('',*,*,#2257,.F.);
#3494=ORIENTED_EDGE('',*,*,#2598,.T.);
#3495=ORIENTED_EDGE('',*,*,#2606,.F.);
#3496=ORIENTED_EDGE('',*,*,#2465,.T.);
#3497=ORIENTED_EDGE('',*,*,#2611,.F.);
#3498=ORIENTED_EDGE('',*,*,#2612,.T.);
#3499=ORIENTED_EDGE('',*,*,#2613,.T.);
#3500=ORIENTED_EDGE('',*,*,#2399,.F.);
#3501=ORIENTED_EDGE('',*,*,#2614,.T.);
#3502=ORIENTED_EDGE('',*,*,#2397,.T.);
#3503=ORIENTED_EDGE('',*,*,#2615,.T.);
#3504=ORIENTED_EDGE('',*,*,#2616,.F.);
#3505=ORIENTED_EDGE('',*,*,#2573,.F.);
#3506=ORIENTED_EDGE('',*,*,#2473,.T.);
#3507=ORIENTED_EDGE('',*,*,#2617,.T.);
#3508=ORIENTED_EDGE('',*,*,#2618,.F.);
#3509=ORIENTED_EDGE('',*,*,#2619,.F.);
#3510=ORIENTED_EDGE('',*,*,#2620,.F.);
#3511=ORIENTED_EDGE('',*,*,#2621,.T.);
#3512=ORIENTED_EDGE('',*,*,#2622,.T.);
#3513=ORIENTED_EDGE('',*,*,#2623,.F.);
#3514=ORIENTED_EDGE('',*,*,#2624,.F.);
#3515=ORIENTED_EDGE('',*,*,#2197,.F.);
#3516=ORIENTED_EDGE('',*,*,#2624,.T.);
#3517=ORIENTED_EDGE('',*,*,#2625,.F.);
#3518=ORIENTED_EDGE('',*,*,#2581,.F.);
#3519=ORIENTED_EDGE('',*,*,#2625,.T.);
#3520=ORIENTED_EDGE('',*,*,#2623,.T.);
#3521=ORIENTED_EDGE('',*,*,#2626,.F.);
#3522=ORIENTED_EDGE('',*,*,#2582,.F.);
#3523=ORIENTED_EDGE('',*,*,#2464,.F.);
#3524=ORIENTED_EDGE('',*,*,#2597,.F.);
#3525=ORIENTED_EDGE('',*,*,#2627,.T.);
#3526=ORIENTED_EDGE('',*,*,#2611,.T.);
#3527=ORIENTED_EDGE('',*,*,#2253,.T.);
#3528=ORIENTED_EDGE('',*,*,#2583,.T.);
#3529=ORIENTED_EDGE('',*,*,#2626,.T.);
#3530=ORIENTED_EDGE('',*,*,#2622,.F.);
#3531=ORIENTED_EDGE('',*,*,#2454,.F.);
#3532=ORIENTED_EDGE('',*,*,#2254,.T.);
#3533=ORIENTED_EDGE('',*,*,#2628,.T.);
#3534=ORIENTED_EDGE('',*,*,#2629,.T.);
#3535=ORIENTED_EDGE('',*,*,#2630,.T.);
#3536=ORIENTED_EDGE('',*,*,#2631,.F.);
#3537=ORIENTED_EDGE('',*,*,#2455,.F.);
#3538=ORIENTED_EDGE('',*,*,#2628,.F.);
#3539=ORIENTED_EDGE('',*,*,#2621,.F.);
#3540=ORIENTED_EDGE('',*,*,#2632,.T.);
#3541=ORIENTED_EDGE('',*,*,#2453,.T.);
#3542=ORIENTED_EDGE('',*,*,#2629,.F.);
#3543=ORIENTED_EDGE('',*,*,#2452,.T.);
#3544=ORIENTED_EDGE('',*,*,#2633,.T.);
#3545=ORIENTED_EDGE('',*,*,#2634,.F.);
#3546=ORIENTED_EDGE('',*,*,#2635,.F.);
#3547=ORIENTED_EDGE('',*,*,#2634,.T.);
#3548=ORIENTED_EDGE('',*,*,#2636,.T.);
#3549=ORIENTED_EDGE('',*,*,#2637,.F.);
#3550=ORIENTED_EDGE('',*,*,#2413,.T.);
#3551=ORIENTED_EDGE('',*,*,#2638,.F.);
#3552=ORIENTED_EDGE('',*,*,#2431,.F.);
#3553=ORIENTED_EDGE('',*,*,#2639,.T.);
#3554=ORIENTED_EDGE('',*,*,#2640,.F.);
#3555=ORIENTED_EDGE('',*,*,#2630,.F.);
#3556=ORIENTED_EDGE('',*,*,#2635,.T.);
#3557=ORIENTED_EDGE('',*,*,#2641,.T.);
#3558=ORIENTED_EDGE('',*,*,#2415,.F.);
#3559=ORIENTED_EDGE('',*,*,#2642,.F.);
#3560=ORIENTED_EDGE('',*,*,#2643,.T.);
#3561=ORIENTED_EDGE('',*,*,#2237,.T.);
#3562=ORIENTED_EDGE('',*,*,#2643,.F.);
#3563=ORIENTED_EDGE('',*,*,#2644,.F.);
#3564=ORIENTED_EDGE('',*,*,#2636,.F.);
#3565=ORIENTED_EDGE('',*,*,#2645,.T.);
#3566=ORIENTED_EDGE('',*,*,#2646,.T.);
#3567=ORIENTED_EDGE('',*,*,#2647,.F.);
#3568=ORIENTED_EDGE('',*,*,#2648,.T.);
#3569=ORIENTED_EDGE('',*,*,#2436,.T.);
#3570=ORIENTED_EDGE('',*,*,#2434,.T.);
#3571=ORIENTED_EDGE('',*,*,#2433,.T.);
#3572=ORIENTED_EDGE('',*,*,#2649,.T.);
#3573=ORIENTED_EDGE('',*,*,#2411,.F.);
#3574=ORIENTED_EDGE('',*,*,#2231,.F.);
#3575=ORIENTED_EDGE('',*,*,#2235,.F.);
#3576=ORIENTED_EDGE('',*,*,#2649,.F.);
#3577=ORIENTED_EDGE('',*,*,#2432,.T.);
#3578=ORIENTED_EDGE('',*,*,#2638,.T.);
#3579=ORIENTED_EDGE('',*,*,#2412,.F.);
#3580=ORIENTED_EDGE('',*,*,#2437,.F.);
#3581=ORIENTED_EDGE('',*,*,#2648,.F.);
#3582=ORIENTED_EDGE('',*,*,#2445,.T.);
#3583=ORIENTED_EDGE('',*,*,#2429,.T.);
#3584=ORIENTED_EDGE('',*,*,#2443,.F.);
#3585=ORIENTED_EDGE('',*,*,#2243,.T.);
#3586=ORIENTED_EDGE('',*,*,#2447,.F.);
#3587=ORIENTED_EDGE('',*,*,#2423,.F.);
#3588=ORIENTED_EDGE('',*,*,#2650,.T.);
#3589=ORIENTED_EDGE('',*,*,#2442,.T.);
#3590=ORIENTED_EDGE('',*,*,#2446,.T.);
#3591=ORIENTED_EDGE('',*,*,#2647,.T.);
#3592=ORIENTED_EDGE('',*,*,#2651,.T.);
#3593=ORIENTED_EDGE('',*,*,#2652,.F.);
#3594=ORIENTED_EDGE('',*,*,#2653,.F.);
#3595=ORIENTED_EDGE('',*,*,#2644,.T.);
#3596=ORIENTED_EDGE('',*,*,#2654,.F.);
#3597=ORIENTED_EDGE('',*,*,#2424,.F.);
#3598=ORIENTED_EDGE('',*,*,#2655,.F.);
#3599=ORIENTED_EDGE('',*,*,#2239,.F.);
#3600=ORIENTED_EDGE('',*,*,#2422,.T.);
#3601=ORIENTED_EDGE('',*,*,#2654,.T.);
#3602=ORIENTED_EDGE('',*,*,#2642,.T.);
#3603=ORIENTED_EDGE('',*,*,#2656,.F.);
#3604=ORIENTED_EDGE('',*,*,#2240,.T.);
#3605=ORIENTED_EDGE('',*,*,#2419,.F.);
#3606=ORIENTED_EDGE('',*,*,#2656,.T.);
#3607=ORIENTED_EDGE('',*,*,#2657,.T.);
#3608=ORIENTED_EDGE('',*,*,#2241,.F.);
#3609=ORIENTED_EDGE('',*,*,#2650,.F.);
#3610=ORIENTED_EDGE('',*,*,#2246,.T.);
#3611=ORIENTED_EDGE('',*,*,#2658,.F.);
#3612=ORIENTED_EDGE('',*,*,#2659,.F.);
#3613=ORIENTED_EDGE('',*,*,#2242,.F.);
#3614=ORIENTED_EDGE('',*,*,#2660,.T.);
#3615=ORIENTED_EDGE('',*,*,#2438,.T.);
#3616=ORIENTED_EDGE('',*,*,#2418,.T.);
#3617=ORIENTED_EDGE('',*,*,#2416,.T.);
#3618=ORIENTED_EDGE('',*,*,#2661,.T.);
#3619=ORIENTED_EDGE('',*,*,#2439,.F.);
#3620=ORIENTED_EDGE('',*,*,#2660,.F.);
#3621=ORIENTED_EDGE('',*,*,#2657,.F.);
#3622=ORIENTED_EDGE('',*,*,#2408,.F.);
#3623=ORIENTED_EDGE('',*,*,#2249,.T.);
#3624=ORIENTED_EDGE('',*,*,#2662,.T.);
#3625=ORIENTED_EDGE('',*,*,#2663,.F.);
#3626=ORIENTED_EDGE('',*,*,#2409,.T.);
#3627=ORIENTED_EDGE('',*,*,#2664,.T.);
#3628=ORIENTED_EDGE('',*,*,#2665,.F.);
#3629=ORIENTED_EDGE('',*,*,#2661,.F.);
#3630=ORIENTED_EDGE('',*,*,#2283,.F.);
#3631=ORIENTED_EDGE('',*,*,#2440,.F.);
#3632=ORIENTED_EDGE('',*,*,#2665,.T.);
#3633=ORIENTED_EDGE('',*,*,#2666,.T.);
#3634=ORIENTED_EDGE('',*,*,#2662,.F.);
#3635=ORIENTED_EDGE('',*,*,#2667,.T.);
#3636=ORIENTED_EDGE('',*,*,#2282,.T.);
#3637=ORIENTED_EDGE('',*,*,#2668,.F.);
#3638=ORIENTED_EDGE('',*,*,#2669,.F.);
#3639=ORIENTED_EDGE('',*,*,#2670,.F.);
#3640=ORIENTED_EDGE('',*,*,#2668,.T.);
#3641=ORIENTED_EDGE('',*,*,#2285,.T.);
#3642=ORIENTED_EDGE('',*,*,#2671,.F.);
#3643=ORIENTED_EDGE('',*,*,#2672,.F.);
#3644=ORIENTED_EDGE('',*,*,#2403,.F.);
#3645=ORIENTED_EDGE('',*,*,#2673,.F.);
#3646=ORIENTED_EDGE('',*,*,#2669,.T.);
#3647=ORIENTED_EDGE('',*,*,#2284,.F.);
#3648=ORIENTED_EDGE('',*,*,#2286,.F.);
#3649=ORIENTED_EDGE('',*,*,#2666,.F.);
#3650=ORIENTED_EDGE('',*,*,#2674,.T.);
#3651=ORIENTED_EDGE('',*,*,#2675,.T.);
#3652=ORIENTED_EDGE('',*,*,#2676,.T.);
#3653=ORIENTED_EDGE('',*,*,#2671,.T.);
#3654=ORIENTED_EDGE('',*,*,#2672,.T.);
#3655=ORIENTED_EDGE('',*,*,#2676,.F.);
#3656=ORIENTED_EDGE('',*,*,#2677,.T.);
#3657=ORIENTED_EDGE('',*,*,#2404,.T.);
#3658=ORIENTED_EDGE('',*,*,#2402,.F.);
#3659=ORIENTED_EDGE('',*,*,#2663,.T.);
#3660=ORIENTED_EDGE('',*,*,#2670,.T.);
#3661=ORIENTED_EDGE('',*,*,#2673,.T.);
#3662=ORIENTED_EDGE('',*,*,#2678,.F.);
#3663=ORIENTED_EDGE('',*,*,#2674,.F.);
#3664=ORIENTED_EDGE('',*,*,#2664,.F.);
#3665=ORIENTED_EDGE('',*,*,#2406,.T.);
#3666=ORIENTED_EDGE('',*,*,#2405,.F.);
#3667=ORIENTED_EDGE('',*,*,#2677,.F.);
#3668=ORIENTED_EDGE('',*,*,#2675,.F.);
#3669=ORIENTED_EDGE('',*,*,#2678,.T.);
#3670=ORIENTED_EDGE('',*,*,#2420,.F.);
#3671=ORIENTED_EDGE('',*,*,#2679,.T.);
#3672=ORIENTED_EDGE('',*,*,#2659,.T.);
#3673=ORIENTED_EDGE('',*,*,#2658,.T.);
#3674=ORIENTED_EDGE('',*,*,#2245,.T.);
#3675=ORIENTED_EDGE('',*,*,#2667,.F.);
#3676=ORIENTED_EDGE('',*,*,#2248,.F.);
#3677=ORIENTED_EDGE('',*,*,#2421,.F.);
#3678=ORIENTED_EDGE('',*,*,#2679,.F.);
#3679=ORIENTED_EDGE('',*,*,#2655,.T.);
#3680=ORIENTED_EDGE('',*,*,#2425,.T.);
#3681=ORIENTED_EDGE('',*,*,#2641,.F.);
#3682=ORIENTED_EDGE('',*,*,#2680,.T.);
#3683=ORIENTED_EDGE('',*,*,#2681,.T.);
#3684=ORIENTED_EDGE('',*,*,#2682,.F.);
#3685=ORIENTED_EDGE('',*,*,#2639,.F.);
#3686=ORIENTED_EDGE('',*,*,#2449,.F.);
#3687=ORIENTED_EDGE('',*,*,#2448,.F.);
#3688=ORIENTED_EDGE('',*,*,#2682,.T.);
#3689=ORIENTED_EDGE('',*,*,#2683,.T.);
#3690=ORIENTED_EDGE('',*,*,#2651,.F.);
#3691=ORIENTED_EDGE('',*,*,#2684,.F.);
#3692=ORIENTED_EDGE('',*,*,#2640,.T.);
#3693=ORIENTED_EDGE('',*,*,#2684,.T.);
#3694=ORIENTED_EDGE('',*,*,#2646,.F.);
#3695=ORIENTED_EDGE('',*,*,#2685,.F.);
#3696=ORIENTED_EDGE('',*,*,#2631,.T.);
#3697=ORIENTED_EDGE('',*,*,#2685,.T.);
#3698=ORIENTED_EDGE('',*,*,#2686,.F.);
#3699=ORIENTED_EDGE('',*,*,#2456,.F.);
#3700=ORIENTED_EDGE('',*,*,#2451,.F.);
#3701=ORIENTED_EDGE('',*,*,#2584,.T.);
#3702=ORIENTED_EDGE('',*,*,#2457,.T.);
#3703=ORIENTED_EDGE('',*,*,#2686,.T.);
#3704=ORIENTED_EDGE('',*,*,#2645,.F.);
#3705=ORIENTED_EDGE('',*,*,#2633,.F.);
#3706=ORIENTED_EDGE('',*,*,#2450,.T.);
#3707=ORIENTED_EDGE('',*,*,#2632,.F.);
#3708=ORIENTED_EDGE('',*,*,#2229,.F.);
#3709=ORIENTED_EDGE('',*,*,#2230,.F.);
#3710=ORIENTED_EDGE('',*,*,#2620,.T.);
#3711=ORIENTED_EDGE('',*,*,#2687,.F.);
#3712=ORIENTED_EDGE('',*,*,#2585,.F.);
#3713=ORIENTED_EDGE('',*,*,#2687,.T.);
#3714=ORIENTED_EDGE('',*,*,#2619,.T.);
#3715=ORIENTED_EDGE('',*,*,#2688,.F.);
#3716=ORIENTED_EDGE('',*,*,#2586,.F.);
#3717=ORIENTED_EDGE('',*,*,#2587,.F.);
#3718=ORIENTED_EDGE('',*,*,#2688,.T.);
#3719=ORIENTED_EDGE('',*,*,#2618,.T.);
#3720=ORIENTED_EDGE('',*,*,#2689,.F.);
#3721=ORIENTED_EDGE('',*,*,#2472,.F.);
#3722=ORIENTED_EDGE('',*,*,#2588,.T.);
#3723=ORIENTED_EDGE('',*,*,#2689,.T.);
#3724=ORIENTED_EDGE('',*,*,#2617,.F.);
#3725=ORIENTED_EDGE('',*,*,#2690,.F.);
#3726=ORIENTED_EDGE('',*,*,#2691,.F.);
#3727=ORIENTED_EDGE('',*,*,#2683,.F.);
#3728=ORIENTED_EDGE('',*,*,#2692,.T.);
#3729=ORIENTED_EDGE('',*,*,#2693,.F.);
#3730=ORIENTED_EDGE('',*,*,#2694,.F.);
#3731=ORIENTED_EDGE('',*,*,#2695,.F.);
#3732=ORIENTED_EDGE('',*,*,#2690,.T.);
#3733=ORIENTED_EDGE('',*,*,#2693,.T.);
#3734=ORIENTED_EDGE('',*,*,#2692,.F.);
#3735=ORIENTED_EDGE('',*,*,#2681,.F.);
#3736=ORIENTED_EDGE('',*,*,#2696,.T.);
#3737=ORIENTED_EDGE('',*,*,#2697,.T.);
#3738=ORIENTED_EDGE('',*,*,#2698,.T.);
#3739=ORIENTED_EDGE('',*,*,#2694,.T.);
#3740=ORIENTED_EDGE('',*,*,#2698,.F.);
#3741=ORIENTED_EDGE('',*,*,#2699,.F.);
#3742=ORIENTED_EDGE('',*,*,#2700,.T.);
#3743=ORIENTED_EDGE('',*,*,#2695,.T.);
#3744=ORIENTED_EDGE('',*,*,#2700,.F.);
#3745=ORIENTED_EDGE('',*,*,#2701,.T.);
#3746=ORIENTED_EDGE('',*,*,#2702,.F.);
#3747=ORIENTED_EDGE('',*,*,#2652,.T.);
#3748=ORIENTED_EDGE('',*,*,#2691,.T.);
#3749=ORIENTED_EDGE('',*,*,#2703,.T.);
#3750=ORIENTED_EDGE('',*,*,#2696,.F.);
#3751=ORIENTED_EDGE('',*,*,#2704,.T.);
#3752=ORIENTED_EDGE('',*,*,#2702,.T.);
#3753=ORIENTED_EDGE('',*,*,#2697,.F.);
#3754=ORIENTED_EDGE('',*,*,#2703,.F.);
#3755=ORIENTED_EDGE('',*,*,#2701,.F.);
#3756=ORIENTED_EDGE('',*,*,#2699,.T.);
#3757=ORIENTED_EDGE('',*,*,#2680,.F.);
#3758=ORIENTED_EDGE('',*,*,#2637,.T.);
#3759=ORIENTED_EDGE('',*,*,#2653,.T.);
#3760=ORIENTED_EDGE('',*,*,#2704,.F.);
#3761=ORIENTED_EDGE('',*,*,#2596,.T.);
#3762=ORIENTED_EDGE('',*,*,#2705,.T.);
#3763=ORIENTED_EDGE('',*,*,#2612,.F.);
#3764=ORIENTED_EDGE('',*,*,#2627,.F.);
#3765=ORIENTED_EDGE('',*,*,#2400,.T.);
#3766=ORIENTED_EDGE('',*,*,#2613,.F.);
#3767=ORIENTED_EDGE('',*,*,#2705,.F.);
#3768=ORIENTED_EDGE('',*,*,#2595,.T.);
#3769=ORIENTED_EDGE('',*,*,#2396,.F.);
#3770=ORIENTED_EDGE('',*,*,#2591,.T.);
#3771=ORIENTED_EDGE('',*,*,#2706,.T.);
#3772=ORIENTED_EDGE('',*,*,#2615,.F.);
#3773=ORIENTED_EDGE('',*,*,#2398,.T.);
#3774=ORIENTED_EDGE('',*,*,#2594,.F.);
#3775=ORIENTED_EDGE('',*,*,#2226,.T.);
#3776=ORIENTED_EDGE('',*,*,#2227,.F.);
#3777=ORIENTED_EDGE('',*,*,#2707,.T.);
#3778=ORIENTED_EDGE('',*,*,#2708,.F.);
#3779=ORIENTED_EDGE('',*,*,#2709,.F.);
#3780=ORIENTED_EDGE('',*,*,#2710,.T.);
#3781=ORIENTED_EDGE('',*,*,#2711,.T.);
#3782=ORIENTED_EDGE('',*,*,#2712,.F.);
#3783=ORIENTED_EDGE('',*,*,#2713,.F.);
#3784=ORIENTED_EDGE('',*,*,#2201,.F.);
#3785=ORIENTED_EDGE('',*,*,#2614,.F.);
#3786=ORIENTED_EDGE('',*,*,#2225,.T.);
#3787=ORIENTED_EDGE('',*,*,#2709,.T.);
#3788=ORIENTED_EDGE('',*,*,#2710,.F.);
#3789=ORIENTED_EDGE('',*,*,#2708,.T.);
#3790=ORIENTED_EDGE('',*,*,#2714,.T.);
#3791=ORIENTED_EDGE('',*,*,#2715,.F.);
#3792=ORIENTED_EDGE('',*,*,#2716,.F.);
#3793=ORIENTED_EDGE('',*,*,#2715,.T.);
#3794=ORIENTED_EDGE('',*,*,#2717,.T.);
#3795=ORIENTED_EDGE('',*,*,#2718,.F.);
#3796=ORIENTED_EDGE('',*,*,#2354,.T.);
#3797=ORIENTED_EDGE('',*,*,#2719,.F.);
#3798=ORIENTED_EDGE('',*,*,#2375,.F.);
#3799=ORIENTED_EDGE('',*,*,#2720,.T.);
#3800=ORIENTED_EDGE('',*,*,#2721,.F.);
#3801=ORIENTED_EDGE('',*,*,#2711,.F.);
#3802=ORIENTED_EDGE('',*,*,#2716,.T.);
#3803=ORIENTED_EDGE('',*,*,#2722,.T.);
#3804=ORIENTED_EDGE('',*,*,#2356,.F.);
#3805=ORIENTED_EDGE('',*,*,#2723,.F.);
#3806=ORIENTED_EDGE('',*,*,#2724,.T.);
#3807=ORIENTED_EDGE('',*,*,#2210,.T.);
#3808=ORIENTED_EDGE('',*,*,#2724,.F.);
#3809=ORIENTED_EDGE('',*,*,#2725,.F.);
#3810=ORIENTED_EDGE('',*,*,#2717,.F.);
#3811=ORIENTED_EDGE('',*,*,#2726,.T.);
#3812=ORIENTED_EDGE('',*,*,#2727,.T.);
#3813=ORIENTED_EDGE('',*,*,#2728,.F.);
#3814=ORIENTED_EDGE('',*,*,#2729,.T.);
#3815=ORIENTED_EDGE('',*,*,#2380,.T.);
#3816=ORIENTED_EDGE('',*,*,#2378,.T.);
#3817=ORIENTED_EDGE('',*,*,#2377,.T.);
#3818=ORIENTED_EDGE('',*,*,#2730,.T.);
#3819=ORIENTED_EDGE('',*,*,#2352,.F.);
#3820=ORIENTED_EDGE('',*,*,#2204,.F.);
#3821=ORIENTED_EDGE('',*,*,#2208,.F.);
#3822=ORIENTED_EDGE('',*,*,#2730,.F.);
#3823=ORIENTED_EDGE('',*,*,#2376,.T.);
#3824=ORIENTED_EDGE('',*,*,#2719,.T.);
#3825=ORIENTED_EDGE('',*,*,#2353,.F.);
#3826=ORIENTED_EDGE('',*,*,#2381,.F.);
#3827=ORIENTED_EDGE('',*,*,#2729,.F.);
#3828=ORIENTED_EDGE('',*,*,#2389,.T.);
#3829=ORIENTED_EDGE('',*,*,#2373,.T.);
#3830=ORIENTED_EDGE('',*,*,#2387,.F.);
#3831=ORIENTED_EDGE('',*,*,#2216,.T.);
#3832=ORIENTED_EDGE('',*,*,#2391,.F.);
#3833=ORIENTED_EDGE('',*,*,#2367,.F.);
#3834=ORIENTED_EDGE('',*,*,#2731,.T.);
#3835=ORIENTED_EDGE('',*,*,#2386,.T.);
#3836=ORIENTED_EDGE('',*,*,#2390,.T.);
#3837=ORIENTED_EDGE('',*,*,#2728,.T.);
#3838=ORIENTED_EDGE('',*,*,#2732,.T.);
#3839=ORIENTED_EDGE('',*,*,#2733,.F.);
#3840=ORIENTED_EDGE('',*,*,#2734,.F.);
#3841=ORIENTED_EDGE('',*,*,#2725,.T.);
#3842=ORIENTED_EDGE('',*,*,#2735,.F.);
#3843=ORIENTED_EDGE('',*,*,#2368,.F.);
#3844=ORIENTED_EDGE('',*,*,#2736,.F.);
#3845=ORIENTED_EDGE('',*,*,#2212,.F.);
#3846=ORIENTED_EDGE('',*,*,#2366,.T.);
#3847=ORIENTED_EDGE('',*,*,#2735,.T.);
#3848=ORIENTED_EDGE('',*,*,#2723,.T.);
#3849=ORIENTED_EDGE('',*,*,#2737,.F.);
#3850=ORIENTED_EDGE('',*,*,#2213,.T.);
#3851=ORIENTED_EDGE('',*,*,#2363,.F.);
#3852=ORIENTED_EDGE('',*,*,#2737,.T.);
#3853=ORIENTED_EDGE('',*,*,#2738,.T.);
#3854=ORIENTED_EDGE('',*,*,#2214,.F.);
#3855=ORIENTED_EDGE('',*,*,#2731,.F.);
#3856=ORIENTED_EDGE('',*,*,#2219,.T.);
#3857=ORIENTED_EDGE('',*,*,#2739,.F.);
#3858=ORIENTED_EDGE('',*,*,#2740,.F.);
#3859=ORIENTED_EDGE('',*,*,#2215,.F.);
#3860=ORIENTED_EDGE('',*,*,#2741,.T.);
#3861=ORIENTED_EDGE('',*,*,#2382,.T.);
#3862=ORIENTED_EDGE('',*,*,#2362,.T.);
#3863=ORIENTED_EDGE('',*,*,#2360,.T.);
#3864=ORIENTED_EDGE('',*,*,#2742,.T.);
#3865=ORIENTED_EDGE('',*,*,#2383,.F.);
#3866=ORIENTED_EDGE('',*,*,#2741,.F.);
#3867=ORIENTED_EDGE('',*,*,#2738,.F.);
#3868=ORIENTED_EDGE('',*,*,#2357,.F.);
#3869=ORIENTED_EDGE('',*,*,#2222,.T.);
#3870=ORIENTED_EDGE('',*,*,#2743,.T.);
#3871=ORIENTED_EDGE('',*,*,#2744,.F.);
#3872=ORIENTED_EDGE('',*,*,#2358,.T.);
#3873=ORIENTED_EDGE('',*,*,#2745,.T.);
#3874=ORIENTED_EDGE('',*,*,#2746,.F.);
#3875=ORIENTED_EDGE('',*,*,#2742,.F.);
#3876=ORIENTED_EDGE('',*,*,#2289,.F.);
#3877=ORIENTED_EDGE('',*,*,#2384,.F.);
#3878=ORIENTED_EDGE('',*,*,#2746,.T.);
#3879=ORIENTED_EDGE('',*,*,#2747,.T.);
#3880=ORIENTED_EDGE('',*,*,#2743,.F.);
#3881=ORIENTED_EDGE('',*,*,#2748,.T.);
#3882=ORIENTED_EDGE('',*,*,#2288,.T.);
#3883=ORIENTED_EDGE('',*,*,#2749,.F.);
#3884=ORIENTED_EDGE('',*,*,#2750,.F.);
#3885=ORIENTED_EDGE('',*,*,#2751,.F.);
#3886=ORIENTED_EDGE('',*,*,#2749,.T.);
#3887=ORIENTED_EDGE('',*,*,#2291,.T.);
#3888=ORIENTED_EDGE('',*,*,#2752,.F.);
#3889=ORIENTED_EDGE('',*,*,#2753,.F.);
#3890=ORIENTED_EDGE('',*,*,#2347,.F.);
#3891=ORIENTED_EDGE('',*,*,#2754,.F.);
#3892=ORIENTED_EDGE('',*,*,#2750,.T.);
#3893=ORIENTED_EDGE('',*,*,#2290,.F.);
#3894=ORIENTED_EDGE('',*,*,#2292,.F.);
#3895=ORIENTED_EDGE('',*,*,#2747,.F.);
#3896=ORIENTED_EDGE('',*,*,#2755,.T.);
#3897=ORIENTED_EDGE('',*,*,#2756,.T.);
#3898=ORIENTED_EDGE('',*,*,#2757,.T.);
#3899=ORIENTED_EDGE('',*,*,#2752,.T.);
#3900=ORIENTED_EDGE('',*,*,#2349,.F.);
#3901=ORIENTED_EDGE('',*,*,#2758,.F.);
#3902=ORIENTED_EDGE('',*,*,#2756,.F.);
#3903=ORIENTED_EDGE('',*,*,#2759,.T.);
#3904=ORIENTED_EDGE('',*,*,#2346,.F.);
#3905=ORIENTED_EDGE('',*,*,#2744,.T.);
#3906=ORIENTED_EDGE('',*,*,#2751,.T.);
#3907=ORIENTED_EDGE('',*,*,#2754,.T.);
#3908=ORIENTED_EDGE('',*,*,#2758,.T.);
#3909=ORIENTED_EDGE('',*,*,#2348,.T.);
#3910=ORIENTED_EDGE('',*,*,#2753,.T.);
#3911=ORIENTED_EDGE('',*,*,#2757,.F.);
#3912=ORIENTED_EDGE('',*,*,#2759,.F.);
#3913=ORIENTED_EDGE('',*,*,#2755,.F.);
#3914=ORIENTED_EDGE('',*,*,#2745,.F.);
#3915=ORIENTED_EDGE('',*,*,#2350,.T.);
#3916=ORIENTED_EDGE('',*,*,#2364,.F.);
#3917=ORIENTED_EDGE('',*,*,#2760,.T.);
#3918=ORIENTED_EDGE('',*,*,#2740,.T.);
#3919=ORIENTED_EDGE('',*,*,#2739,.T.);
#3920=ORIENTED_EDGE('',*,*,#2218,.T.);
#3921=ORIENTED_EDGE('',*,*,#2748,.F.);
#3922=ORIENTED_EDGE('',*,*,#2221,.F.);
#3923=ORIENTED_EDGE('',*,*,#2365,.F.);
#3924=ORIENTED_EDGE('',*,*,#2760,.F.);
#3925=ORIENTED_EDGE('',*,*,#2736,.T.);
#3926=ORIENTED_EDGE('',*,*,#2369,.T.);
#3927=ORIENTED_EDGE('',*,*,#2722,.F.);
#3928=ORIENTED_EDGE('',*,*,#2761,.T.);
#3929=ORIENTED_EDGE('',*,*,#2762,.T.);
#3930=ORIENTED_EDGE('',*,*,#2763,.F.);
#3931=ORIENTED_EDGE('',*,*,#2720,.F.);
#3932=ORIENTED_EDGE('',*,*,#2393,.F.);
#3933=ORIENTED_EDGE('',*,*,#2392,.F.);
#3934=ORIENTED_EDGE('',*,*,#2763,.T.);
#3935=ORIENTED_EDGE('',*,*,#2764,.T.);
#3936=ORIENTED_EDGE('',*,*,#2732,.F.);
#3937=ORIENTED_EDGE('',*,*,#2765,.F.);
#3938=ORIENTED_EDGE('',*,*,#2721,.T.);
#3939=ORIENTED_EDGE('',*,*,#2765,.T.);
#3940=ORIENTED_EDGE('',*,*,#2727,.F.);
#3941=ORIENTED_EDGE('',*,*,#2766,.F.);
#3942=ORIENTED_EDGE('',*,*,#2712,.T.);
#3943=ORIENTED_EDGE('',*,*,#2766,.T.);
#3944=ORIENTED_EDGE('',*,*,#2767,.F.);
#3945=ORIENTED_EDGE('',*,*,#2768,.F.);
#3946=ORIENTED_EDGE('',*,*,#2202,.T.);
#3947=ORIENTED_EDGE('',*,*,#2713,.T.);
#3948=ORIENTED_EDGE('',*,*,#2768,.T.);
#3949=ORIENTED_EDGE('',*,*,#2769,.F.);
#3950=ORIENTED_EDGE('',*,*,#2394,.F.);
#3951=ORIENTED_EDGE('',*,*,#2203,.F.);
#3952=ORIENTED_EDGE('',*,*,#2592,.T.);
#3953=ORIENTED_EDGE('',*,*,#2707,.F.);
#3954=ORIENTED_EDGE('',*,*,#2593,.T.);
#3955=ORIENTED_EDGE('',*,*,#2769,.T.);
#3956=ORIENTED_EDGE('',*,*,#2767,.T.);
#3957=ORIENTED_EDGE('',*,*,#2726,.F.);
#3958=ORIENTED_EDGE('',*,*,#2714,.F.);
#3959=ORIENTED_EDGE('',*,*,#2770,.F.);
#3960=ORIENTED_EDGE('',*,*,#2771,.F.);
#3961=ORIENTED_EDGE('',*,*,#2764,.F.);
#3962=ORIENTED_EDGE('',*,*,#2772,.T.);
#3963=ORIENTED_EDGE('',*,*,#2773,.F.);
#3964=ORIENTED_EDGE('',*,*,#2774,.F.);
#3965=ORIENTED_EDGE('',*,*,#2775,.F.);
#3966=ORIENTED_EDGE('',*,*,#2770,.T.);
#3967=ORIENTED_EDGE('',*,*,#2776,.T.);
#3968=ORIENTED_EDGE('',*,*,#2777,.T.);
#3969=ORIENTED_EDGE('',*,*,#2773,.T.);
#3970=ORIENTED_EDGE('',*,*,#2772,.F.);
#3971=ORIENTED_EDGE('',*,*,#2762,.F.);
#3972=ORIENTED_EDGE('',*,*,#2778,.T.);
#3973=ORIENTED_EDGE('',*,*,#2776,.F.);
#3974=ORIENTED_EDGE('',*,*,#2779,.F.);
#3975=ORIENTED_EDGE('',*,*,#2780,.F.);
#3976=ORIENTED_EDGE('',*,*,#2781,.T.);
#3977=ORIENTED_EDGE('',*,*,#2781,.F.);
#3978=ORIENTED_EDGE('',*,*,#2782,.T.);
#3979=ORIENTED_EDGE('',*,*,#2774,.T.);
#3980=ORIENTED_EDGE('',*,*,#2777,.F.);
#3981=ORIENTED_EDGE('',*,*,#2780,.T.);
#3982=ORIENTED_EDGE('',*,*,#2783,.F.);
#3983=ORIENTED_EDGE('',*,*,#2733,.T.);
#3984=ORIENTED_EDGE('',*,*,#2771,.T.);
#3985=ORIENTED_EDGE('',*,*,#2775,.T.);
#3986=ORIENTED_EDGE('',*,*,#2782,.F.);
#3987=ORIENTED_EDGE('',*,*,#2779,.T.);
#3988=ORIENTED_EDGE('',*,*,#2778,.F.);
#3989=ORIENTED_EDGE('',*,*,#2784,.T.);
#3990=ORIENTED_EDGE('',*,*,#2783,.T.);
#3991=ORIENTED_EDGE('',*,*,#2761,.F.);
#3992=ORIENTED_EDGE('',*,*,#2718,.T.);
#3993=ORIENTED_EDGE('',*,*,#2734,.T.);
#3994=ORIENTED_EDGE('',*,*,#2784,.F.);
#3995=ORIENTED_EDGE('',*,*,#2200,.F.);
#3996=ORIENTED_EDGE('',*,*,#2616,.T.);
#3997=ORIENTED_EDGE('',*,*,#2706,.F.);
#3998=ORIENTED_EDGE('',*,*,#2590,.F.);
#3999=ORIENTED_EDGE('',*,*,#2466,.T.);
#4000=ORIENTED_EDGE('',*,*,#2574,.F.);
#4001=ORIENTED_EDGE('',*,*,#2199,.F.);
#4002=ORIENTED_EDGE('',*,*,#2785,.T.);
#4003=ORIENTED_EDGE('',*,*,#2562,.T.);
#4004=ORIENTED_EDGE('',*,*,#2572,.F.);
#4005=ORIENTED_EDGE('',*,*,#2467,.F.);
#4006=ORIENTED_EDGE('',*,*,#2589,.F.);
#4007=ORIENTED_EDGE('',*,*,#2578,.T.);
#4008=ORIENTED_EDGE('',*,*,#2575,.T.);
#4009=ORIENTED_EDGE('',*,*,#2566,.T.);
#4010=ORIENTED_EDGE('',*,*,#2785,.F.);
#4011=ORIENTED_EDGE('',*,*,#2577,.F.);
#4012=ORIENTED_EDGE('',*,*,#2458,.T.);
#4013=ORIENTED_EDGE('',*,*,#2607,.F.);
#4014=ORIENTED_EDGE('',*,*,#2196,.F.);
#4015=ORIENTED_EDGE('',*,*,#2608,.F.);
#4016=ORIENTED_EDGE('',*,*,#2460,.T.);
#4017=ORIENTED_EDGE('',*,*,#2601,.T.);
#4018=ORIENTED_EDGE('',*,*,#2786,.F.);
#4019=ORIENTED_EDGE('',*,*,#2787,.F.);
#4020=ORIENTED_EDGE('',*,*,#2786,.T.);
#4021=ORIENTED_EDGE('',*,*,#2788,.T.);
#4022=ORIENTED_EDGE('',*,*,#2789,.F.);
#4023=ORIENTED_EDGE('',*,*,#2327,.F.);
#4024=ORIENTED_EDGE('',*,*,#2790,.F.);
#4025=ORIENTED_EDGE('',*,*,#2791,.F.);
#4026=ORIENTED_EDGE('',*,*,#2609,.T.);
#4027=ORIENTED_EDGE('',*,*,#2787,.T.);
#4028=ORIENTED_EDGE('',*,*,#2792,.F.);
#4029=ORIENTED_EDGE('',*,*,#2310,.T.);
#4030=ORIENTED_EDGE('',*,*,#2793,.T.);
#4031=ORIENTED_EDGE('',*,*,#2333,.F.);
#4032=ORIENTED_EDGE('',*,*,#2794,.F.);
#4033=ORIENTED_EDGE('',*,*,#2341,.T.);
#4034=ORIENTED_EDGE('',*,*,#2325,.T.);
#4035=ORIENTED_EDGE('',*,*,#2794,.T.);
#4036=ORIENTED_EDGE('',*,*,#2332,.T.);
#4037=ORIENTED_EDGE('',*,*,#2330,.T.);
#4038=ORIENTED_EDGE('',*,*,#2329,.T.);
#4039=ORIENTED_EDGE('',*,*,#2795,.F.);
#4040=ORIENTED_EDGE('',*,*,#2308,.F.);
#4041=ORIENTED_EDGE('',*,*,#2174,.F.);
#4042=ORIENTED_EDGE('',*,*,#2178,.F.);
#4043=ORIENTED_EDGE('',*,*,#2796,.F.);
#4044=ORIENTED_EDGE('',*,*,#2797,.T.);
#4045=ORIENTED_EDGE('',*,*,#2788,.F.);
#4046=ORIENTED_EDGE('',*,*,#2600,.F.);
#4047=ORIENTED_EDGE('',*,*,#2798,.T.);
#4048=ORIENTED_EDGE('',*,*,#2799,.T.);
#4049=ORIENTED_EDGE('',*,*,#2342,.F.);
#4050=ORIENTED_EDGE('',*,*,#2799,.F.);
#4051=ORIENTED_EDGE('',*,*,#2800,.T.);
#4052=ORIENTED_EDGE('',*,*,#2801,.T.);
#4053=ORIENTED_EDGE('',*,*,#2802,.F.);
#4054=ORIENTED_EDGE('',*,*,#2797,.F.);
#4055=ORIENTED_EDGE('',*,*,#2803,.T.);
#4056=ORIENTED_EDGE('',*,*,#2319,.T.);
#4057=ORIENTED_EDGE('',*,*,#2804,.T.);
#4058=ORIENTED_EDGE('',*,*,#2338,.F.);
#4059=ORIENTED_EDGE('',*,*,#2339,.F.);
#4060=ORIENTED_EDGE('',*,*,#2190,.T.);
#4061=ORIENTED_EDGE('',*,*,#2343,.F.);
#4062=ORIENTED_EDGE('',*,*,#2805,.F.);
#4063=ORIENTED_EDGE('',*,*,#2806,.F.);
#4064=ORIENTED_EDGE('',*,*,#2321,.F.);
#4065=ORIENTED_EDGE('',*,*,#2792,.T.);
#4066=ORIENTED_EDGE('',*,*,#2807,.T.);
#4067=ORIENTED_EDGE('',*,*,#2808,.F.);
#4068=ORIENTED_EDGE('',*,*,#2809,.F.);
#4069=ORIENTED_EDGE('',*,*,#2790,.T.);
#4070=ORIENTED_EDGE('',*,*,#2345,.T.);
#4071=ORIENTED_EDGE('',*,*,#2344,.T.);
#4072=ORIENTED_EDGE('',*,*,#2316,.F.);
#4073=ORIENTED_EDGE('',*,*,#2805,.T.);
#4074=ORIENTED_EDGE('',*,*,#2810,.T.);
#4075=ORIENTED_EDGE('',*,*,#2811,.T.);
#4076=ORIENTED_EDGE('',*,*,#2192,.T.);
#4077=ORIENTED_EDGE('',*,*,#2812,.F.);
#4078=ORIENTED_EDGE('',*,*,#2181,.F.);
#4079=ORIENTED_EDGE('',*,*,#2317,.F.);
#4080=ORIENTED_EDGE('',*,*,#2183,.T.);
#4081=ORIENTED_EDGE('',*,*,#2307,.F.);
#4082=ORIENTED_EDGE('',*,*,#2813,.F.);
#4083=ORIENTED_EDGE('',*,*,#2313,.F.);
#4084=ORIENTED_EDGE('',*,*,#2314,.T.);
#4085=ORIENTED_EDGE('',*,*,#2813,.T.);
#4086=ORIENTED_EDGE('',*,*,#2814,.T.);
#4087=ORIENTED_EDGE('',*,*,#2335,.F.);
#4088=ORIENTED_EDGE('',*,*,#2815,.F.);
#4089=ORIENTED_EDGE('',*,*,#2816,.F.);
#4090=ORIENTED_EDGE('',*,*,#2817,.T.);
#4091=ORIENTED_EDGE('',*,*,#2816,.T.);
#4092=ORIENTED_EDGE('',*,*,#2188,.F.);
#4093=ORIENTED_EDGE('',*,*,#2804,.F.);
#4094=ORIENTED_EDGE('',*,*,#2817,.F.);
#4095=ORIENTED_EDGE('',*,*,#2187,.T.);
#4096=ORIENTED_EDGE('',*,*,#2315,.F.);
#4097=ORIENTED_EDGE('',*,*,#2320,.F.);
#4098=ORIENTED_EDGE('',*,*,#2806,.T.);
#4099=ORIENTED_EDGE('',*,*,#2186,.F.);
#4100=ORIENTED_EDGE('',*,*,#2318,.T.);
#4101=ORIENTED_EDGE('',*,*,#2803,.F.);
#4102=ORIENTED_EDGE('',*,*,#2818,.T.);
#4103=ORIENTED_EDGE('',*,*,#2312,.F.);
#4104=ORIENTED_EDGE('',*,*,#2818,.F.);
#4105=ORIENTED_EDGE('',*,*,#2796,.T.);
#4106=ORIENTED_EDGE('',*,*,#2180,.T.);
#4107=ORIENTED_EDGE('',*,*,#2795,.T.);
#4108=ORIENTED_EDGE('',*,*,#2328,.T.);
#4109=ORIENTED_EDGE('',*,*,#2793,.F.);
#4110=ORIENTED_EDGE('',*,*,#2309,.F.);
#4111=ORIENTED_EDGE('',*,*,#2193,.T.);
#4112=ORIENTED_EDGE('',*,*,#2811,.F.);
#4113=ORIENTED_EDGE('',*,*,#2810,.F.);
#4114=ORIENTED_EDGE('',*,*,#2189,.F.);
#4115=ORIENTED_EDGE('',*,*,#2815,.T.);
#4116=ORIENTED_EDGE('',*,*,#2334,.F.);
#4117=ORIENTED_EDGE('',*,*,#2295,.F.);
#4118=ORIENTED_EDGE('',*,*,#2336,.F.);
#4119=ORIENTED_EDGE('',*,*,#2819,.T.);
#4120=ORIENTED_EDGE('',*,*,#2820,.T.);
#4121=ORIENTED_EDGE('',*,*,#2306,.T.);
#4122=ORIENTED_EDGE('',*,*,#2821,.T.);
#4123=ORIENTED_EDGE('',*,*,#2819,.F.);
#4124=ORIENTED_EDGE('',*,*,#2814,.F.);
#4125=ORIENTED_EDGE('',*,*,#2305,.F.);
#4126=ORIENTED_EDGE('',*,*,#2182,.T.);
#4127=ORIENTED_EDGE('',*,*,#2822,.T.);
#4128=ORIENTED_EDGE('',*,*,#2823,.F.);
#4129=ORIENTED_EDGE('',*,*,#2299,.F.);
#4130=ORIENTED_EDGE('',*,*,#2823,.T.);
#4131=ORIENTED_EDGE('',*,*,#2824,.T.);
#4132=ORIENTED_EDGE('',*,*,#2825,.T.);
#4133=ORIENTED_EDGE('',*,*,#2826,.F.);
#4134=ORIENTED_EDGE('',*,*,#2827,.F.);
#4135=ORIENTED_EDGE('',*,*,#2300,.F.);
#4136=ORIENTED_EDGE('',*,*,#2825,.F.);
#4137=ORIENTED_EDGE('',*,*,#2828,.T.);
#4138=ORIENTED_EDGE('',*,*,#2296,.F.);
#4139=ORIENTED_EDGE('',*,*,#2298,.F.);
#4140=ORIENTED_EDGE('',*,*,#2820,.F.);
#4141=ORIENTED_EDGE('',*,*,#2829,.T.);
#4142=ORIENTED_EDGE('',*,*,#2830,.T.);
#4143=ORIENTED_EDGE('',*,*,#2831,.T.);
#4144=ORIENTED_EDGE('',*,*,#2826,.T.);
#4145=ORIENTED_EDGE('',*,*,#2827,.T.);
#4146=ORIENTED_EDGE('',*,*,#2831,.F.);
#4147=ORIENTED_EDGE('',*,*,#2832,.T.);
#4148=ORIENTED_EDGE('',*,*,#2301,.T.);
#4149=ORIENTED_EDGE('',*,*,#2302,.F.);
#4150=ORIENTED_EDGE('',*,*,#2832,.F.);
#4151=ORIENTED_EDGE('',*,*,#2830,.F.);
#4152=ORIENTED_EDGE('',*,*,#2833,.T.);
#4153=ORIENTED_EDGE('',*,*,#2833,.F.);
#4154=ORIENTED_EDGE('',*,*,#2829,.F.);
#4155=ORIENTED_EDGE('',*,*,#2821,.F.);
#4156=ORIENTED_EDGE('',*,*,#2303,.T.);
#4157=ORIENTED_EDGE('',*,*,#2828,.F.);
#4158=ORIENTED_EDGE('',*,*,#2824,.F.);
#4159=ORIENTED_EDGE('',*,*,#2834,.T.);
#4160=ORIENTED_EDGE('',*,*,#2297,.T.);
#4161=ORIENTED_EDGE('',*,*,#2822,.F.);
#4162=ORIENTED_EDGE('',*,*,#2812,.T.);
#4163=ORIENTED_EDGE('',*,*,#2294,.T.);
#4164=ORIENTED_EDGE('',*,*,#2834,.F.);
#4165=ORIENTED_EDGE('',*,*,#2809,.T.);
#4166=ORIENTED_EDGE('',*,*,#2835,.T.);
#4167=ORIENTED_EDGE('',*,*,#2800,.F.);
#4168=ORIENTED_EDGE('',*,*,#2836,.F.);
#4169=ORIENTED_EDGE('',*,*,#2791,.T.);
#4170=ORIENTED_EDGE('',*,*,#2836,.T.);
#4171=ORIENTED_EDGE('',*,*,#2798,.F.);
#4172=ORIENTED_EDGE('',*,*,#2604,.F.);
#4173=ORIENTED_EDGE('',*,*,#2837,.F.);
#4174=ORIENTED_EDGE('',*,*,#2838,.F.);
#4175=ORIENTED_EDGE('',*,*,#2835,.F.);
#4176=ORIENTED_EDGE('',*,*,#2839,.T.);
#4177=ORIENTED_EDGE('',*,*,#2840,.F.);
#4178=ORIENTED_EDGE('',*,*,#2841,.F.);
#4179=ORIENTED_EDGE('',*,*,#2842,.F.);
#4180=ORIENTED_EDGE('',*,*,#2837,.T.);
#4181=ORIENTED_EDGE('',*,*,#2840,.T.);
#4182=ORIENTED_EDGE('',*,*,#2839,.F.);
#4183=ORIENTED_EDGE('',*,*,#2808,.T.);
#4184=ORIENTED_EDGE('',*,*,#2843,.T.);
#4185=ORIENTED_EDGE('',*,*,#2844,.T.);
#4186=ORIENTED_EDGE('',*,*,#2845,.F.);
#4187=ORIENTED_EDGE('',*,*,#2841,.T.);
#4188=ORIENTED_EDGE('',*,*,#2845,.T.);
#4189=ORIENTED_EDGE('',*,*,#2846,.F.);
#4190=ORIENTED_EDGE('',*,*,#2847,.F.);
#4191=ORIENTED_EDGE('',*,*,#2842,.T.);
#4192=ORIENTED_EDGE('',*,*,#2847,.T.);
#4193=ORIENTED_EDGE('',*,*,#2848,.T.);
#4194=ORIENTED_EDGE('',*,*,#2849,.F.);
#4195=ORIENTED_EDGE('',*,*,#2801,.F.);
#4196=ORIENTED_EDGE('',*,*,#2838,.T.);
#4197=ORIENTED_EDGE('',*,*,#2850,.T.);
#4198=ORIENTED_EDGE('',*,*,#2843,.F.);
#4199=ORIENTED_EDGE('',*,*,#2851,.T.);
#4200=ORIENTED_EDGE('',*,*,#2849,.T.);
#4201=ORIENTED_EDGE('',*,*,#2844,.F.);
#4202=ORIENTED_EDGE('',*,*,#2850,.F.);
#4203=ORIENTED_EDGE('',*,*,#2848,.F.);
#4204=ORIENTED_EDGE('',*,*,#2846,.T.);
#4205=ORIENTED_EDGE('',*,*,#2807,.F.);
#4206=ORIENTED_EDGE('',*,*,#2789,.T.);
#4207=ORIENTED_EDGE('',*,*,#2802,.T.);
#4208=ORIENTED_EDGE('',*,*,#2851,.F.);
#4209=ORIENTED_EDGE('',*,*,#2542,.T.);
#4210=ORIENTED_EDGE('',*,*,#2852,.T.);
#4211=ORIENTED_EDGE('',*,*,#2556,.F.);
#4212=ORIENTED_EDGE('',*,*,#2565,.F.);
#4213=ORIENTED_EDGE('',*,*,#2853,.F.);
#4214=ORIENTED_EDGE('',*,*,#2524,.F.);
#4215=ORIENTED_EDGE('',*,*,#2852,.F.);
#4216=ORIENTED_EDGE('',*,*,#2532,.T.);
#4217=ORIENTED_EDGE('',*,*,#2531,.F.);
#4218=ORIENTED_EDGE('',*,*,#2854,.F.);
#4219=ORIENTED_EDGE('',*,*,#2525,.F.);
#4220=ORIENTED_EDGE('',*,*,#2853,.T.);
#4221=ORIENTED_EDGE('',*,*,#2529,.F.);
#4222=ORIENTED_EDGE('',*,*,#2526,.F.);
#4223=ORIENTED_EDGE('',*,*,#2854,.T.);
#4224=ORIENTED_EDGE('',*,*,#2530,.T.);
#4225=ORIENTED_EDGE('',*,*,#2267,.T.);
#4226=ORIENTED_EDGE('',*,*,#2545,.F.);
#4227=ORIENTED_EDGE('',*,*,#2544,.F.);
#4228=ORIENTED_EDGE('',*,*,#2270,.F.);
#4229=ORIENTED_EDGE('',*,*,#2549,.T.);
#4230=ORIENTED_EDGE('',*,*,#2486,.F.);
#4231=ORIENTED_EDGE('',*,*,#2277,.F.);
#4232=ORIENTED_EDGE('',*,*,#2488,.F.);
#4233=ORIENTED_EDGE('',*,*,#2855,.T.);
#4234=ORIENTED_EDGE('',*,*,#2856,.T.);
#4235=ORIENTED_EDGE('',*,*,#2505,.T.);
#4236=ORIENTED_EDGE('',*,*,#2857,.T.);
#4237=ORIENTED_EDGE('',*,*,#2855,.F.);
#4238=ORIENTED_EDGE('',*,*,#2548,.F.);
#4239=ORIENTED_EDGE('',*,*,#2504,.F.);
#4240=ORIENTED_EDGE('',*,*,#2262,.T.);
#4241=ORIENTED_EDGE('',*,*,#2858,.T.);
#4242=ORIENTED_EDGE('',*,*,#2859,.F.);
#4243=ORIENTED_EDGE('',*,*,#2498,.F.);
#4244=ORIENTED_EDGE('',*,*,#2859,.T.);
#4245=ORIENTED_EDGE('',*,*,#2860,.T.);
#4246=ORIENTED_EDGE('',*,*,#2861,.T.);
#4247=ORIENTED_EDGE('',*,*,#2862,.F.);
#4248=ORIENTED_EDGE('',*,*,#2863,.F.);
#4249=ORIENTED_EDGE('',*,*,#2499,.F.);
#4250=ORIENTED_EDGE('',*,*,#2861,.F.);
#4251=ORIENTED_EDGE('',*,*,#2864,.T.);
#4252=ORIENTED_EDGE('',*,*,#2278,.F.);
#4253=ORIENTED_EDGE('',*,*,#2280,.F.);
#4254=ORIENTED_EDGE('',*,*,#2856,.F.);
#4255=ORIENTED_EDGE('',*,*,#2865,.T.);
#4256=ORIENTED_EDGE('',*,*,#2866,.T.);
#4257=ORIENTED_EDGE('',*,*,#2867,.T.);
#4258=ORIENTED_EDGE('',*,*,#2862,.T.);
#4259=ORIENTED_EDGE('',*,*,#2863,.T.);
#4260=ORIENTED_EDGE('',*,*,#2867,.F.);
#4261=ORIENTED_EDGE('',*,*,#2868,.T.);
#4262=ORIENTED_EDGE('',*,*,#2500,.T.);
#4263=ORIENTED_EDGE('',*,*,#2501,.F.);
#4264=ORIENTED_EDGE('',*,*,#2868,.F.);
#4265=ORIENTED_EDGE('',*,*,#2866,.F.);
#4266=ORIENTED_EDGE('',*,*,#2869,.T.);
#4267=ORIENTED_EDGE('',*,*,#2869,.F.);
#4268=ORIENTED_EDGE('',*,*,#2865,.F.);
#4269=ORIENTED_EDGE('',*,*,#2857,.F.);
#4270=ORIENTED_EDGE('',*,*,#2502,.T.);
#4271=ORIENTED_EDGE('',*,*,#2864,.F.);
#4272=ORIENTED_EDGE('',*,*,#2860,.F.);
#4273=ORIENTED_EDGE('',*,*,#2870,.T.);
#4274=ORIENTED_EDGE('',*,*,#2279,.T.);
#4275=ORIENTED_EDGE('',*,*,#2858,.F.);
#4276=ORIENTED_EDGE('',*,*,#2546,.T.);
#4277=ORIENTED_EDGE('',*,*,#2276,.T.);
#4278=ORIENTED_EDGE('',*,*,#2870,.F.);
#4279=PLANE('',#4838);
#4280=PLANE('',#4840);
#4281=PLANE('',#4842);
#4282=PLANE('',#4844);
#4283=PLANE('',#4846);
#4284=PLANE('',#4847);
#4285=PLANE('',#4849);
#4286=PLANE('',#4851);
#4287=PLANE('',#4852);
#4288=PLANE('',#4854);
#4289=PLANE('',#4856);
#4290=PLANE('',#4858);
#4291=PLANE('',#4860);
#4292=PLANE('',#4862);
#4293=PLANE('',#4864);
#4294=PLANE('',#4866);
#4295=PLANE('',#4867);
#4296=PLANE('',#4868);
#4297=PLANE('',#4870);
#4298=PLANE('',#4872);
#4299=PLANE('',#4874);
#4300=PLANE('',#4876);
#4301=PLANE('',#4878);
#4302=PLANE('',#4880);
#4303=PLANE('',#4881);
#4304=PLANE('',#4882);
#4305=PLANE('',#4884);
#4306=PLANE('',#4886);
#4307=PLANE('',#4888);
#4308=PLANE('',#4889);
#4309=PLANE('',#4890);
#4310=PLANE('',#4892);
#4311=PLANE('',#4894);
#4312=PLANE('',#4896);
#4313=PLANE('',#4898);
#4314=PLANE('',#4900);
#4315=PLANE('',#4902);
#4316=PLANE('',#4904);
#4317=PLANE('',#4906);
#4318=PLANE('',#4908);
#4319=PLANE('',#4910);
#4320=PLANE('',#4913);
#4321=PLANE('',#4915);
#4322=PLANE('',#4916);
#4323=PLANE('',#4918);
#4324=PLANE('',#4920);
#4325=PLANE('',#4922);
#4326=PLANE('',#4925);
#4327=PLANE('',#4926);
#4328=PLANE('',#4927);
#4329=PLANE('',#4929);
#4330=PLANE('',#4932);
#4331=PLANE('',#4935);
#4332=PLANE('',#4937);
#4333=PLANE('',#4940);
#4334=PLANE('',#4941);
#4335=PLANE('',#4943);
#4336=PLANE('',#4945);
#4337=PLANE('',#4946);
#4338=PLANE('',#4948);
#4339=PLANE('',#4950);
#4340=PLANE('',#4953);
#4341=PLANE('',#4954);
#4342=PLANE('',#4955);
#4343=PLANE('',#4957);
#4344=PLANE('',#4960);
#4345=PLANE('',#4963);
#4346=PLANE('',#4965);
#4347=PLANE('',#4967);
#4348=PLANE('',#4969);
#4349=PLANE('',#4972);
#4350=PLANE('',#4974);
#4351=PLANE('',#4975);
#4352=PLANE('',#4977);
#4353=PLANE('',#4978);
#4354=PLANE('',#4980);
#4355=PLANE('',#4982);
#4356=PLANE('',#4985);
#4357=PLANE('',#4986);
#4358=PLANE('',#4987);
#4359=PLANE('',#4989);
#4360=PLANE('',#4992);
#4361=PLANE('',#4995);
#4362=PLANE('',#4997);
#4363=PLANE('',#5000);
#4364=PLANE('',#5003);
#4365=PLANE('',#5006);
#4366=PLANE('',#5008);
#4367=PLANE('',#5011);
#4368=PLANE('',#5013);
#4369=PLANE('',#5016);
#4370=PLANE('',#5017);
#4371=PLANE('',#5018);
#4372=PLANE('',#5020);
#4373=PLANE('',#5023);
#4374=PLANE('',#5026);
#4375=PLANE('',#5028);
#4376=PLANE('',#5031);
#4377=PLANE('',#5033);
#4378=PLANE('',#5034);
#4379=PLANE('',#5036);
#4380=PLANE('',#5038);
#4381=PLANE('',#5040);
#4382=PLANE('',#5045);
#4383=PLANE('',#5047);
#4384=PLANE('',#5048);
#4385=PLANE('',#5054);
#4386=PLANE('',#5055);
#4387=PLANE('',#5056);
#4388=PLANE('',#5059);
#4389=PLANE('',#5060);
#4390=PLANE('',#5064);
#4391=PLANE('',#5065);
#4392=PLANE('',#5066);
#4393=PLANE('',#5067);
#4394=PLANE('',#5068);
#4395=PLANE('',#5069);
#4396=PLANE('',#5070);
#4397=PLANE('',#5071);
#4398=PLANE('',#5072);
#4399=PLANE('',#5079);
#4400=PLANE('',#5081);
#4401=PLANE('',#5082);
#4402=PLANE('',#5087);
#4403=PLANE('',#5093);
#4404=PLANE('',#5094);
#4405=PLANE('',#5095);
#4406=PLANE('',#5096);
#4407=PLANE('',#5097);
#4408=PLANE('',#5098);
#4409=PLANE('',#5099);
#4410=PLANE('',#5100);
#4411=PLANE('',#5106);
#4412=PLANE('',#5108);
#4413=PLANE('',#5109);
#4414=PLANE('',#5110);
#4415=PLANE('',#5111);
#4416=PLANE('',#5112);
#4417=PLANE('',#5113);
#4418=PLANE('',#5114);
#4419=PLANE('',#5119);
#4420=PLANE('',#5121);
#4421=PLANE('',#5124);
#4422=PLANE('',#5125);
#4423=PLANE('',#5126);
#4424=PLANE('',#5130);
#4425=PLANE('',#5132);
#4426=PLANE('',#5136);
#4427=PLANE('',#5138);
#4428=PLANE('',#5139);
#4429=PLANE('',#5140);
#4430=PLANE('',#5142);
#4431=PLANE('',#5146);
#4432=PLANE('',#5147);
#4433=PLANE('',#5148);
#4434=PLANE('',#5151);
#4435=PLANE('',#5152);
#4436=PLANE('',#5153);
#4437=PLANE('',#5154);
#4438=PLANE('',#5155);
#4439=PLANE('',#5156);
#4440=PLANE('',#5160);
#4441=PLANE('',#5162);
#4442=PLANE('',#5163);
#4443=PLANE('',#5165);
#4444=PLANE('',#5167);
#4445=PLANE('',#5168);
#4446=PLANE('',#5169);
#4447=PLANE('',#5170);
#4448=PLANE('',#5171);
#4449=PLANE('',#5172);
#4450=PLANE('',#5179);
#4451=PLANE('',#5181);
#4452=PLANE('',#5182);
#4453=PLANE('',#5183);
#4454=PLANE('',#5184);
#4455=PLANE('',#5185);
#4456=PLANE('',#5186);
#4457=PLANE('',#5187);
#4458=PLANE('',#5192);
#4459=PLANE('',#5194);
#4460=PLANE('',#5197);
#4461=PLANE('',#5198);
#4462=PLANE('',#5199);
#4463=PLANE('',#5203);
#4464=PLANE('',#5205);
#4465=PLANE('',#5209);
#4466=PLANE('',#5212);
#4467=PLANE('',#5213);
#4468=PLANE('',#5214);
#4469=PLANE('',#5215);
#4470=PLANE('',#5219);
#4471=PLANE('',#5220);
#4472=PLANE('',#5221);
#4473=PLANE('',#5223);
#4474=PLANE('',#5225);
#4475=PLANE('',#5227);
#4476=PLANE('',#5231);
#4477=PLANE('',#5235);
#4478=PLANE('',#5236);
#4479=PLANE('',#5237);
#4480=PLANE('',#5238);
#4481=PLANE('',#5239);
#4482=PLANE('',#5240);
#4483=PLANE('',#5243);
#4484=PLANE('',#5244);
#4485=PLANE('',#5245);
#4486=PLANE('',#5246);
#4487=PLANE('',#5247);
#4488=PLANE('',#5248);
#4489=PLANE('',#5249);
#4490=PLANE('',#5254);
#4491=PLANE('',#5259);
#4492=PLANE('',#5260);
#4493=PLANE('',#5261);
#4494=PLANE('',#5264);
#4495=PLANE('',#5265);
#4496=PLANE('',#5266);
#4497=PLANE('',#5267);
#4498=PLANE('',#5268);
#4499=PLANE('',#5269);
#4500=PLANE('',#5272);
#4501=PLANE('',#5274);
#4502=PLANE('',#5278);
#4503=PLANE('',#5280);
#4504=PLANE('',#5282);
#4505=PLANE('',#5283);
#4506=PLANE('',#5285);
#4507=PLANE('',#5286);
#4508=PLANE('',#5287);
#4509=PLANE('',#5291);
#4510=PLANE('',#5293);
#4511=PLANE('',#5294);
#4512=PLANE('',#5296);
#4513=PLANE('',#5298);
#4514=PLANE('',#5299);
#4515=PLANE('',#5300);
#4516=PLANE('',#5302);
#4517=PLANE('',#5303);
#4518=PLANE('',#5304);
#4519=PLANE('',#5307);
#4520=PLANE('',#5309);
#4521=PLANE('',#5313);
#4522=PLANE('',#5315);
#4523=PLANE('',#5317);
#4524=PLANE('',#5318);
#4525=ADVANCED_FACE('',(#59),#4279,.F.);
#4526=ADVANCED_FACE('',(#60),#4280,.F.);
#4527=ADVANCED_FACE('',(#61),#4281,.F.);
#4528=ADVANCED_FACE('',(#62),#4282,.F.);
#4529=ADVANCED_FACE('',(#63),#4283,.T.);
#4530=ADVANCED_FACE('',(#64),#4284,.F.);
#4531=ADVANCED_FACE('',(#65),#4285,.T.);
#4532=ADVANCED_FACE('',(#66),#4286,.F.);
#4533=ADVANCED_FACE('',(#67),#4287,.T.);
#4534=ADVANCED_FACE('',(#68),#4288,.T.);
#4535=ADVANCED_FACE('',(#69),#4289,.T.);
#4536=ADVANCED_FACE('',(#70),#4290,.F.);
#4537=ADVANCED_FACE('',(#71),#4291,.F.);
#4538=ADVANCED_FACE('',(#72),#4292,.F.);
#4539=ADVANCED_FACE('',(#73),#4293,.F.);
#4540=ADVANCED_FACE('',(#74),#4294,.F.);
#4541=ADVANCED_FACE('',(#75),#4295,.T.);
#4542=ADVANCED_FACE('',(#76),#4296,.F.);
#4543=ADVANCED_FACE('',(#77),#4297,.F.);
#4544=ADVANCED_FACE('',(#78),#4298,.F.);
#4545=ADVANCED_FACE('',(#79),#4299,.F.);
#4546=ADVANCED_FACE('',(#80),#4300,.F.);
#4547=ADVANCED_FACE('',(#81),#4301,.F.);
#4548=ADVANCED_FACE('',(#82),#4302,.F.);
#4549=ADVANCED_FACE('',(#83),#4303,.T.);
#4550=ADVANCED_FACE('',(#84),#4304,.T.);
#4551=ADVANCED_FACE('',(#85),#4305,.T.);
#4552=ADVANCED_FACE('',(#86),#4306,.T.);
#4553=ADVANCED_FACE('',(#87),#4307,.T.);
#4554=ADVANCED_FACE('',(#88),#4308,.F.);
#4555=ADVANCED_FACE('',(#89),#4309,.T.);
#4556=ADVANCED_FACE('',(#90),#4310,.F.);
#4557=ADVANCED_FACE('',(#91),#4311,.F.);
#4558=ADVANCED_FACE('',(#92),#4312,.F.);
#4559=ADVANCED_FACE('',(#93),#4313,.F.);
#4560=ADVANCED_FACE('',(#94),#4314,.F.);
#4561=ADVANCED_FACE('',(#95),#4315,.F.);
#4562=ADVANCED_FACE('',(#96),#4316,.F.);
#4563=ADVANCED_FACE('',(#97),#4317,.F.);
#4564=ADVANCED_FACE('',(#98),#4318,.F.);
#4565=ADVANCED_FACE('',(#99),#4319,.T.);
#4566=ADVANCED_FACE('',(#100),#4320,.T.);
#4567=ADVANCED_FACE('',(#101),#4321,.F.);
#4568=ADVANCED_FACE('',(#102),#4322,.T.);
#4569=ADVANCED_FACE('',(#103),#4323,.T.);
#4570=ADVANCED_FACE('',(#104),#4324,.T.);
#4571=ADVANCED_FACE('',(#105),#4325,.T.);
#4572=ADVANCED_FACE('',(#106),#4326,.T.);
#4573=ADVANCED_FACE('',(#107),#4327,.T.);
#4574=ADVANCED_FACE('',(#108),#4328,.F.);
#4575=ADVANCED_FACE('',(#109),#4329,.F.);
#4576=ADVANCED_FACE('',(#110),#4330,.F.);
#4577=ADVANCED_FACE('',(#111),#4331,.F.);
#4578=ADVANCED_FACE('',(#112),#4332,.T.);
#4579=ADVANCED_FACE('',(#113),#4333,.F.);
#4580=ADVANCED_FACE('',(#114),#4334,.T.);
#4581=ADVANCED_FACE('',(#115),#4335,.T.);
#4582=ADVANCED_FACE('',(#116),#4336,.T.);
#4583=ADVANCED_FACE('',(#117),#4337,.F.);
#4584=ADVANCED_FACE('',(#118),#4338,.F.);
#4585=ADVANCED_FACE('',(#119),#4339,.T.);
#4586=ADVANCED_FACE('',(#120),#4340,.T.);
#4587=ADVANCED_FACE('',(#121),#4341,.T.);
#4588=ADVANCED_FACE('',(#122),#4342,.F.);
#4589=ADVANCED_FACE('',(#123),#4343,.T.);
#4590=ADVANCED_FACE('',(#124),#4344,.T.);
#4591=ADVANCED_FACE('',(#125),#4345,.T.);
#4592=ADVANCED_FACE('',(#126),#4346,.F.);
#4593=ADVANCED_FACE('',(#127),#4347,.T.);
#4594=ADVANCED_FACE('',(#128),#4348,.T.);
#4595=ADVANCED_FACE('',(#129),#4349,.T.);
#4596=ADVANCED_FACE('',(#130),#4350,.F.);
#4597=ADVANCED_FACE('',(#131),#4351,.T.);
#4598=ADVANCED_FACE('',(#132),#4352,.T.);
#4599=ADVANCED_FACE('',(#133),#4353,.F.);
#4600=ADVANCED_FACE('',(#134),#4354,.F.);
#4601=ADVANCED_FACE('',(#135),#4355,.T.);
#4602=ADVANCED_FACE('',(#136),#4356,.T.);
#4603=ADVANCED_FACE('',(#137),#4357,.T.);
#4604=ADVANCED_FACE('',(#138),#4358,.F.);
#4605=ADVANCED_FACE('',(#139),#4359,.T.);
#4606=ADVANCED_FACE('',(#140),#4360,.T.);
#4607=ADVANCED_FACE('',(#141),#4361,.T.);
#4608=ADVANCED_FACE('',(#142),#4362,.T.);
#4609=ADVANCED_FACE('',(#143),#4363,.F.);
#4610=ADVANCED_FACE('',(#144),#4364,.F.);
#4611=ADVANCED_FACE('',(#145),#4365,.F.);
#4612=ADVANCED_FACE('',(#146),#4366,.F.);
#4613=ADVANCED_FACE('',(#147),#4367,.F.);
#4614=ADVANCED_FACE('',(#148),#4368,.T.);
#4615=ADVANCED_FACE('',(#149),#4369,.T.);
#4616=ADVANCED_FACE('',(#150),#4370,.T.);
#4617=ADVANCED_FACE('',(#151),#4371,.F.);
#4618=ADVANCED_FACE('',(#152),#4372,.F.);
#4619=ADVANCED_FACE('',(#153),#4373,.F.);
#4620=ADVANCED_FACE('',(#154),#4374,.F.);
#4621=ADVANCED_FACE('',(#155),#4375,.T.);
#4622=ADVANCED_FACE('',(#156),#4376,.T.);
#4623=ADVANCED_FACE('',(#157),#4377,.F.);
#4624=ADVANCED_FACE('',(#158),#4378,.T.);
#4625=ADVANCED_FACE('',(#159),#4379,.T.);
#4626=ADVANCED_FACE('',(#160),#4380,.T.);
#4627=ADVANCED_FACE('',(#161),#4381,.T.);
#4628=ADVANCED_FACE('',(#162),#15,.T.);
#4629=ADVANCED_FACE('',(#163),#4382,.F.);
#4630=ADVANCED_FACE('',(#164),#4383,.F.);
#4631=ADVANCED_FACE('',(#165),#4384,.F.);
#4632=ADVANCED_FACE('',(#166),#16,.F.);
#4633=ADVANCED_FACE('',(#167),#4385,.F.);
#4634=ADVANCED_FACE('',(#168),#4386,.T.);
#4635=ADVANCED_FACE('',(#169),#4387,.T.);
#4636=ADVANCED_FACE('',(#170),#17,.T.);
#4637=ADVANCED_FACE('',(#171),#4388,.T.);
#4638=ADVANCED_FACE('',(#172),#4389,.T.);
#4639=ADVANCED_FACE('',(#173),#18,.T.);
#4640=ADVANCED_FACE('',(#174),#4390,.F.);
#4641=ADVANCED_FACE('',(#175),#4391,.T.);
#4642=ADVANCED_FACE('',(#176),#4392,.T.);
#4643=ADVANCED_FACE('',(#177),#4393,.F.);
#4644=ADVANCED_FACE('',(#178),#4394,.F.);
#4645=ADVANCED_FACE('',(#179),#4395,.F.);
#4646=ADVANCED_FACE('',(#180),#4396,.F.);
#4647=ADVANCED_FACE('',(#181),#4397,.F.);
#4648=ADVANCED_FACE('',(#182),#4398,.F.);
#4649=ADVANCED_FACE('',(#183),#19,.T.);
#4650=ADVANCED_FACE('',(#184),#4399,.F.);
#4651=ADVANCED_FACE('',(#185),#4400,.F.);
#4652=ADVANCED_FACE('',(#186),#4401,.T.);
#4653=ADVANCED_FACE('',(#187),#20,.F.);
#4654=ADVANCED_FACE('',(#188),#4402,.F.);
#4655=ADVANCED_FACE('',(#189),#21,.T.);
#4656=ADVANCED_FACE('',(#190),#4403,.F.);
#4657=ADVANCED_FACE('',(#191),#4404,.F.);
#4658=ADVANCED_FACE('',(#192),#4405,.F.);
#4659=ADVANCED_FACE('',(#193),#4406,.T.);
#4660=ADVANCED_FACE('',(#194),#4407,.T.);
#4661=ADVANCED_FACE('',(#195),#4408,.T.);
#4662=ADVANCED_FACE('',(#196),#4409,.F.);
#4663=ADVANCED_FACE('',(#197),#4410,.F.);
#4664=ADVANCED_FACE('',(#198),#22,.T.);
#4665=ADVANCED_FACE('',(#199),#4411,.T.);
#4666=ADVANCED_FACE('',(#200),#4412,.T.);
#4667=ADVANCED_FACE('',(#201),#4413,.T.);
#4668=ADVANCED_FACE('',(#202),#4414,.F.);
#4669=ADVANCED_FACE('',(#203),#4415,.F.);
#4670=ADVANCED_FACE('',(#204),#4416,.T.);
#4671=ADVANCED_FACE('',(#205),#4417,.T.);
#4672=ADVANCED_FACE('',(#206),#4418,.T.);
#4673=ADVANCED_FACE('',(#207),#23,.T.);
#4674=ADVANCED_FACE('',(#208),#4419,.F.);
#4675=ADVANCED_FACE('',(#209),#4420,.T.);
#4676=ADVANCED_FACE('',(#210),#24,.T.);
#4677=ADVANCED_FACE('',(#211),#4421,.F.);
#4678=ADVANCED_FACE('',(#212),#4422,.T.);
#4679=ADVANCED_FACE('',(#213),#4423,.T.);
#4680=ADVANCED_FACE('',(#214),#25,.T.);
#4681=ADVANCED_FACE('',(#215),#4424,.F.);
#4682=ADVANCED_FACE('',(#216),#26,.F.);
#4683=ADVANCED_FACE('',(#217),#4425,.F.);
#4684=ADVANCED_FACE('',(#218),#27,.T.);
#4685=ADVANCED_FACE('',(#219),#4426,.F.);
#4686=ADVANCED_FACE('',(#220),#4427,.T.);
#4687=ADVANCED_FACE('',(#221),#4428,.T.);
#4688=ADVANCED_FACE('',(#222),#4429,.T.);
#4689=ADVANCED_FACE('',(#223),#28,.T.);
#4690=ADVANCED_FACE('',(#224),#4430,.F.);
#4691=ADVANCED_FACE('',(#225),#29,.F.);
#4692=ADVANCED_FACE('',(#226),#4431,.F.);
#4693=ADVANCED_FACE('',(#227),#4432,.F.);
#4694=ADVANCED_FACE('',(#228),#4433,.F.);
#4695=ADVANCED_FACE('',(#229),#30,.F.);
#4696=ADVANCED_FACE('',(#230),#4434,.T.);
#4697=ADVANCED_FACE('',(#231),#4435,.T.);
#4698=ADVANCED_FACE('',(#232),#4436,.T.);
#4699=ADVANCED_FACE('',(#233),#4437,.T.);
#4700=ADVANCED_FACE('',(#234),#4438,.F.);
#4701=ADVANCED_FACE('',(#235),#4439,.F.);
#4702=ADVANCED_FACE('',(#236),#31,.T.);
#4703=ADVANCED_FACE('',(#237),#4440,.T.);
#4704=ADVANCED_FACE('',(#238),#4441,.T.);
#4705=ADVANCED_FACE('',(#239),#4442,.F.);
#4706=ADVANCED_FACE('',(#240),#4443,.T.);
#4707=ADVANCED_FACE('',(#241),#32,.T.);
#4708=ADVANCED_FACE('',(#242),#4444,.T.);
#4709=ADVANCED_FACE('',(#243),#4445,.F.);
#4710=ADVANCED_FACE('',(#244),#4446,.F.);
#4711=ADVANCED_FACE('',(#245),#4447,.F.);
#4712=ADVANCED_FACE('',(#246),#4448,.T.);
#4713=ADVANCED_FACE('',(#247),#4449,.T.);
#4714=ADVANCED_FACE('',(#248),#33,.T.);
#4715=ADVANCED_FACE('',(#249),#4450,.T.);
#4716=ADVANCED_FACE('',(#250),#4451,.T.);
#4717=ADVANCED_FACE('',(#251),#4452,.T.);
#4718=ADVANCED_FACE('',(#252),#4453,.F.);
#4719=ADVANCED_FACE('',(#253),#4454,.F.);
#4720=ADVANCED_FACE('',(#254),#4455,.T.);
#4721=ADVANCED_FACE('',(#255),#4456,.T.);
#4722=ADVANCED_FACE('',(#256),#4457,.T.);
#4723=ADVANCED_FACE('',(#257),#34,.T.);
#4724=ADVANCED_FACE('',(#258),#4458,.F.);
#4725=ADVANCED_FACE('',(#259),#4459,.T.);
#4726=ADVANCED_FACE('',(#260),#35,.T.);
#4727=ADVANCED_FACE('',(#261),#4460,.F.);
#4728=ADVANCED_FACE('',(#262),#4461,.T.);
#4729=ADVANCED_FACE('',(#263),#4462,.T.);
#4730=ADVANCED_FACE('',(#264),#36,.T.);
#4731=ADVANCED_FACE('',(#265),#4463,.F.);
#4732=ADVANCED_FACE('',(#266),#37,.F.);
#4733=ADVANCED_FACE('',(#267),#4464,.F.);
#4734=ADVANCED_FACE('',(#268),#38,.T.);
#4735=ADVANCED_FACE('',(#269),#4465,.F.);
#4736=ADVANCED_FACE('',(#270),#39,.T.);
#4737=ADVANCED_FACE('',(#271),#4466,.T.);
#4738=ADVANCED_FACE('',(#272),#4467,.T.);
#4739=ADVANCED_FACE('',(#273),#4468,.T.);
#4740=ADVANCED_FACE('',(#274),#4469,.F.);
#4741=ADVANCED_FACE('',(#275),#40,.F.);
#4742=ADVANCED_FACE('',(#276),#4470,.F.);
#4743=ADVANCED_FACE('',(#277),#4471,.F.);
#4744=ADVANCED_FACE('',(#278),#4472,.F.);
#4745=ADVANCED_FACE('',(#279),#4473,.F.);
#4746=ADVANCED_FACE('',(#280),#4474,.F.);
#4747=ADVANCED_FACE('',(#281),#41,.F.);
#4748=ADVANCED_FACE('',(#282),#4475,.F.);
#4749=ADVANCED_FACE('',(#283),#42,.T.);
#4750=ADVANCED_FACE('',(#284),#4476,.T.);
#4751=ADVANCED_FACE('',(#285),#43,.T.);
#4752=ADVANCED_FACE('',(#286),#4477,.T.);
#4753=ADVANCED_FACE('',(#287),#4478,.F.);
#4754=ADVANCED_FACE('',(#288),#4479,.T.);
#4755=ADVANCED_FACE('',(#289),#4480,.T.);
#4756=ADVANCED_FACE('',(#290),#4481,.T.);
#4757=ADVANCED_FACE('',(#291),#4482,.F.);
#4758=ADVANCED_FACE('',(#292),#44,.F.);
#4759=ADVANCED_FACE('',(#293),#4483,.F.);
#4760=ADVANCED_FACE('',(#294),#4484,.F.);
#4761=ADVANCED_FACE('',(#295),#4485,.F.);
#4762=ADVANCED_FACE('',(#296),#4486,.F.);
#4763=ADVANCED_FACE('',(#297),#4487,.F.);
#4764=ADVANCED_FACE('',(#298),#4488,.T.);
#4765=ADVANCED_FACE('',(#299),#4489,.T.);
#4766=ADVANCED_FACE('',(#300),#45,.T.);
#4767=ADVANCED_FACE('',(#301),#4490,.F.);
#4768=ADVANCED_FACE('',(#302),#46,.F.);
#4769=ADVANCED_FACE('',(#303),#4491,.F.);
#4770=ADVANCED_FACE('',(#304),#4492,.T.);
#4771=ADVANCED_FACE('',(#305),#4493,.T.);
#4772=ADVANCED_FACE('',(#306),#47,.T.);
#4773=ADVANCED_FACE('',(#307),#4494,.T.);
#4774=ADVANCED_FACE('',(#308),#4495,.T.);
#4775=ADVANCED_FACE('',(#309),#4496,.F.);
#4776=ADVANCED_FACE('',(#310),#4497,.F.);
#4777=ADVANCED_FACE('',(#311),#4498,.F.);
#4778=ADVANCED_FACE('',(#312),#4499,.F.);
#4779=ADVANCED_FACE('',(#313),#48,.T.);
#4780=ADVANCED_FACE('',(#314),#4500,.T.);
#4781=ADVANCED_FACE('',(#315),#4501,.T.);
#4782=ADVANCED_FACE('',(#316),#49,.T.);
#4783=ADVANCED_FACE('',(#317),#4502,.F.);
#4784=ADVANCED_FACE('',(#318),#4503,.T.);
#4785=ADVANCED_FACE('',(#319),#50,.T.);
#4786=ADVANCED_FACE('',(#320),#4504,.T.);
#4787=ADVANCED_FACE('',(#321),#4505,.F.);
#4788=ADVANCED_FACE('',(#322),#51,.F.);
#4789=ADVANCED_FACE('',(#323),#4506,.F.);
#4790=ADVANCED_FACE('',(#324),#4507,.F.);
#4791=ADVANCED_FACE('',(#325),#4508,.F.);
#4792=ADVANCED_FACE('',(#326),#52,.T.);
#4793=ADVANCED_FACE('',(#327),#4509,.F.);
#4794=ADVANCED_FACE('',(#328),#4510,.F.);
#4795=ADVANCED_FACE('',(#329),#4511,.T.);
#4796=ADVANCED_FACE('',(#330),#4512,.F.);
#4797=ADVANCED_FACE('',(#331),#53,.T.);
#4798=ADVANCED_FACE('',(#332),#4513,.F.);
#4799=ADVANCED_FACE('',(#333),#4514,.F.);
#4800=ADVANCED_FACE('',(#334),#4515,.F.);
#4801=ADVANCED_FACE('',(#335),#54,.T.);
#4802=ADVANCED_FACE('',(#336),#4516,.F.);
#4803=ADVANCED_FACE('',(#337),#4517,.F.);
#4804=ADVANCED_FACE('',(#338),#4518,.F.);
#4805=ADVANCED_FACE('',(#339),#55,.T.);
#4806=ADVANCED_FACE('',(#340),#4519,.T.);
#4807=ADVANCED_FACE('',(#341),#4520,.T.);
#4808=ADVANCED_FACE('',(#342),#56,.T.);
#4809=ADVANCED_FACE('',(#343),#4521,.F.);
#4810=ADVANCED_FACE('',(#344),#4522,.T.);
#4811=ADVANCED_FACE('',(#345),#57,.T.);
#4812=ADVANCED_FACE('',(#346),#4523,.T.);
#4813=ADVANCED_FACE('',(#347),#4524,.F.);
#4814=ADVANCED_FACE('',(#348),#58,.F.);
#4815=CLOSED_SHELL('',(#4525,#4526,#4527,#4528,#4529,#4530,#4531,#4532,
#4533,#4534,#4535,#4536,#4537,#4538,#4539,#4540,#4541,#4542,#4543,#4544,
#4545,#4546,#4547,#4548,#4549,#4550,#4551,#4552,#4553,#4554,#4555,#4556,
#4557,#4558,#4559,#4560,#4561,#4562,#4563,#4564,#4565,#4566,#4567,#4568,
#4569,#4570,#4571,#4572,#4573,#4574,#4575,#4576,#4577,#4578,#4579,#4580,
#4581,#4582,#4583,#4584,#4585,#4586,#4587,#4588,#4589,#4590,#4591,#4592,
#4593,#4594,#4595,#4596,#4597,#4598,#4599,#4600,#4601,#4602,#4603,#4604,
#4605,#4606,#4607,#4608,#4609,#4610,#4611,#4612,#4613,#4614,#4615,#4616,
#4617,#4618,#4619,#4620,#4621,#4622,#4623,#4624,#4625,#4626,#4627,#4628,
#4629,#4630,#4631,#4632,#4633,#4634,#4635,#4636,#4637,#4638,#4639,#4640,
#4641,#4642,#4643,#4644,#4645,#4646,#4647,#4648,#4649,#4650,#4651,#4652,
#4653,#4654,#4655,#4656,#4657,#4658,#4659,#4660,#4661,#4662,#4663,#4664,
#4665,#4666,#4667,#4668,#4669,#4670,#4671,#4672,#4673,#4674,#4675,#4676,
#4677,#4678,#4679,#4680,#4681,#4682,#4683,#4684,#4685,#4686,#4687,#4688,
#4689,#4690,#4691,#4692,#4693,#4694,#4695,#4696,#4697,#4698,#4699,#4700,
#4701,#4702,#4703,#4704,#4705,#4706,#4707,#4708,#4709,#4710,#4711,#4712,
#4713,#4714,#4715,#4716,#4717,#4718,#4719,#4720,#4721,#4722,#4723,#4724,
#4725,#4726,#4727,#4728,#4729,#4730,#4731,#4732,#4733,#4734,#4735,#4736,
#4737,#4738,#4739,#4740,#4741,#4742,#4743,#4744,#4745,#4746,#4747,#4748,
#4749,#4750,#4751,#4752,#4753,#4754,#4755,#4756,#4757,#4758,#4759,#4760,
#4761,#4762,#4763,#4764,#4765,#4766,#4767,#4768,#4769,#4770,#4771,#4772,
#4773,#4774,#4775,#4776,#4777,#4778,#4779,#4780,#4781,#4782,#4783,#4784,
#4785,#4786,#4787,#4788,#4789,#4790,#4791,#4792,#4793,#4794,#4795,#4796,
#4797,#4798,#4799,#4800,#4801,#4802,#4803,#4804,#4805,#4806,#4807,#4808,
#4809,#4810,#4811,#4812,#4813,#4814));
#4816=DERIVED_UNIT_ELEMENT(#4819,1.);
#4817=DERIVED_UNIT_ELEMENT(#8110,-3.);
#4818=DIMENSIONAL_EXPONENTS(0.,1.,0.,0.,0.,0.,0.);
#4819=(
CONVERSION_BASED_UNIT('gram',#4821)
MASS_UNIT()
NAMED_UNIT(#4818)
);
#4820=(
MASS_UNIT()
NAMED_UNIT(*)
SI_UNIT(.KILO.,.GRAM.)
);
#4821=MASS_MEASURE_WITH_UNIT(MASS_MEASURE(0.001),#4820);
#4822=DERIVED_UNIT((#4816,#4817));
#4823=MEASURE_REPRESENTATION_ITEM('density measure',
POSITIVE_RATIO_MEASURE(1.),#4822);
#4824=PROPERTY_DEFINITION_REPRESENTATION(#4829,#4826);
#4825=PROPERTY_DEFINITION_REPRESENTATION(#4830,#4827);
#4826=REPRESENTATION('material name',(#4828),#8107);
#4827=REPRESENTATION('density',(#4823),#8107);
#4828=DESCRIPTIVE_REPRESENTATION_ITEM('G\X\E9n\X\E9rique','G\X\E9n\X\E9
rique');
#4829=PROPERTY_DEFINITION('material property','material name',#8117);
#4830=PROPERTY_DEFINITION('material property','density of part',#8117);
#4831=DATE_TIME_ROLE('creation_date');
#4832=APPLIED_DATE_AND_TIME_ASSIGNMENT(#4833,#4831,(#8117));
#4833=DATE_AND_TIME(#4834,#4835);
#4834=CALENDAR_DATE(2013,2,8);
#4835=LOCAL_TIME(10,34,43.,#4836);
#4836=COORDINATED_UNIVERSAL_TIME_OFFSET(0,0,.BEHIND.);
#4837=AXIS2_PLACEMENT_3D('',#6798,#5320,#5321);
#4838=AXIS2_PLACEMENT_3D('',#6799,#5322,#5323);
#4839=AXIS2_PLACEMENT_3D('',#6804,#5325,#5326);
#4840=AXIS2_PLACEMENT_3D('',#6808,#5329,#5330);
#4841=AXIS2_PLACEMENT_3D('',#6812,#5332,#5333);
#4842=AXIS2_PLACEMENT_3D('',#6814,#5335,#5336);
#4843=AXIS2_PLACEMENT_3D('',#6819,#5338,#5339);
#4844=AXIS2_PLACEMENT_3D('',#6823,#5342,#5343);
#4845=AXIS2_PLACEMENT_3D('',#6827,#5345,#5346);
#4846=AXIS2_PLACEMENT_3D('',#6829,#5348,#5349);
#4847=AXIS2_PLACEMENT_3D('',#6836,#5354,#5355);
#4848=AXIS2_PLACEMENT_3D('',#6839,#5356,#5357);
#4849=AXIS2_PLACEMENT_3D('',#6843,#5360,#5361);
#4850=AXIS2_PLACEMENT_3D('',#6846,#5362,#5363);
#4851=AXIS2_PLACEMENT_3D('',#6850,#5366,#5367);
#4852=AXIS2_PLACEMENT_3D('',#6859,#5372,#5373);
#4853=AXIS2_PLACEMENT_3D('',#6865,#5376,#5377);
#4854=AXIS2_PLACEMENT_3D('',#6866,#5378,#5379);
#4855=AXIS2_PLACEMENT_3D('',#6872,#5382,#5383);
#4856=AXIS2_PLACEMENT_3D('',#6873,#5384,#5385);
#4857=AXIS2_PLACEMENT_3D('',#6876,#5386,#5387);
#4858=AXIS2_PLACEMENT_3D('',#6880,#5390,#5391);
#4859=AXIS2_PLACEMENT_3D('',#6885,#5393,#5394);
#4860=AXIS2_PLACEMENT_3D('',#6889,#5397,#5398);
#4861=AXIS2_PLACEMENT_3D('',#6893,#5400,#5401);
#4862=AXIS2_PLACEMENT_3D('',#6895,#5403,#5404);
#4863=AXIS2_PLACEMENT_3D('',#6898,#5405,#5406);
#4864=AXIS2_PLACEMENT_3D('',#6902,#5409,#5410);
#4865=AXIS2_PLACEMENT_3D('',#6905,#5411,#5412);
#4866=AXIS2_PLACEMENT_3D('',#6909,#5415,#5416);
#4867=AXIS2_PLACEMENT_3D('',#6918,#5421,#5422);
#4868=AXIS2_PLACEMENT_3D('',#6925,#5427,#5428);
#4869=AXIS2_PLACEMENT_3D('',#6928,#5429,#5430);
#4870=AXIS2_PLACEMENT_3D('',#6932,#5433,#5434);
#4871=AXIS2_PLACEMENT_3D('',#6938,#5437,#5438);
#4872=AXIS2_PLACEMENT_3D('',#6939,#5439,#5440);
#4873=AXIS2_PLACEMENT_3D('',#6944,#5442,#5443);
#4874=AXIS2_PLACEMENT_3D('',#6948,#5446,#5447);
#4875=AXIS2_PLACEMENT_3D('',#6952,#5449,#5450);
#4876=AXIS2_PLACEMENT_3D('',#6954,#5452,#5453);
#4877=AXIS2_PLACEMENT_3D('',#6957,#5454,#5455);
#4878=AXIS2_PLACEMENT_3D('',#6961,#5458,#5459);
#4879=AXIS2_PLACEMENT_3D('',#6964,#5460,#5461);
#4880=AXIS2_PLACEMENT_3D('',#6968,#5464,#5465);
#4881=AXIS2_PLACEMENT_3D('',#6977,#5470,#5471);
#4882=AXIS2_PLACEMENT_3D('',#6984,#5476,#5477);
#4883=AXIS2_PLACEMENT_3D('',#6989,#5479,#5480);
#4884=AXIS2_PLACEMENT_3D('',#6991,#5482,#5483);
#4885=AXIS2_PLACEMENT_3D('',#6994,#5484,#5485);
#4886=AXIS2_PLACEMENT_3D('',#6998,#5488,#5489);
#4887=AXIS2_PLACEMENT_3D('',#7001,#5490,#5491);
#4888=AXIS2_PLACEMENT_3D('',#7005,#5494,#5495);
#4889=AXIS2_PLACEMENT_3D('',#7012,#5500,#5501);
#4890=AXIS2_PLACEMENT_3D('',#7021,#5506,#5507);
#4891=AXIS2_PLACEMENT_3D('',#7024,#5508,#5509);
#4892=AXIS2_PLACEMENT_3D('',#7028,#5512,#5513);
#4893=AXIS2_PLACEMENT_3D('',#7031,#5514,#5515);
#4894=AXIS2_PLACEMENT_3D('',#7035,#5518,#5519);
#4895=AXIS2_PLACEMENT_3D('',#7039,#5521,#5522);
#4896=AXIS2_PLACEMENT_3D('',#7041,#5524,#5525);
#4897=AXIS2_PLACEMENT_3D('',#7044,#5526,#5527);
#4898=AXIS2_PLACEMENT_3D('',#7047,#5530,#5531);
#4899=AXIS2_PLACEMENT_3D('',#7051,#5533,#5534);
#4900=AXIS2_PLACEMENT_3D('',#7053,#5536,#5537);
#4901=AXIS2_PLACEMENT_3D('',#7056,#5538,#5539);
#4902=AXIS2_PLACEMENT_3D('',#7059,#5542,#5543);
#4903=AXIS2_PLACEMENT_3D('',#7063,#5545,#5546);
#4904=AXIS2_PLACEMENT_3D('',#7065,#5548,#5549);
#4905=AXIS2_PLACEMENT_3D('',#7068,#5550,#5551);
#4906=AXIS2_PLACEMENT_3D('',#7071,#5554,#5555);
#4907=AXIS2_PLACEMENT_3D('',#7075,#5557,#5558);
#4908=AXIS2_PLACEMENT_3D('',#7077,#5560,#5561);
#4909=AXIS2_PLACEMENT_3D('',#7080,#5562,#5563);
#4910=AXIS2_PLACEMENT_3D('',#7083,#5566,#5567);
#4911=AXIS2_PLACEMENT_3D('',#7086,#5569,#5570);
#4912=AXIS2_PLACEMENT_3D('',#7090,#5572,#5573);
#4913=AXIS2_PLACEMENT_3D('',#7094,#5576,#5577);
#4914=AXIS2_PLACEMENT_3D('',#7097,#5579,#5580);
#4915=AXIS2_PLACEMENT_3D('',#7099,#5582,#5583);
#4916=AXIS2_PLACEMENT_3D('',#7108,#5589,#5590);
#4917=AXIS2_PLACEMENT_3D('',#7110,#5591,#5592);
#4918=AXIS2_PLACEMENT_3D('',#7116,#5597,#5598);
#4919=AXIS2_PLACEMENT_3D('',#7118,#5600,#5601);
#4920=AXIS2_PLACEMENT_3D('',#7119,#5602,#5603);
#4921=AXIS2_PLACEMENT_3D('',#7121,#5605,#5606);
#4922=AXIS2_PLACEMENT_3D('',#7122,#5607,#5608);
#4923=AXIS2_PLACEMENT_3D('',#7123,#5609,#5610);
#4924=AXIS2_PLACEMENT_3D('',#7125,#5612,#5613);
#4925=AXIS2_PLACEMENT_3D('',#7134,#5619,#5620);
#4926=AXIS2_PLACEMENT_3D('',#7137,#5623,#5624);
#4927=AXIS2_PLACEMENT_3D('',#7140,#5627,#5628);
#4928=AXIS2_PLACEMENT_3D('',#7142,#5629,#5630);
#4929=AXIS2_PLACEMENT_3D('',#7146,#5633,#5634);
#4930=AXIS2_PLACEMENT_3D('',#7148,#5636,#5637);
#4931=AXIS2_PLACEMENT_3D('',#7149,#5638,#5639);
#4932=AXIS2_PLACEMENT_3D('',#7150,#5640,#5641);
#4933=AXIS2_PLACEMENT_3D('',#7154,#5644,#5645);
#4934=AXIS2_PLACEMENT_3D('',#7156,#5647,#5648);
#4935=AXIS2_PLACEMENT_3D('',#7157,#5649,#5650);
#4936=AXIS2_PLACEMENT_3D('',#7158,#5651,#5652);
#4937=AXIS2_PLACEMENT_3D('',#7159,#5653,#5654);
#4938=AXIS2_PLACEMENT_3D('',#7162,#5656,#5657);
#4939=AXIS2_PLACEMENT_3D('',#7166,#5659,#5660);
#4940=AXIS2_PLACEMENT_3D('',#7170,#5663,#5664);
#4941=AXIS2_PLACEMENT_3D('',#7179,#5670,#5671);
#4942=AXIS2_PLACEMENT_3D('',#7182,#5673,#5674);
#4943=AXIS2_PLACEMENT_3D('',#7184,#5676,#5677);
#4944=AXIS2_PLACEMENT_3D('',#7187,#5679,#5680);
#4945=AXIS2_PLACEMENT_3D('',#7188,#5681,#5682);
#4946=AXIS2_PLACEMENT_3D('',#7194,#5687,#5688);
#4947=AXIS2_PLACEMENT_3D('',#7196,#5690,#5691);
#4948=AXIS2_PLACEMENT_3D('',#7197,#5692,#5693);
#4949=AXIS2_PLACEMENT_3D('',#7199,#5695,#5696);
#4950=AXIS2_PLACEMENT_3D('',#7200,#5697,#5698);
#4951=AXIS2_PLACEMENT_3D('',#7201,#5699,#5700);
#4952=AXIS2_PLACEMENT_3D('',#7203,#5702,#5703);
#4953=AXIS2_PLACEMENT_3D('',#7212,#5709,#5710);
#4954=AXIS2_PLACEMENT_3D('',#7215,#5713,#5714);
#4955=AXIS2_PLACEMENT_3D('',#7218,#5717,#5718);
#4956=AXIS2_PLACEMENT_3D('',#7220,#5719,#5720);
#4957=AXIS2_PLACEMENT_3D('',#7224,#5723,#5724);
#4958=AXIS2_PLACEMENT_3D('',#7226,#5726,#5727);
#4959=AXIS2_PLACEMENT_3D('',#7227,#5728,#5729);
#4960=AXIS2_PLACEMENT_3D('',#7228,#5730,#5731);
#4961=AXIS2_PLACEMENT_3D('',#7232,#5734,#5735);
#4962=AXIS2_PLACEMENT_3D('',#7234,#5737,#5738);
#4963=AXIS2_PLACEMENT_3D('',#7235,#5739,#5740);
#4964=AXIS2_PLACEMENT_3D('',#7236,#5741,#5742);
#4965=AXIS2_PLACEMENT_3D('',#7237,#5743,#5744);
#4966=AXIS2_PLACEMENT_3D('',#7238,#5745,#5746);
#4967=AXIS2_PLACEMENT_3D('',#7244,#5750,#5751);
#4968=AXIS2_PLACEMENT_3D('',#7245,#5752,#5753);
#4969=AXIS2_PLACEMENT_3D('',#7251,#5757,#5758);
#4970=AXIS2_PLACEMENT_3D('',#7254,#5760,#5761);
#4971=AXIS2_PLACEMENT_3D('',#7258,#5763,#5764);
#4972=AXIS2_PLACEMENT_3D('',#7262,#5767,#5768);
#4973=AXIS2_PLACEMENT_3D('',#7265,#5770,#5771);
#4974=AXIS2_PLACEMENT_3D('',#7267,#5773,#5774);
#4975=AXIS2_PLACEMENT_3D('',#7276,#5780,#5781);
#4976=AXIS2_PLACEMENT_3D('',#7279,#5783,#5784);
#4977=AXIS2_PLACEMENT_3D('',#7280,#5785,#5786);
#4978=AXIS2_PLACEMENT_3D('',#7286,#5791,#5792);
#4979=AXIS2_PLACEMENT_3D('',#7288,#5794,#5795);
#4980=AXIS2_PLACEMENT_3D('',#7289,#5796,#5797);
#4981=AXIS2_PLACEMENT_3D('',#7291,#5799,#5800);
#4982=AXIS2_PLACEMENT_3D('',#7292,#5801,#5802);
#4983=AXIS2_PLACEMENT_3D('',#7293,#5803,#5804);
#4984=AXIS2_PLACEMENT_3D('',#7295,#5806,#5807);
#4985=AXIS2_PLACEMENT_3D('',#7304,#5813,#5814);
#4986=AXIS2_PLACEMENT_3D('',#7307,#5817,#5818);
#4987=AXIS2_PLACEMENT_3D('',#7310,#5821,#5822);
#4988=AXIS2_PLACEMENT_3D('',#7312,#5823,#5824);
#4989=AXIS2_PLACEMENT_3D('',#7316,#5827,#5828);
#4990=AXIS2_PLACEMENT_3D('',#7318,#5830,#5831);
#4991=AXIS2_PLACEMENT_3D('',#7319,#5832,#5833);
#4992=AXIS2_PLACEMENT_3D('',#7320,#5834,#5835);
#4993=AXIS2_PLACEMENT_3D('',#7324,#5838,#5839);
#4994=AXIS2_PLACEMENT_3D('',#7326,#5841,#5842);
#4995=AXIS2_PLACEMENT_3D('',#7327,#5843,#5844);
#4996=AXIS2_PLACEMENT_3D('',#7328,#5845,#5846);
#4997=AXIS2_PLACEMENT_3D('',#7329,#5847,#5848);
#4998=AXIS2_PLACEMENT_3D('',#7332,#5850,#5851);
#4999=AXIS2_PLACEMENT_3D('',#7335,#5853,#5854);
#5000=AXIS2_PLACEMENT_3D('',#7336,#5855,#5856);
#5001=AXIS2_PLACEMENT_3D('',#7339,#5858,#5859);
#5002=AXIS2_PLACEMENT_3D('',#7342,#5861,#5862);
#5003=AXIS2_PLACEMENT_3D('',#7343,#5863,#5864);
#5004=AXIS2_PLACEMENT_3D('',#7346,#5866,#5867);
#5005=AXIS2_PLACEMENT_3D('',#7349,#5869,#5870);
#5006=AXIS2_PLACEMENT_3D('',#7350,#5871,#5872);
#5007=AXIS2_PLACEMENT_3D('',#7351,#5873,#5874);
#5008=AXIS2_PLACEMENT_3D('',#7357,#5878,#5879);
#5009=AXIS2_PLACEMENT_3D('',#7360,#5881,#5882);
#5010=AXIS2_PLACEMENT_3D('',#7363,#5884,#5885);
#5011=AXIS2_PLACEMENT_3D('',#7364,#5886,#5887);
#5012=AXIS2_PLACEMENT_3D('',#7365,#5888,#5889);
#5013=AXIS2_PLACEMENT_3D('',#7371,#5893,#5894);
#5014=AXIS2_PLACEMENT_3D('',#7372,#5895,#5896);
#5015=AXIS2_PLACEMENT_3D('',#7374,#5898,#5899);
#5016=AXIS2_PLACEMENT_3D('',#7383,#5905,#5906);
#5017=AXIS2_PLACEMENT_3D('',#7386,#5909,#5910);
#5018=AXIS2_PLACEMENT_3D('',#7389,#5913,#5914);
#5019=AXIS2_PLACEMENT_3D('',#7391,#5915,#5916);
#5020=AXIS2_PLACEMENT_3D('',#7395,#5919,#5920);
#5021=AXIS2_PLACEMENT_3D('',#7397,#5922,#5923);
#5022=AXIS2_PLACEMENT_3D('',#7398,#5924,#5925);
#5023=AXIS2_PLACEMENT_3D('',#7399,#5926,#5927);
#5024=AXIS2_PLACEMENT_3D('',#7403,#5930,#5931);
#5025=AXIS2_PLACEMENT_3D('',#7405,#5933,#5934);
#5026=AXIS2_PLACEMENT_3D('',#7406,#5935,#5936);
#5027=AXIS2_PLACEMENT_3D('',#7407,#5937,#5938);
#5028=AXIS2_PLACEMENT_3D('',#7408,#5939,#5940);
#5029=AXIS2_PLACEMENT_3D('',#7411,#5942,#5943);
#5030=AXIS2_PLACEMENT_3D('',#7415,#5945,#5946);
#5031=AXIS2_PLACEMENT_3D('',#7419,#5949,#5950);
#5032=AXIS2_PLACEMENT_3D('',#7422,#5952,#5953);
#5033=AXIS2_PLACEMENT_3D('',#7424,#5955,#5956);
#5034=AXIS2_PLACEMENT_3D('',#7433,#5962,#5963);
#5035=AXIS2_PLACEMENT_3D('',#7435,#5964,#5965);
#5036=AXIS2_PLACEMENT_3D('',#7441,#5970,#5971);
#5037=AXIS2_PLACEMENT_3D('',#7443,#5973,#5974);
#5038=AXIS2_PLACEMENT_3D('',#7444,#5975,#5976);
#5039=AXIS2_PLACEMENT_3D('',#7446,#5978,#5979);
#5040=AXIS2_PLACEMENT_3D('',#7447,#5980,#5981);
#5041=AXIS2_PLACEMENT_3D('',#7450,#5982,#5983);
#5042=AXIS2_PLACEMENT_3D('',#7458,#5987,#5988);
#5043=AXIS2_PLACEMENT_3D('',#7460,#5990,#5991);
#5044=AXIS2_PLACEMENT_3D('',#7463,#5992,#5993);
#5045=AXIS2_PLACEMENT_3D('',#7466,#5996,#5997);
#5046=AXIS2_PLACEMENT_3D('',#7470,#5999,#6000);
#5047=AXIS2_PLACEMENT_3D('',#7476,#6004,#6005);
#5048=AXIS2_PLACEMENT_3D('',#7478,#6007,#6008);
#5049=AXIS2_PLACEMENT_3D('',#7480,#6009,#6010);
#5050=AXIS2_PLACEMENT_3D('',#7483,#6012,#6013);
#5051=AXIS2_PLACEMENT_3D('',#7484,#6014,#6015);
#5052=AXIS2_PLACEMENT_3D('',#7486,#6017,#6018);
#5053=AXIS2_PLACEMENT_3D('',#7489,#6020,#6021);
#5054=AXIS2_PLACEMENT_3D('',#7491,#6023,#6024);
#5055=AXIS2_PLACEMENT_3D('',#7495,#6028,#6029);
#5056=AXIS2_PLACEMENT_3D('',#7497,#6031,#6032);
#5057=AXIS2_PLACEMENT_3D('',#7501,#6036,#6037);
#5058=AXIS2_PLACEMENT_3D('',#7502,#6038,#6039);
#5059=AXIS2_PLACEMENT_3D('',#7504,#6041,#6042);
#5060=AXIS2_PLACEMENT_3D('',#7505,#6043,#6044);
#5061=AXIS2_PLACEMENT_3D('',#7506,#6045,#6046);
#5062=AXIS2_PLACEMENT_3D('',#7508,#6048,#6049);
#5063=AXIS2_PLACEMENT_3D('',#7511,#6051,#6052);
#5064=AXIS2_PLACEMENT_3D('',#7513,#6054,#6055);
#5065=AXIS2_PLACEMENT_3D('',#7514,#6056,#6057);
#5066=AXIS2_PLACEMENT_3D('',#7516,#6059,#6060);
#5067=AXIS2_PLACEMENT_3D('',#7524,#6066,#6067);
#5068=AXIS2_PLACEMENT_3D('',#7529,#6071,#6072);
#5069=AXIS2_PLACEMENT_3D('',#7534,#6076,#6077);
#5070=AXIS2_PLACEMENT_3D('',#7535,#6078,#6079);
#5071=AXIS2_PLACEMENT_3D('',#7536,#6080,#6081);
#5072=AXIS2_PLACEMENT_3D('',#7538,#6083,#6084);
#5073=AXIS2_PLACEMENT_3D('',#7539,#6085,#6086);
#5074=AXIS2_PLACEMENT_3D('',#7540,#6087,#6088);
#5075=AXIS2_PLACEMENT_3D('',#7541,#6089,#6090);
#5076=AXIS2_PLACEMENT_3D('',#7543,#6092,#6093);
#5077=AXIS2_PLACEMENT_3D('',#7545,#6094,#6095);
#5078=AXIS2_PLACEMENT_3D('',#7546,#6096,#6097);
#5079=AXIS2_PLACEMENT_3D('',#7547,#6098,#6099);
#5080=AXIS2_PLACEMENT_3D('',#7550,#6101,#6102);
#5081=AXIS2_PLACEMENT_3D('',#7551,#6103,#6104);
#5082=AXIS2_PLACEMENT_3D('',#7553,#6106,#6107);
#5083=AXIS2_PLACEMENT_3D('',#7581,#6127,#6128);
#5084=AXIS2_PLACEMENT_3D('',#7584,#6129,#6130);
#5085=AXIS2_PLACEMENT_3D('',#7587,#6132,#6133);
#5086=AXIS2_PLACEMENT_3D('',#7588,#6134,#6135);
#5087=AXIS2_PLACEMENT_3D('',#7589,#6136,#6137);
#5088=AXIS2_PLACEMENT_3D('',#7592,#6138,#6139);
#5089=AXIS2_PLACEMENT_3D('',#7595,#6142,#6143);
#5090=AXIS2_PLACEMENT_3D('',#7597,#6145,#6146);
#5091=AXIS2_PLACEMENT_3D('',#7599,#6147,#6148);
#5092=AXIS2_PLACEMENT_3D('',#7601,#6150,#6151);
#5093=AXIS2_PLACEMENT_3D('',#7602,#6152,#6153);
#5094=AXIS2_PLACEMENT_3D('',#7603,#6154,#6155);
#5095=AXIS2_PLACEMENT_3D('',#7604,#6156,#6157);
#5096=AXIS2_PLACEMENT_3D('',#7627,#6172,#6173);
#5097=AXIS2_PLACEMENT_3D('',#7629,#6175,#6176);
#5098=AXIS2_PLACEMENT_3D('',#7631,#6178,#6179);
#5099=AXIS2_PLACEMENT_3D('',#7633,#6181,#6182);
#5100=AXIS2_PLACEMENT_3D('',#7634,#6183,#6184);
#5101=AXIS2_PLACEMENT_3D('',#7635,#6185,#6186);
#5102=AXIS2_PLACEMENT_3D('',#7636,#6187,#6188);
#5103=AXIS2_PLACEMENT_3D('',#7638,#6189,#6190);
#5104=AXIS2_PLACEMENT_3D('',#7641,#6192,#6193);
#5105=AXIS2_PLACEMENT_3D('',#7642,#6194,#6195);
#5106=AXIS2_PLACEMENT_3D('',#7643,#6196,#6197);
#5107=AXIS2_PLACEMENT_3D('',#7645,#6198,#6199);
#5108=AXIS2_PLACEMENT_3D('',#7647,#6201,#6202);
#5109=AXIS2_PLACEMENT_3D('',#7653,#6206,#6207);
#5110=AXIS2_PLACEMENT_3D('',#7659,#6212,#6213);
#5111=AXIS2_PLACEMENT_3D('',#7662,#6216,#6217);
#5112=AXIS2_PLACEMENT_3D('',#7671,#6224,#6225);
#5113=AXIS2_PLACEMENT_3D('',#7672,#6226,#6227);
#5114=AXIS2_PLACEMENT_3D('',#7673,#6228,#6229);
#5115=AXIS2_PLACEMENT_3D('',#7674,#6230,#6231);
#5116=AXIS2_PLACEMENT_3D('',#7677,#6233,#6234);
#5117=AXIS2_PLACEMENT_3D('',#7680,#6236,#6237);
#5118=AXIS2_PLACEMENT_3D('',#7681,#6238,#6239);
#5119=AXIS2_PLACEMENT_3D('',#7682,#6240,#6241);
#5120=AXIS2_PLACEMENT_3D('',#7683,#6242,#6243);
#5121=AXIS2_PLACEMENT_3D('',#7684,#6244,#6245);
#5122=AXIS2_PLACEMENT_3D('',#7685,#6246,#6247);
#5123=AXIS2_PLACEMENT_3D('',#7686,#6248,#6249);
#5124=AXIS2_PLACEMENT_3D('',#7688,#6251,#6252);
#5125=AXIS2_PLACEMENT_3D('',#7692,#6256,#6257);
#5126=AXIS2_PLACEMENT_3D('',#7694,#6259,#6260);
#5127=AXIS2_PLACEMENT_3D('',#7695,#6261,#6262);
#5128=AXIS2_PLACEMENT_3D('',#7697,#6264,#6265);
#5129=AXIS2_PLACEMENT_3D('',#7700,#6267,#6268);
#5130=AXIS2_PLACEMENT_3D('',#7701,#6269,#6270);
#5131=AXIS2_PLACEMENT_3D('',#7703,#6272,#6273);
#5132=AXIS2_PLACEMENT_3D('',#7706,#6276,#6277);
#5133=AXIS2_PLACEMENT_3D('',#7709,#6280,#6281);
#5134=AXIS2_PLACEMENT_3D('',#7711,#6282,#6283);
#5135=AXIS2_PLACEMENT_3D('',#7713,#6285,#6286);
#5136=AXIS2_PLACEMENT_3D('',#7714,#6287,#6288);
#5137=AXIS2_PLACEMENT_3D('',#7718,#6290,#6291);
#5138=AXIS2_PLACEMENT_3D('',#7720,#6293,#6294);
#5139=AXIS2_PLACEMENT_3D('',#7722,#6296,#6297);
#5140=AXIS2_PLACEMENT_3D('',#7723,#6298,#6299);
#5141=AXIS2_PLACEMENT_3D('',#7725,#6301,#6302);
#5142=AXIS2_PLACEMENT_3D('',#7726,#6303,#6304);
#5143=AXIS2_PLACEMENT_3D('',#7728,#6306,#6307);
#5144=AXIS2_PLACEMENT_3D('',#7730,#6308,#6309);
#5145=AXIS2_PLACEMENT_3D('',#7733,#6311,#6312);
#5146=AXIS2_PLACEMENT_3D('',#7734,#6313,#6314);
#5147=AXIS2_PLACEMENT_3D('',#7737,#6317,#6318);
#5148=AXIS2_PLACEMENT_3D('',#7739,#6320,#6321);
#5149=AXIS2_PLACEMENT_3D('',#7740,#6322,#6323);
#5150=AXIS2_PLACEMENT_3D('',#7741,#6324,#6325);
#5151=AXIS2_PLACEMENT_3D('',#7742,#6326,#6327);
#5152=AXIS2_PLACEMENT_3D('',#7743,#6328,#6329);
#5153=AXIS2_PLACEMENT_3D('',#7745,#6331,#6332);
#5154=AXIS2_PLACEMENT_3D('',#7747,#6334,#6335);
#5155=AXIS2_PLACEMENT_3D('',#7749,#6337,#6338);
#5156=AXIS2_PLACEMENT_3D('',#7750,#6339,#6340);
#5157=AXIS2_PLACEMENT_3D('',#7756,#6344,#6345);
#5158=AXIS2_PLACEMENT_3D('',#7758,#6346,#6347);
#5159=AXIS2_PLACEMENT_3D('',#7761,#6349,#6350);
#5160=AXIS2_PLACEMENT_3D('',#7762,#6351,#6352);
#5161=AXIS2_PLACEMENT_3D('',#7766,#6354,#6355);
#5162=AXIS2_PLACEMENT_3D('',#7768,#6357,#6358);
#5163=AXIS2_PLACEMENT_3D('',#7772,#6361,#6362);
#5164=AXIS2_PLACEMENT_3D('',#7774,#6363,#6364);
#5165=AXIS2_PLACEMENT_3D('',#7776,#6366,#6367);
#5166=AXIS2_PLACEMENT_3D('',#7779,#6370,#6371);
#5167=AXIS2_PLACEMENT_3D('',#7780,#6372,#6373);
#5168=AXIS2_PLACEMENT_3D('',#7781,#6374,#6375);
#5169=AXIS2_PLACEMENT_3D('',#7783,#6377,#6378);
#5170=AXIS2_PLACEMENT_3D('',#7784,#6379,#6380);
#5171=AXIS2_PLACEMENT_3D('',#7786,#6382,#6383);
#5172=AXIS2_PLACEMENT_3D('',#7787,#6384,#6385);
#5173=AXIS2_PLACEMENT_3D('',#7789,#6386,#6387);
#5174=AXIS2_PLACEMENT_3D('',#7792,#6389,#6390);
#5175=AXIS2_PLACEMENT_3D('',#7793,#6391,#6392);
#5176=AXIS2_PLACEMENT_3D('',#7795,#6393,#6394);
#5177=AXIS2_PLACEMENT_3D('',#7799,#6396,#6397);
#5178=AXIS2_PLACEMENT_3D('',#7800,#6398,#6399);
#5179=AXIS2_PLACEMENT_3D('',#7801,#6400,#6401);
#5180=AXIS2_PLACEMENT_3D('',#7803,#6402,#6403);
#5181=AXIS2_PLACEMENT_3D('',#7805,#6405,#6406);
#5182=AXIS2_PLACEMENT_3D('',#7811,#6410,#6411);
#5183=AXIS2_PLACEMENT_3D('',#7817,#6416,#6417);
#5184=AXIS2_PLACEMENT_3D('',#7820,#6420,#6421);
#5185=AXIS2_PLACEMENT_3D('',#7829,#6428,#6429);
#5186=AXIS2_PLACEMENT_3D('',#7830,#6430,#6431);
#5187=AXIS2_PLACEMENT_3D('',#7831,#6432,#6433);
#5188=AXIS2_PLACEMENT_3D('',#7832,#6434,#6435);
#5189=AXIS2_PLACEMENT_3D('',#7835,#6437,#6438);
#5190=AXIS2_PLACEMENT_3D('',#7838,#6440,#6441);
#5191=AXIS2_PLACEMENT_3D('',#7839,#6442,#6443);
#5192=AXIS2_PLACEMENT_3D('',#7840,#6444,#6445);
#5193=AXIS2_PLACEMENT_3D('',#7841,#6446,#6447);
#5194=AXIS2_PLACEMENT_3D('',#7842,#6448,#6449);
#5195=AXIS2_PLACEMENT_3D('',#7843,#6450,#6451);
#5196=AXIS2_PLACEMENT_3D('',#7844,#6452,#6453);
#5197=AXIS2_PLACEMENT_3D('',#7846,#6455,#6456);
#5198=AXIS2_PLACEMENT_3D('',#7850,#6460,#6461);
#5199=AXIS2_PLACEMENT_3D('',#7852,#6463,#6464);
#5200=AXIS2_PLACEMENT_3D('',#7853,#6465,#6466);
#5201=AXIS2_PLACEMENT_3D('',#7855,#6468,#6469);
#5202=AXIS2_PLACEMENT_3D('',#7858,#6471,#6472);
#5203=AXIS2_PLACEMENT_3D('',#7859,#6473,#6474);
#5204=AXIS2_PLACEMENT_3D('',#7861,#6476,#6477);
#5205=AXIS2_PLACEMENT_3D('',#7864,#6480,#6481);
#5206=AXIS2_PLACEMENT_3D('',#7867,#6484,#6485);
#5207=AXIS2_PLACEMENT_3D('',#7869,#6486,#6487);
#5208=AXIS2_PLACEMENT_3D('',#7871,#6489,#6490);
#5209=AXIS2_PLACEMENT_3D('',#7872,#6491,#6492);
#5210=AXIS2_PLACEMENT_3D('',#7876,#6494,#6495);
#5211=AXIS2_PLACEMENT_3D('',#7878,#6497,#6498);
#5212=AXIS2_PLACEMENT_3D('',#7881,#6501,#6502);
#5213=AXIS2_PLACEMENT_3D('',#7882,#6503,#6504);
#5214=AXIS2_PLACEMENT_3D('',#7883,#6505,#6506);
#5215=AXIS2_PLACEMENT_3D('',#7884,#6507,#6508);
#5216=AXIS2_PLACEMENT_3D('',#7886,#6510,#6511);
#5217=AXIS2_PLACEMENT_3D('',#7888,#6512,#6513);
#5218=AXIS2_PLACEMENT_3D('',#7891,#6515,#6516);
#5219=AXIS2_PLACEMENT_3D('',#7892,#6517,#6518);
#5220=AXIS2_PLACEMENT_3D('',#7895,#6521,#6522);
#5221=AXIS2_PLACEMENT_3D('',#7897,#6524,#6525);
#5222=AXIS2_PLACEMENT_3D('',#7899,#6526,#6527);
#5223=AXIS2_PLACEMENT_3D('',#7901,#6529,#6530);
#5224=AXIS2_PLACEMENT_3D('',#7902,#6531,#6532);
#5225=AXIS2_PLACEMENT_3D('',#7903,#6533,#6534);
#5226=AXIS2_PLACEMENT_3D('',#7904,#6535,#6536);
#5227=AXIS2_PLACEMENT_3D('',#7905,#6537,#6538);
#5228=AXIS2_PLACEMENT_3D('',#7911,#6542,#6543);
#5229=AXIS2_PLACEMENT_3D('',#7913,#6544,#6545);
#5230=AXIS2_PLACEMENT_3D('',#7916,#6547,#6548);
#5231=AXIS2_PLACEMENT_3D('',#7917,#6549,#6550);
#5232=AXIS2_PLACEMENT_3D('',#7920,#6551,#6552);
#5233=AXIS2_PLACEMENT_3D('',#7923,#6555,#6556);
#5234=AXIS2_PLACEMENT_3D('',#7927,#6558,#6559);
#5235=AXIS2_PLACEMENT_3D('',#7929,#6561,#6562);
#5236=AXIS2_PLACEMENT_3D('',#7931,#6564,#6565);
#5237=AXIS2_PLACEMENT_3D('',#7933,#6567,#6568);
#5238=AXIS2_PLACEMENT_3D('',#7935,#6570,#6571);
#5239=AXIS2_PLACEMENT_3D('',#7936,#6572,#6573);
#5240=AXIS2_PLACEMENT_3D('',#7937,#6574,#6575);
#5241=AXIS2_PLACEMENT_3D('',#7938,#6576,#6577);
#5242=AXIS2_PLACEMENT_3D('',#7939,#6578,#6579);
#5243=AXIS2_PLACEMENT_3D('',#7940,#6580,#6581);
#5244=AXIS2_PLACEMENT_3D('',#7941,#6582,#6583);
#5245=AXIS2_PLACEMENT_3D('',#7942,#6584,#6585);
#5246=AXIS2_PLACEMENT_3D('',#7944,#6587,#6588);
#5247=AXIS2_PLACEMENT_3D('',#7950,#6592,#6593);
#5248=AXIS2_PLACEMENT_3D('',#7956,#6598,#6599);
#5249=AXIS2_PLACEMENT_3D('',#7958,#6601,#6602);
#5250=AXIS2_PLACEMENT_3D('',#7965,#6608,#6609);
#5251=AXIS2_PLACEMENT_3D('',#7967,#6610,#6611);
#5252=AXIS2_PLACEMENT_3D('',#7970,#6613,#6614);
#5253=AXIS2_PLACEMENT_3D('',#7971,#6615,#6616);
#5254=AXIS2_PLACEMENT_3D('',#7973,#6618,#6619);
#5255=AXIS2_PLACEMENT_3D('',#7974,#6620,#6621);
#5256=AXIS2_PLACEMENT_3D('',#7976,#6623,#6624);
#5257=AXIS2_PLACEMENT_3D('',#7978,#6625,#6626);
#5258=AXIS2_PLACEMENT_3D('',#7981,#6628,#6629);
#5259=AXIS2_PLACEMENT_3D('',#7982,#6630,#6631);
#5260=AXIS2_PLACEMENT_3D('',#7986,#6635,#6636);
#5261=AXIS2_PLACEMENT_3D('',#7988,#6638,#6639);
#5262=AXIS2_PLACEMENT_3D('',#7992,#6643,#6644);
#5263=AXIS2_PLACEMENT_3D('',#7993,#6645,#6646);
#5264=AXIS2_PLACEMENT_3D('',#7994,#6647,#6648);
#5265=AXIS2_PLACEMENT_3D('',#7995,#6649,#6650);
#5266=AXIS2_PLACEMENT_3D('',#7997,#6652,#6653);
#5267=AXIS2_PLACEMENT_3D('',#7998,#6654,#6655);
#5268=AXIS2_PLACEMENT_3D('',#7999,#6656,#6657);
#5269=AXIS2_PLACEMENT_3D('',#8000,#6658,#6659);
#5270=AXIS2_PLACEMENT_3D('',#8002,#6660,#6661);
#5271=AXIS2_PLACEMENT_3D('',#8004,#6663,#6664);
#5272=AXIS2_PLACEMENT_3D('',#8006,#6666,#6667);
#5273=AXIS2_PLACEMENT_3D('',#8007,#6668,#6669);
#5274=AXIS2_PLACEMENT_3D('',#8009,#6671,#6672);
#5275=AXIS2_PLACEMENT_3D('',#8011,#6674,#6675);
#5276=AXIS2_PLACEMENT_3D('',#8012,#6676,#6677);
#5277=AXIS2_PLACEMENT_3D('',#8014,#6678,#6679);
#5278=AXIS2_PLACEMENT_3D('',#8017,#6682,#6683);
#5279=AXIS2_PLACEMENT_3D('',#8021,#6685,#6686);
#5280=AXIS2_PLACEMENT_3D('',#8023,#6688,#6689);
#5281=AXIS2_PLACEMENT_3D('',#8025,#6691,#6692);
#5282=AXIS2_PLACEMENT_3D('',#8027,#6694,#6695);
#5283=AXIS2_PLACEMENT_3D('',#8028,#6696,#6697);
#5284=AXIS2_PLACEMENT_3D('',#8030,#6699,#6700);
#5285=AXIS2_PLACEMENT_3D('',#8031,#6701,#6702);
#5286=AXIS2_PLACEMENT_3D('',#8034,#6705,#6706);
#5287=AXIS2_PLACEMENT_3D('',#8035,#6707,#6708);
#5288=AXIS2_PLACEMENT_3D('',#8041,#6712,#6713);
#5289=AXIS2_PLACEMENT_3D('',#8043,#6714,#6715);
#5290=AXIS2_PLACEMENT_3D('',#8046,#6717,#6718);
#5291=AXIS2_PLACEMENT_3D('',#8047,#6719,#6720);
#5292=AXIS2_PLACEMENT_3D('',#8051,#6722,#6723);
#5293=AXIS2_PLACEMENT_3D('',#8053,#6725,#6726);
#5294=AXIS2_PLACEMENT_3D('',#8057,#6729,#6730);
#5295=AXIS2_PLACEMENT_3D('',#8059,#6731,#6732);
#5296=AXIS2_PLACEMENT_3D('',#8061,#6734,#6735);
#5297=AXIS2_PLACEMENT_3D('',#8064,#6738,#6739);
#5298=AXIS2_PLACEMENT_3D('',#8065,#6740,#6741);
#5299=AXIS2_PLACEMENT_3D('',#8066,#6742,#6743);
#5300=AXIS2_PLACEMENT_3D('',#8068,#6745,#6746);
#5301=AXIS2_PLACEMENT_3D('',#8070,#6748,#6749);
#5302=AXIS2_PLACEMENT_3D('',#8072,#6751,#6752);
#5303=AXIS2_PLACEMENT_3D('',#8073,#6753,#6754);
#5304=AXIS2_PLACEMENT_3D('',#8074,#6755,#6756);
#5305=AXIS2_PLACEMENT_3D('',#8076,#6757,#6758);
#5306=AXIS2_PLACEMENT_3D('',#8078,#6760,#6761);
#5307=AXIS2_PLACEMENT_3D('',#8080,#6763,#6764);
#5308=AXIS2_PLACEMENT_3D('',#8081,#6765,#6766);
#5309=AXIS2_PLACEMENT_3D('',#8083,#6768,#6769);
#5310=AXIS2_PLACEMENT_3D('',#8085,#6771,#6772);
#5311=AXIS2_PLACEMENT_3D('',#8086,#6773,#6774);
#5312=AXIS2_PLACEMENT_3D('',#8088,#6775,#6776);
#5313=AXIS2_PLACEMENT_3D('',#8091,#6779,#6780);
#5314=AXIS2_PLACEMENT_3D('',#8095,#6782,#6783);
#5315=AXIS2_PLACEMENT_3D('',#8097,#6785,#6786);
#5316=AXIS2_PLACEMENT_3D('',#8099,#6788,#6789);
#5317=AXIS2_PLACEMENT_3D('',#8101,#6791,#6792);
#5318=AXIS2_PLACEMENT_3D('',#8102,#6793,#6794);
#5319=AXIS2_PLACEMENT_3D('',#8104,#6796,#6797);
#5320=DIRECTION('axis',(0.,0.,1.));
#5321=DIRECTION('refdir',(1.,0.,0.));
#5322=DIRECTION('center_axis',(1.,0.,0.));
#5323=DIRECTION('ref_axis',(0.,-0.979795897113273,0.199999999999994));
#5324=DIRECTION('',(0.,-0.942176768228391,0.335116304304497));
#5325=DIRECTION('center_axis',(1.,0.,0.));
#5326=DIRECTION('ref_axis',(0.,0.199999999999994,0.979795897113272));
#5327=DIRECTION('',(0.,-0.979795897113272,0.199999999999994));
#5328=DIRECTION('',(0.,0.199999999999994,0.979795897113272));
#5329=DIRECTION('center_axis',(1.,0.,0.));
#5330=DIRECTION('ref_axis',(0.,-0.989902183311213,-0.141752133937002));
#5331=DIRECTION('',(0.,-0.942176768228391,0.335116304304497));
#5332=DIRECTION('center_axis',(-1.,0.,0.));
#5333=DIRECTION('ref_axis',(0.,0.141752133937002,-0.989902183311213));
#5334=DIRECTION('',(0.,-0.141752133937002,0.989902183311213));
#5335=DIRECTION('center_axis',(-1.,0.,0.));
#5336=DIRECTION('ref_axis',(0.,-0.979795897113273,-0.199999999999994));
#5337=DIRECTION('',(0.,-0.942176768228391,-0.335116304304497));
#5338=DIRECTION('center_axis',(-1.,0.,0.));
#5339=DIRECTION('ref_axis',(0.,0.199999999999994,-0.979795897113272));
#5340=DIRECTION('',(0.,-0.979795897113272,-0.199999999999994));
#5341=DIRECTION('',(0.,0.199999999999994,-0.979795897113272));
#5342=DIRECTION('center_axis',(-1.,0.,0.));
#5343=DIRECTION('ref_axis',(0.,-0.989902183311199,0.1417521339371));
#5344=DIRECTION('',(0.,-0.942176768228391,-0.335116304304497));
#5345=DIRECTION('center_axis',(1.,0.,0.));
#5346=DIRECTION('ref_axis',(0.,0.1417521339371,0.989902183311199));
#5347=DIRECTION('',(0.,-0.1417521339371,-0.989902183311199));
#5348=DIRECTION('center_axis',(-1.,0.,0.));
#5349=DIRECTION('ref_axis',(0.,-0.942176768228391,-0.335116304304497));
#5350=DIRECTION('',(0.,-0.989902183311199,0.1417521339371));
#5351=DIRECTION('',(0.,-0.1417521339371,-0.989902183311199));
#5352=DIRECTION('',(0.,-0.942176768228391,-0.335116304304497));
#5353=DIRECTION('',(0.,0.335116304304497,-0.942176768228391));
#5354=DIRECTION('center_axis',(-1.,0.,0.));
#5355=DIRECTION('ref_axis',(0.,-0.935911687480298,0.352234741667799));
#5356=DIRECTION('center_axis',(1.,0.,0.));
#5357=DIRECTION('ref_axis',(0.,0.352234741667799,0.935911687480298));
#5358=DIRECTION('',(0.,-0.1417521339371,-0.989902183311199));
#5359=DIRECTION('',(0.,-0.352234741667799,-0.935911687480298));
#5360=DIRECTION('center_axis',(1.,0.,0.));
#5361=DIRECTION('ref_axis',(0.,0.942176768228391,0.335116304304497));
#5362=DIRECTION('center_axis',(1.,0.,0.));
#5363=DIRECTION('ref_axis',(0.,0.352234741667799,0.935911687480298));
#5364=DIRECTION('',(0.,-0.1417521339371,-0.989902183311199));
#5365=DIRECTION('',(0.,-0.352234741667799,-0.935911687480298));
#5366=DIRECTION('center_axis',(-1.,0.,0.));
#5367=DIRECTION('ref_axis',(0.,-0.942176768228391,-0.335116304304497));
#5368=DIRECTION('',(0.,-0.1417521339371,-0.989902183311199));
#5369=DIRECTION('',(0.,-0.989902183311199,0.1417521339371));
#5370=DIRECTION('',(0.,0.335116304304497,-0.942176768228391));
#5371=DIRECTION('',(0.,-0.942176768228391,-0.335116304304497));
#5372=DIRECTION('center_axis',(1.,0.,0.));
#5373=DIRECTION('ref_axis',(0.,-0.98396484976809,0.178362480417998));
#5374=DIRECTION('',(0.,0.,-1.));
#5375=DIRECTION('',(0.,-1.,0.));
#5376=DIRECTION('center_axis',(1.,0.,0.));
#5377=DIRECTION('ref_axis',(0.,-1.,0.));
#5378=DIRECTION('center_axis',(-1.,0.,0.));
#5379=DIRECTION('ref_axis',(0.,-0.98396484976809,-0.178362480417998));
#5380=DIRECTION('',(0.,0.,1.));
#5381=DIRECTION('',(0.,-1.,0.));
#5382=DIRECTION('center_axis',(-1.,0.,0.));
#5383=DIRECTION('ref_axis',(0.,-1.,0.));
#5384=DIRECTION('center_axis',(-1.,0.,0.));
#5385=DIRECTION('ref_axis',(0.,0.,1.));
#5386=DIRECTION('center_axis',(-1.,0.,0.));
#5387=DIRECTION('ref_axis',(0.,-1.,0.));
#5388=DIRECTION('',(0.,0.,1.));
#5389=DIRECTION('',(0.,-1.,0.));
#5390=DIRECTION('center_axis',(1.,0.,0.));
#5391=DIRECTION('ref_axis',(0.,-0.979795897113229,0.200000000000206));
#5392=DIRECTION('',(0.,-0.942176768228391,0.335116304304497));
#5393=DIRECTION('center_axis',(1.,0.,0.));
#5394=DIRECTION('ref_axis',(0.,0.200000000000206,0.979795897113229));
#5395=DIRECTION('',(0.,-0.979795897113229,0.200000000000206));
#5396=DIRECTION('',(0.,0.200000000000206,0.979795897113229));
#5397=DIRECTION('center_axis',(1.,0.,0.));
#5398=DIRECTION('ref_axis',(0.,-0.989902183311185,-0.141752133937198));
#5399=DIRECTION('',(0.,-0.942176768228391,0.335116304304497));
#5400=DIRECTION('center_axis',(-1.,0.,0.));
#5401=DIRECTION('ref_axis',(0.,0.141752133937198,-0.989902183311185));
#5402=DIRECTION('',(0.,-0.141752133937198,0.989902183311185));
#5403=DIRECTION('center_axis',(1.,0.,0.));
#5404=DIRECTION('ref_axis',(0.,-0.935911687480298,-0.352234741667799));
#5405=DIRECTION('center_axis',(-1.,0.,0.));
#5406=DIRECTION('ref_axis',(0.,0.352234741667799,-0.935911687480298));
#5407=DIRECTION('',(0.,-0.141752133937198,0.989902183311185));
#5408=DIRECTION('',(0.,-0.352234741667799,0.935911687480298));
#5409=DIRECTION('center_axis',(1.,0.,0.));
#5410=DIRECTION('ref_axis',(0.,-0.935911687480298,-0.352234741667799));
#5411=DIRECTION('center_axis',(-1.,0.,0.));
#5412=DIRECTION('ref_axis',(0.,0.352234741667799,-0.935911687480298));
#5413=DIRECTION('',(0.,-0.141752133937198,0.989902183311185));
#5414=DIRECTION('',(0.,-0.352234741667799,0.935911687480298));
#5415=DIRECTION('center_axis',(1.,0.,0.));
#5416=DIRECTION('ref_axis',(0.,-0.942176768228391,0.335116304304497));
#5417=DIRECTION('',(0.,-0.141752133937198,0.989902183311185));
#5418=DIRECTION('',(0.,-0.989902183311185,-0.141752133937198));
#5419=DIRECTION('',(0.,0.335116304304497,0.942176768228391));
#5420=DIRECTION('',(0.,-0.942176768228391,0.335116304304497));
#5421=DIRECTION('center_axis',(1.,0.,0.));
#5422=DIRECTION('ref_axis',(0.,-0.942176768228391,0.335116304304497));
#5423=DIRECTION('',(0.,-0.989902183311185,-0.141752133937198));
#5424=DIRECTION('',(0.,-0.141752133937198,0.989902183311185));
#5425=DIRECTION('',(0.,-0.942176768228391,0.335116304304497));
#5426=DIRECTION('',(0.,0.335116304304497,0.942176768228391));
#5427=DIRECTION('center_axis',(-1.,0.,0.));
#5428=DIRECTION('ref_axis',(0.,0.,1.));
#5429=DIRECTION('center_axis',(-1.,0.,0.));
#5430=DIRECTION('ref_axis',(0.,-1.,0.));
#5431=DIRECTION('',(0.,-1.,0.));
#5432=DIRECTION('',(0.,0.,1.));
#5433=DIRECTION('center_axis',(-1.,0.,0.));
#5434=DIRECTION('ref_axis',(0.,0.,-1.));
#5435=DIRECTION('',(0.,0.,-1.));
#5436=DIRECTION('',(0.,-1.,0.));
#5437=DIRECTION('center_axis',(1.,0.,0.));
#5438=DIRECTION('ref_axis',(0.,-1.,0.));
#5439=DIRECTION('center_axis',(-1.,0.,0.));
#5440=DIRECTION('ref_axis',(0.,-0.979795897113273,-0.199999999999994));
#5441=DIRECTION('',(0.,-0.942176768228391,-0.335116304304497));
#5442=DIRECTION('center_axis',(-1.,0.,0.));
#5443=DIRECTION('ref_axis',(0.,0.199999999999994,-0.979795897113272));
#5444=DIRECTION('',(0.,-0.979795897113272,-0.199999999999994));
#5445=DIRECTION('',(0.,0.199999999999994,-0.979795897113272));
#5446=DIRECTION('center_axis',(-1.,0.,0.));
#5447=DIRECTION('ref_axis',(0.,-0.989902183311227,0.141752133936904));
#5448=DIRECTION('',(0.,-0.942176768228391,-0.335116304304497));
#5449=DIRECTION('center_axis',(1.,0.,0.));
#5450=DIRECTION('ref_axis',(0.,0.141752133936904,0.989902183311227));
#5451=DIRECTION('',(0.,-0.141752133936904,-0.989902183311227));
#5452=DIRECTION('center_axis',(-1.,0.,0.));
#5453=DIRECTION('ref_axis',(0.,-0.935911687480298,0.352234741667799));
#5454=DIRECTION('center_axis',(1.,0.,0.));
#5455=DIRECTION('ref_axis',(0.,0.352234741667799,0.935911687480298));
#5456=DIRECTION('',(0.,-0.141752133936904,-0.989902183311227));
#5457=DIRECTION('',(0.,-0.352234741667799,-0.935911687480298));
#5458=DIRECTION('center_axis',(-1.,0.,0.));
#5459=DIRECTION('ref_axis',(0.,-0.935911687480298,0.352234741667799));
#5460=DIRECTION('center_axis',(1.,0.,0.));
#5461=DIRECTION('ref_axis',(0.,0.352234741667799,0.935911687480298));
#5462=DIRECTION('',(0.,-0.141752133936904,-0.989902183311227));
#5463=DIRECTION('',(0.,-0.352234741667799,-0.935911687480298));
#5464=DIRECTION('center_axis',(-1.,0.,0.));
#5465=DIRECTION('ref_axis',(0.,-0.942176768228391,-0.335116304304497));
#5466=DIRECTION('',(0.,-0.141752133936904,-0.989902183311227));
#5467=DIRECTION('',(0.,-0.989902183311227,0.141752133936904));
#5468=DIRECTION('',(0.,0.335116304304497,-0.942176768228391));
#5469=DIRECTION('',(0.,-0.942176768228391,-0.335116304304497));
#5470=DIRECTION('center_axis',(-1.,0.,0.));
#5471=DIRECTION('ref_axis',(0.,-0.942176768228391,-0.335116304304497));
#5472=DIRECTION('',(0.,-0.989902183311227,0.141752133936904));
#5473=DIRECTION('',(0.,-0.141752133936904,-0.989902183311227));
#5474=DIRECTION('',(0.,-0.942176768228391,-0.335116304304497));
#5475=DIRECTION('',(0.,0.335116304304497,-0.942176768228391));
#5476=DIRECTION('center_axis',(-1.,0.,0.));
#5477=DIRECTION('ref_axis',(0.,0.,-1.));
#5478=DIRECTION('',(0.,0.,-1.));
#5479=DIRECTION('center_axis',(1.,0.,0.));
#5480=DIRECTION('ref_axis',(0.,-1.,0.));
#5481=DIRECTION('',(0.,-1.,0.));
#5482=DIRECTION('center_axis',(1.,0.,0.));
#5483=DIRECTION('ref_axis',(0.,0.,-1.));
#5484=DIRECTION('center_axis',(1.,0.,0.));
#5485=DIRECTION('ref_axis',(0.,-1.,0.));
#5486=DIRECTION('',(0.,0.,-1.));
#5487=DIRECTION('',(0.,-1.,0.));
#5488=DIRECTION('center_axis',(-1.,0.,0.));
#5489=DIRECTION('ref_axis',(0.,0.,1.));
#5490=DIRECTION('center_axis',(-1.,0.,0.));
#5491=DIRECTION('ref_axis',(0.,-1.,0.));
#5492=DIRECTION('',(0.,0.,1.));
#5493=DIRECTION('',(0.,-1.,0.));
#5494=DIRECTION('center_axis',(1.,0.,0.));
#5495=DIRECTION('ref_axis',(0.,-0.942176768228391,0.335116304304497));
#5496=DIRECTION('',(0.,-0.989902183311213,-0.141752133937002));
#5497=DIRECTION('',(0.,-0.141752133937002,0.989902183311213));
#5498=DIRECTION('',(0.,-0.942176768228391,0.335116304304497));
#5499=DIRECTION('',(0.,0.335116304304497,0.942176768228391));
#5500=DIRECTION('center_axis',(1.,0.,0.));
#5501=DIRECTION('ref_axis',(0.,-0.942176768228391,0.335116304304497));
#5502=DIRECTION('',(0.,-0.141752133937002,0.989902183311213));
#5503=DIRECTION('',(0.,-0.989902183311213,-0.141752133937002));
#5504=DIRECTION('',(0.,0.335116304304497,0.942176768228391));
#5505=DIRECTION('',(0.,-0.942176768228391,0.335116304304497));
#5506=DIRECTION('center_axis',(-1.,0.,0.));
#5507=DIRECTION('ref_axis',(0.,0.942176768228391,-0.335116304304497));
#5508=DIRECTION('center_axis',(-1.,0.,0.));
#5509=DIRECTION('ref_axis',(0.,0.352234741667799,-0.935911687480298));
#5510=DIRECTION('',(0.,-0.141752133937002,0.989902183311213));
#5511=DIRECTION('',(0.,-0.352234741667799,0.935911687480298));
#5512=DIRECTION('center_axis',(1.,0.,0.));
#5513=DIRECTION('ref_axis',(0.,-0.935911687480298,-0.352234741667799));
#5514=DIRECTION('center_axis',(-1.,0.,0.));
#5515=DIRECTION('ref_axis',(0.,0.352234741667799,-0.935911687480298));
#5516=DIRECTION('',(0.,-0.141752133937002,0.989902183311213));
#5517=DIRECTION('',(0.,-0.352234741667799,0.935911687480298));
#5518=DIRECTION('center_axis',(1.,0.,0.));
#5519=DIRECTION('ref_axis',(0.,-0.942176768228391,0.335116304304497));
#5520=DIRECTION('',(0.,0.199999999999994,0.979795897113272));
#5521=DIRECTION('center_axis',(-1.,0.,0.));
#5522=DIRECTION('ref_axis',(0.,0.141752133937002,-0.989902183311213));
#5523=DIRECTION('',(0.,-0.942176768228391,0.335116304304497));
#5524=DIRECTION('center_axis',(1.,0.,0.));
#5525=DIRECTION('ref_axis',(0.,-0.942176768228391,0.335116304304497));
#5526=DIRECTION('center_axis',(-1.,0.,0.));
#5527=DIRECTION('ref_axis',(0.,-0.979795897113272,0.199999999999994));
#5528=DIRECTION('',(0.,-0.979795897113272,0.199999999999994));
#5529=DIRECTION('',(0.,-0.942176768228391,0.335116304304497));
#5530=DIRECTION('center_axis',(-1.,0.,0.));
#5531=DIRECTION('ref_axis',(0.,-0.942176768228391,-0.335116304304497));
#5532=DIRECTION('',(0.,0.199999999999994,-0.979795897113272));
#5533=DIRECTION('center_axis',(1.,0.,0.));
#5534=DIRECTION('ref_axis',(0.,0.141752133936904,0.989902183311227));
#5535=DIRECTION('',(0.,-0.942176768228391,-0.335116304304497));
#5536=DIRECTION('center_axis',(-1.,0.,0.));
#5537=DIRECTION('ref_axis',(0.,-0.942176768228391,-0.335116304304497));
#5538=DIRECTION('center_axis',(1.,0.,0.));
#5539=DIRECTION('ref_axis',(0.,-0.979795897113272,-0.199999999999994));
#5540=DIRECTION('',(0.,-0.979795897113272,-0.199999999999994));
#5541=DIRECTION('',(0.,-0.942176768228391,-0.335116304304497));
#5542=DIRECTION('center_axis',(1.,0.,0.));
#5543=DIRECTION('ref_axis',(0.,-0.942176768228391,0.335116304304497));
#5544=DIRECTION('',(0.,0.200000000000206,0.979795897113229));
#5545=DIRECTION('center_axis',(-1.,0.,0.));
#5546=DIRECTION('ref_axis',(0.,0.141752133937198,-0.989902183311185));
#5547=DIRECTION('',(0.,-0.942176768228391,0.335116304304497));
#5548=DIRECTION('center_axis',(1.,0.,0.));
#5549=DIRECTION('ref_axis',(0.,-0.942176768228391,0.335116304304497));
#5550=DIRECTION('center_axis',(-1.,0.,0.));
#5551=DIRECTION('ref_axis',(0.,-0.979795897113229,0.200000000000206));
#5552=DIRECTION('',(0.,-0.979795897113229,0.200000000000206));
#5553=DIRECTION('',(0.,-0.942176768228391,0.335116304304497));
#5554=DIRECTION('center_axis',(-1.,0.,0.));
#5555=DIRECTION('ref_axis',(0.,-0.942176768228391,-0.335116304304497));
#5556=DIRECTION('',(0.,0.199999999999994,-0.979795897113272));
#5557=DIRECTION('center_axis',(1.,0.,0.));
#5558=DIRECTION('ref_axis',(0.,0.1417521339371,0.989902183311199));
#5559=DIRECTION('',(0.,-0.942176768228391,-0.335116304304497));
#5560=DIRECTION('center_axis',(-1.,0.,0.));
#5561=DIRECTION('ref_axis',(0.,-0.942176768228391,-0.335116304304497));
#5562=DIRECTION('center_axis',(1.,0.,0.));
#5563=DIRECTION('ref_axis',(0.,-0.979795897113272,-0.199999999999994));
#5564=DIRECTION('',(0.,-0.979795897113272,-0.199999999999994));
#5565=DIRECTION('',(0.,-0.942176768228391,-0.335116304304497));
#5566=DIRECTION('center_axis',(-1.,0.,0.));
#5567=DIRECTION('ref_axis',(0.,-0.979795897113273,-0.199999999999994));
#5568=DIRECTION('',(0.,-0.942176768228391,-0.335116304304497));
#5569=DIRECTION('center_axis',(-1.,0.,0.));
#5570=DIRECTION('ref_axis',(0.,0.199999999999994,-0.979795897113272));
#5571=DIRECTION('',(0.,0.199999999999994,-0.979795897113272));
#5572=DIRECTION('center_axis',(-1.,0.,0.));
#5573=DIRECTION('ref_axis',(0.,-0.979795897113272,-0.199999999999994));
#5574=DIRECTION('',(0.,-0.979795897113272,-0.199999999999994));
#5575=DIRECTION('',(0.,0.199999999999994,-0.979795897113272));
#5576=DIRECTION('center_axis',(-1.,0.,0.));
#5577=DIRECTION('ref_axis',(0.,-0.989902183311199,0.1417521339371));
#5578=DIRECTION('',(0.,-0.942176768228391,-0.335116304304497));
#5579=DIRECTION('center_axis',(1.,0.,0.));
#5580=DIRECTION('ref_axis',(0.,0.1417521339371,0.989902183311199));
#5581=DIRECTION('',(0.,-0.1417521339371,-0.989902183311199));
#5582=DIRECTION('center_axis',(-1.,0.,0.));
#5583=DIRECTION('ref_axis',(0.,-0.942176768228391,-0.335116304304497));
#5584=DIRECTION('',(0.,-0.942176768228391,-0.335116304304497));
#5585=DIRECTION('',(0.,0.335116304304497,-0.942176768228391));
#5586=DIRECTION('',(0.,-0.942176768228391,-0.335116304304497));
#5587=DIRECTION('',(0.,0.335116304304497,-0.942176768228391));
#5588=DIRECTION('',(0.,-0.989902183311199,0.1417521339371));
#5589=DIRECTION('center_axis',(-1.,0.,0.));
#5590=DIRECTION('ref_axis',(0.,-0.989902183311199,0.1417521339371));
#5591=DIRECTION('center_axis',(-1.,0.,0.));
#5592=DIRECTION('ref_axis',(0.,-0.335116304304497,0.942176768228391));
#5593=DIRECTION('',(0.,-0.989902183311199,0.1417521339371));
#5594=DIRECTION('',(0.,-0.1417521339371,-0.989902183311199));
#5595=DIRECTION('',(0.,-0.989902183311199,0.1417521339371));
#5596=DIRECTION('',(0.,-0.989902183311199,0.1417521339371));
#5597=DIRECTION('center_axis',(1.,0.,0.));
#5598=DIRECTION('ref_axis',(0.,0.942176768228391,0.335116304304497));
#5599=DIRECTION('',(0.,-0.989902183311199,0.1417521339371));
#5600=DIRECTION('center_axis',(-1.,0.,0.));
#5601=DIRECTION('ref_axis',(0.,-0.335116304304497,0.942176768228391));
#5602=DIRECTION('center_axis',(1.,0.,0.));
#5603=DIRECTION('ref_axis',(0.,0.942176768228391,0.335116304304497));
#5604=DIRECTION('',(0.,-0.989902183311199,0.1417521339371));
#5605=DIRECTION('center_axis',(-1.,0.,0.));
#5606=DIRECTION('ref_axis',(0.,-0.335116304304497,0.942176768228391));
#5607=DIRECTION('center_axis',(-1.,0.,0.));
#5608=DIRECTION('ref_axis',(0.,-0.942176768228391,-0.335116304304497));
#5609=DIRECTION('center_axis',(1.,0.,0.));
#5610=DIRECTION('ref_axis',(0.,-0.979795897113272,-0.199999999999994));
#5611=DIRECTION('',(0.,-0.979795897113272,-0.199999999999994));
#5612=DIRECTION('center_axis',(1.,0.,0.));
#5613=DIRECTION('ref_axis',(0.,0.1417521339371,0.989902183311199));
#5614=DIRECTION('',(0.,-0.989902183311199,0.1417521339371));
#5615=DIRECTION('',(0.,0.335116304304497,-0.942176768228391));
#5616=DIRECTION('',(0.,-0.942176768228391,-0.335116304304497));
#5617=DIRECTION('',(0.,0.335116304304497,-0.942176768228391));
#5618=DIRECTION('',(0.,-0.942176768228391,-0.335116304304497));
#5619=DIRECTION('center_axis',(-1.,0.,0.));
#5620=DIRECTION('ref_axis',(0.,-0.942176768228391,-0.335116304304497));
#5621=DIRECTION('',(0.,-0.942176768228391,-0.335116304304497));
#5622=DIRECTION('',(0.,0.199999999999994,-0.979795897113272));
#5623=DIRECTION('center_axis',(-1.,0.,0.));
#5624=DIRECTION('ref_axis',(0.,-0.942176768228391,-0.335116304304497));
#5625=DIRECTION('',(0.,-0.942176768228391,-0.335116304304497));
#5626=DIRECTION('',(0.,-0.1417521339371,-0.989902183311199));
#5627=DIRECTION('center_axis',(-1.,0.,0.));
#5628=DIRECTION('ref_axis',(0.,-0.989902183311199,0.1417521339371));
#5629=DIRECTION('center_axis',(-1.,0.,0.));
#5630=DIRECTION('ref_axis',(0.,-0.335116304304497,0.942176768228391));
#5631=DIRECTION('',(0.,-0.989902183311199,0.1417521339371));
#5632=DIRECTION('',(0.,-0.1417521339371,-0.989902183311199));
#5633=DIRECTION('center_axis',(1.,0.,0.));
#5634=DIRECTION('ref_axis',(0.,0.942176768228391,0.335116304304497));
#5635=DIRECTION('',(0.,-0.989902183311199,0.1417521339371));
#5636=DIRECTION('center_axis',(-1.,0.,0.));
#5637=DIRECTION('ref_axis',(0.,-0.335116304304497,0.942176768228391));
#5638=DIRECTION('center_axis',(1.,0.,0.));
#5639=DIRECTION('ref_axis',(0.,0.352234741667799,0.935911687480298));
#5640=DIRECTION('center_axis',(1.,0.,0.));
#5641=DIRECTION('ref_axis',(0.,0.942176768228391,0.335116304304497));
#5642=DIRECTION('',(0.,-0.989902183311199,0.1417521339371));
#5643=DIRECTION('',(0.,0.335116304304497,-0.942176768228391));
#5644=DIRECTION('center_axis',(-1.,0.,0.));
#5645=DIRECTION('ref_axis',(0.,-0.335116304304497,0.942176768228391));
#5646=DIRECTION('',(0.,-0.1417521339371,-0.989902183311199));
#5647=DIRECTION('center_axis',(-1.,0.,0.));
#5648=DIRECTION('ref_axis',(0.,-0.335116304304497,0.942176768228391));
#5649=DIRECTION('center_axis',(1.,0.,0.));
#5650=DIRECTION('ref_axis',(0.,0.942176768228391,0.335116304304497));
#5651=DIRECTION('center_axis',(-1.,0.,0.));
#5652=DIRECTION('ref_axis',(0.,-0.335116304304497,0.942176768228391));
#5653=DIRECTION('center_axis',(1.,0.,0.));
#5654=DIRECTION('ref_axis',(0.,-0.979795897113229,0.200000000000206));
#5655=DIRECTION('',(0.,-0.942176768228391,0.335116304304497));
#5656=DIRECTION('center_axis',(1.,0.,0.));
#5657=DIRECTION('ref_axis',(0.,0.200000000000206,0.979795897113229));
#5658=DIRECTION('',(0.,0.200000000000206,0.979795897113229));
#5659=DIRECTION('center_axis',(1.,0.,0.));
#5660=DIRECTION('ref_axis',(0.,-0.979795897113229,0.200000000000206));
#5661=DIRECTION('',(0.,-0.979795897113229,0.200000000000206));
#5662=DIRECTION('',(0.,0.200000000000206,0.979795897113229));
#5663=DIRECTION('center_axis',(1.,0.,0.));
#5664=DIRECTION('ref_axis',(0.,-0.942176768228391,0.335116304304497));
#5665=DIRECTION('',(0.,-0.942176768228391,0.335116304304497));
#5666=DIRECTION('',(0.,0.335116304304497,0.942176768228391));
#5667=DIRECTION('',(0.,-0.942176768228391,0.335116304304497));
#5668=DIRECTION('',(0.,0.335116304304497,0.942176768228391));
#5669=DIRECTION('',(0.,-0.989902183311185,-0.141752133937198));
#5670=DIRECTION('center_axis',(1.,0.,0.));
#5671=DIRECTION('ref_axis',(0.,-0.989902183311185,-0.141752133937198));
#5672=DIRECTION('',(0.,-0.942176768228391,0.335116304304497));
#5673=DIRECTION('center_axis',(-1.,0.,0.));
#5674=DIRECTION('ref_axis',(0.,0.141752133937198,-0.989902183311185));
#5675=DIRECTION('',(0.,-0.141752133937198,0.989902183311185));
#5676=DIRECTION('center_axis',(1.,0.,0.));
#5677=DIRECTION('ref_axis',(0.,-0.989902183311185,-0.141752133937198));
#5678=DIRECTION('',(0.,-0.989902183311185,-0.141752133937198));
#5679=DIRECTION('center_axis',(-1.,0.,0.));
#5680=DIRECTION('ref_axis',(0.,0.352234741667799,-0.935911687480298));
#5681=DIRECTION('center_axis',(1.,0.,0.));
#5682=DIRECTION('ref_axis',(0.,-0.989902183311185,-0.141752133937198));
#5683=DIRECTION('',(0.,-0.989902183311185,-0.141752133937198));
#5684=DIRECTION('',(0.,-0.141752133937198,0.989902183311185));
#5685=DIRECTION('',(0.,-0.989902183311185,-0.141752133937198));
#5686=DIRECTION('',(0.,-0.989902183311185,-0.141752133937198));
#5687=DIRECTION('center_axis',(1.,0.,0.));
#5688=DIRECTION('ref_axis',(0.,-0.935911687480298,-0.352234741667799));
#5689=DIRECTION('',(0.,-0.989902183311185,-0.141752133937198));
#5690=DIRECTION('center_axis',(-1.,0.,0.));
#5691=DIRECTION('ref_axis',(0.,0.352234741667799,-0.935911687480298));
#5692=DIRECTION('center_axis',(1.,0.,0.));
#5693=DIRECTION('ref_axis',(0.,-0.935911687480298,-0.352234741667799));
#5694=DIRECTION('',(0.,-0.989902183311185,-0.141752133937198));
#5695=DIRECTION('center_axis',(-1.,0.,0.));
#5696=DIRECTION('ref_axis',(0.,0.352234741667799,-0.935911687480298));
#5697=DIRECTION('center_axis',(1.,0.,0.));
#5698=DIRECTION('ref_axis',(0.,-0.942176768228391,0.335116304304497));
#5699=DIRECTION('center_axis',(-1.,0.,0.));
#5700=DIRECTION('ref_axis',(0.,-0.979795897113229,0.200000000000206));
#5701=DIRECTION('',(0.,-0.979795897113229,0.200000000000206));
#5702=DIRECTION('center_axis',(-1.,0.,0.));
#5703=DIRECTION('ref_axis',(0.,0.141752133937198,-0.989902183311185));
#5704=DIRECTION('',(0.,-0.989902183311185,-0.141752133937198));
#5705=DIRECTION('',(0.,0.335116304304497,0.942176768228391));
#5706=DIRECTION('',(0.,-0.942176768228391,0.335116304304497));
#5707=DIRECTION('',(0.,0.335116304304497,0.942176768228391));
#5708=DIRECTION('',(0.,-0.942176768228391,0.335116304304497));
#5709=DIRECTION('center_axis',(1.,0.,0.));
#5710=DIRECTION('ref_axis',(0.,-0.942176768228391,0.335116304304497));
#5711=DIRECTION('',(0.,-0.942176768228391,0.335116304304497));
#5712=DIRECTION('',(0.,0.200000000000206,0.979795897113229));
#5713=DIRECTION('center_axis',(1.,0.,0.));
#5714=DIRECTION('ref_axis',(0.,-0.942176768228391,0.335116304304497));
#5715=DIRECTION('',(0.,-0.942176768228391,0.335116304304497));
#5716=DIRECTION('',(0.,-0.141752133937198,0.989902183311185));
#5717=DIRECTION('center_axis',(1.,0.,0.));
#5718=DIRECTION('ref_axis',(0.,-0.989902183311185,-0.141752133937198));
#5719=DIRECTION('center_axis',(-1.,0.,0.));
#5720=DIRECTION('ref_axis',(0.,0.352234741667799,-0.935911687480298));
#5721=DIRECTION('',(0.,-0.989902183311185,-0.141752133937198));
#5722=DIRECTION('',(0.,-0.141752133937198,0.989902183311185));
#5723=DIRECTION('center_axis',(1.,0.,0.));
#5724=DIRECTION('ref_axis',(0.,-0.935911687480298,-0.352234741667799));
#5725=DIRECTION('',(0.,-0.989902183311185,-0.141752133937198));
#5726=DIRECTION('center_axis',(-1.,0.,0.));
#5727=DIRECTION('ref_axis',(0.,0.352234741667799,-0.935911687480298));
#5728=DIRECTION('center_axis',(-1.,0.,0.));
#5729=DIRECTION('ref_axis',(0.,0.352234741667799,-0.935911687480298));
#5730=DIRECTION('center_axis',(1.,0.,0.));
#5731=DIRECTION('ref_axis',(0.,-0.935911687480298,-0.352234741667799));
#5732=DIRECTION('',(0.,-0.989902183311185,-0.141752133937198));
#5733=DIRECTION('',(0.,0.335116304304497,0.942176768228391));
#5734=DIRECTION('center_axis',(-1.,0.,0.));
#5735=DIRECTION('ref_axis',(0.,0.352234741667799,-0.935911687480298));
#5736=DIRECTION('',(0.,-0.141752133937198,0.989902183311185));
#5737=DIRECTION('center_axis',(-1.,0.,0.));
#5738=DIRECTION('ref_axis',(0.,0.352234741667799,-0.935911687480298));
#5739=DIRECTION('center_axis',(1.,0.,0.));
#5740=DIRECTION('ref_axis',(0.,-0.935911687480298,-0.352234741667799));
#5741=DIRECTION('center_axis',(-1.,0.,0.));
#5742=DIRECTION('ref_axis',(0.,0.352234741667799,-0.935911687480298));
#5743=DIRECTION('center_axis',(-1.,0.,0.));
#5744=DIRECTION('ref_axis',(0.,0.,1.));
#5745=DIRECTION('center_axis',(-1.,0.,0.));
#5746=DIRECTION('ref_axis',(0.,-1.,0.));
#5747=DIRECTION('',(0.,0.,1.));
#5748=DIRECTION('',(0.,-1.,0.));
#5749=DIRECTION('',(0.,0.,1.));
#5750=DIRECTION('center_axis',(-1.,0.,0.));
#5751=DIRECTION('ref_axis',(0.,0.,1.));
#5752=DIRECTION('center_axis',(-1.,0.,0.));
#5753=DIRECTION('ref_axis',(0.,-1.,0.));
#5754=DIRECTION('',(0.,0.,1.));
#5755=DIRECTION('',(0.,-1.,0.));
#5756=DIRECTION('',(0.,0.,1.));
#5757=DIRECTION('center_axis',(-1.,0.,0.));
#5758=DIRECTION('ref_axis',(0.,-0.979795897113273,-0.199999999999994));
#5759=DIRECTION('',(0.,-0.942176768228391,-0.335116304304497));
#5760=DIRECTION('center_axis',(-1.,0.,0.));
#5761=DIRECTION('ref_axis',(0.,0.199999999999994,-0.979795897113272));
#5762=DIRECTION('',(0.,0.199999999999994,-0.979795897113272));
#5763=DIRECTION('center_axis',(-1.,0.,0.));
#5764=DIRECTION('ref_axis',(0.,-0.979795897113272,-0.199999999999994));
#5765=DIRECTION('',(0.,-0.979795897113272,-0.199999999999994));
#5766=DIRECTION('',(0.,0.199999999999994,-0.979795897113272));
#5767=DIRECTION('center_axis',(-1.,0.,0.));
#5768=DIRECTION('ref_axis',(0.,-0.989902183311227,0.141752133936904));
#5769=DIRECTION('',(0.,-0.942176768228391,-0.335116304304497));
#5770=DIRECTION('center_axis',(1.,0.,0.));
#5771=DIRECTION('ref_axis',(0.,0.141752133936904,0.989902183311227));
#5772=DIRECTION('',(0.,-0.141752133936904,-0.989902183311227));
#5773=DIRECTION('center_axis',(-1.,0.,0.));
#5774=DIRECTION('ref_axis',(0.,-0.942176768228391,-0.335116304304497));
#5775=DIRECTION('',(0.,-0.942176768228391,-0.335116304304497));
#5776=DIRECTION('',(0.,0.335116304304497,-0.942176768228391));
#5777=DIRECTION('',(0.,-0.942176768228391,-0.335116304304497));
#5778=DIRECTION('',(0.,0.335116304304497,-0.942176768228391));
#5779=DIRECTION('',(0.,-0.989902183311227,0.141752133936904));
#5780=DIRECTION('center_axis',(-1.,0.,0.));
#5781=DIRECTION('ref_axis',(0.,-0.989902183311227,0.141752133936904));
#5782=DIRECTION('',(0.,-0.989902183311227,0.141752133936904));
#5783=DIRECTION('center_axis',(1.,0.,0.));
#5784=DIRECTION('ref_axis',(0.,0.352234741667799,0.935911687480298));
#5785=DIRECTION('center_axis',(-1.,0.,0.));
#5786=DIRECTION('ref_axis',(0.,-0.989902183311227,0.141752133936904));
#5787=DIRECTION('',(0.,-0.989902183311227,0.141752133936904));
#5788=DIRECTION('',(0.,-0.141752133936904,-0.989902183311227));
#5789=DIRECTION('',(0.,-0.989902183311227,0.141752133936904));
#5790=DIRECTION('',(0.,-0.989902183311227,0.141752133936904));
#5791=DIRECTION('center_axis',(-1.,0.,0.));
#5792=DIRECTION('ref_axis',(0.,-0.935911687480298,0.352234741667799));
#5793=DIRECTION('',(0.,-0.989902183311227,0.141752133936904));
#5794=DIRECTION('center_axis',(1.,0.,0.));
#5795=DIRECTION('ref_axis',(0.,0.352234741667799,0.935911687480298));
#5796=DIRECTION('center_axis',(-1.,0.,0.));
#5797=DIRECTION('ref_axis',(0.,-0.935911687480298,0.352234741667799));
#5798=DIRECTION('',(0.,-0.989902183311227,0.141752133936904));
#5799=DIRECTION('center_axis',(1.,0.,0.));
#5800=DIRECTION('ref_axis',(0.,0.352234741667799,0.935911687480298));
#5801=DIRECTION('center_axis',(-1.,0.,0.));
#5802=DIRECTION('ref_axis',(0.,-0.942176768228391,-0.335116304304497));
#5803=DIRECTION('center_axis',(1.,0.,0.));
#5804=DIRECTION('ref_axis',(0.,-0.979795897113272,-0.199999999999994));
#5805=DIRECTION('',(0.,-0.979795897113272,-0.199999999999994));
#5806=DIRECTION('center_axis',(1.,0.,0.));
#5807=DIRECTION('ref_axis',(0.,0.141752133936904,0.989902183311227));
#5808=DIRECTION('',(0.,-0.989902183311227,0.141752133936904));
#5809=DIRECTION('',(0.,0.335116304304497,-0.942176768228391));
#5810=DIRECTION('',(0.,-0.942176768228391,-0.335116304304497));
#5811=DIRECTION('',(0.,0.335116304304497,-0.942176768228391));
#5812=DIRECTION('',(0.,-0.942176768228391,-0.335116304304497));
#5813=DIRECTION('center_axis',(-1.,0.,0.));
#5814=DIRECTION('ref_axis',(0.,-0.942176768228391,-0.335116304304497));
#5815=DIRECTION('',(0.,-0.942176768228391,-0.335116304304497));
#5816=DIRECTION('',(0.,0.199999999999994,-0.979795897113272));
#5817=DIRECTION('center_axis',(-1.,0.,0.));
#5818=DIRECTION('ref_axis',(0.,-0.942176768228391,-0.335116304304497));
#5819=DIRECTION('',(0.,-0.942176768228391,-0.335116304304497));
#5820=DIRECTION('',(0.,-0.141752133936904,-0.989902183311227));
#5821=DIRECTION('center_axis',(-1.,0.,0.));
#5822=DIRECTION('ref_axis',(0.,-0.989902183311227,0.141752133936904));
#5823=DIRECTION('center_axis',(1.,0.,0.));
#5824=DIRECTION('ref_axis',(0.,0.352234741667799,0.935911687480298));
#5825=DIRECTION('',(0.,-0.989902183311227,0.141752133936904));
#5826=DIRECTION('',(0.,-0.141752133936904,-0.989902183311227));
#5827=DIRECTION('center_axis',(-1.,0.,0.));
#5828=DIRECTION('ref_axis',(0.,-0.935911687480298,0.352234741667799));
#5829=DIRECTION('',(0.,-0.989902183311227,0.141752133936904));
#5830=DIRECTION('center_axis',(1.,0.,0.));
#5831=DIRECTION('ref_axis',(0.,0.352234741667799,0.935911687480298));
#5832=DIRECTION('center_axis',(1.,0.,0.));
#5833=DIRECTION('ref_axis',(0.,0.352234741667799,0.935911687480298));
#5834=DIRECTION('center_axis',(-1.,0.,0.));
#5835=DIRECTION('ref_axis',(0.,-0.935911687480298,0.352234741667799));
#5836=DIRECTION('',(0.,-0.989902183311227,0.141752133936904));
#5837=DIRECTION('',(0.,0.335116304304497,-0.942176768228391));
#5838=DIRECTION('center_axis',(1.,0.,0.));
#5839=DIRECTION('ref_axis',(0.,0.352234741667799,0.935911687480298));
#5840=DIRECTION('',(0.,-0.141752133936904,-0.989902183311227));
#5841=DIRECTION('center_axis',(1.,0.,0.));
#5842=DIRECTION('ref_axis',(0.,0.352234741667799,0.935911687480298));
#5843=DIRECTION('center_axis',(-1.,0.,0.));
#5844=DIRECTION('ref_axis',(0.,-0.935911687480298,0.352234741667799));
#5845=DIRECTION('center_axis',(1.,0.,0.));
#5846=DIRECTION('ref_axis',(0.,0.352234741667799,0.935911687480298));
#5847=DIRECTION('center_axis',(-1.,0.,0.));
#5848=DIRECTION('ref_axis',(0.,0.,-1.));
#5849=DIRECTION('',(0.,0.,-1.));
#5850=DIRECTION('center_axis',(1.,0.,0.));
#5851=DIRECTION('ref_axis',(0.,-1.,0.));
#5852=DIRECTION('',(0.,0.178362480417998,0.98396484976809));
#5853=DIRECTION('center_axis',(1.,0.,0.));
#5854=DIRECTION('ref_axis',(0.,-1.,0.));
#5855=DIRECTION('center_axis',(-1.,0.,0.));
#5856=DIRECTION('ref_axis',(0.,0.,-1.));
#5857=DIRECTION('',(0.,0.,-1.));
#5858=DIRECTION('center_axis',(1.,0.,0.));
#5859=DIRECTION('ref_axis',(0.,-1.,0.));
#5860=DIRECTION('',(0.,0.178362480417998,0.98396484976809));
#5861=DIRECTION('center_axis',(1.,0.,0.));
#5862=DIRECTION('ref_axis',(0.,-1.,0.));
#5863=DIRECTION('center_axis',(1.,0.,0.));
#5864=DIRECTION('ref_axis',(0.,-0.98396484976809,0.178362480417998));
#5865=DIRECTION('',(0.,0.,-1.));
#5866=DIRECTION('center_axis',(1.,0.,0.));
#5867=DIRECTION('ref_axis',(0.,-1.,0.));
#5868=DIRECTION('',(0.,0.178362480417998,0.98396484976809));
#5869=DIRECTION('center_axis',(1.,0.,0.));
#5870=DIRECTION('ref_axis',(0.,-1.,0.));
#5871=DIRECTION('center_axis',(1.,0.,0.));
#5872=DIRECTION('ref_axis',(0.,0.,-1.));
#5873=DIRECTION('center_axis',(1.,0.,0.));
#5874=DIRECTION('ref_axis',(0.,-1.,0.));
#5875=DIRECTION('',(0.,0.,-1.));
#5876=DIRECTION('',(0.,-1.,0.));
#5877=DIRECTION('',(0.,0.,-1.));
#5878=DIRECTION('center_axis',(-1.,0.,0.));
#5879=DIRECTION('ref_axis',(0.,-0.98396484976809,-0.178362480417998));
#5880=DIRECTION('',(0.,0.,1.));
#5881=DIRECTION('center_axis',(-1.,0.,0.));
#5882=DIRECTION('ref_axis',(0.,-1.,0.));
#5883=DIRECTION('',(0.,0.178362480417998,-0.98396484976809));
#5884=DIRECTION('center_axis',(-1.,0.,0.));
#5885=DIRECTION('ref_axis',(0.,-1.,0.));
#5886=DIRECTION('center_axis',(-1.,0.,0.));
#5887=DIRECTION('ref_axis',(0.,0.,1.));
#5888=DIRECTION('center_axis',(-1.,0.,0.));
#5889=DIRECTION('ref_axis',(0.,-1.,0.));
#5890=DIRECTION('',(0.,0.,1.));
#5891=DIRECTION('',(0.,-1.,0.));
#5892=DIRECTION('',(0.,0.,1.));
#5893=DIRECTION('center_axis',(1.,0.,0.));
#5894=DIRECTION('ref_axis',(0.,-0.942176768228391,0.335116304304497));
#5895=DIRECTION('center_axis',(-1.,0.,0.));
#5896=DIRECTION('ref_axis',(0.,-0.979795897113272,0.199999999999994));
#5897=DIRECTION('',(0.,-0.979795897113272,0.199999999999994));
#5898=DIRECTION('center_axis',(-1.,0.,0.));
#5899=DIRECTION('ref_axis',(0.,0.141752133937002,-0.989902183311213));
#5900=DIRECTION('',(0.,-0.989902183311213,-0.141752133937002));
#5901=DIRECTION('',(0.,0.335116304304497,0.942176768228391));
#5902=DIRECTION('',(0.,-0.942176768228391,0.335116304304497));
#5903=DIRECTION('',(0.,0.335116304304497,0.942176768228391));
#5904=DIRECTION('',(0.,-0.942176768228391,0.335116304304497));
#5905=DIRECTION('center_axis',(1.,0.,0.));
#5906=DIRECTION('ref_axis',(0.,-0.942176768228391,0.335116304304497));
#5907=DIRECTION('',(0.,-0.942176768228391,0.335116304304497));
#5908=DIRECTION('',(0.,0.199999999999994,0.979795897113272));
#5909=DIRECTION('center_axis',(1.,0.,0.));
#5910=DIRECTION('ref_axis',(0.,-0.942176768228391,0.335116304304497));
#5911=DIRECTION('',(0.,-0.942176768228391,0.335116304304497));
#5912=DIRECTION('',(0.,-0.141752133937002,0.989902183311213));
#5913=DIRECTION('center_axis',(1.,0.,0.));
#5914=DIRECTION('ref_axis',(0.,-0.989902183311213,-0.141752133937002));
#5915=DIRECTION('center_axis',(1.,0.,0.));
#5916=DIRECTION('ref_axis',(0.,-0.335116304304497,-0.942176768228391));
#5917=DIRECTION('',(0.,-0.989902183311213,-0.141752133937002));
#5918=DIRECTION('',(0.,-0.141752133937002,0.989902183311213));
#5919=DIRECTION('center_axis',(-1.,0.,0.));
#5920=DIRECTION('ref_axis',(0.,0.942176768228391,-0.335116304304497));
#5921=DIRECTION('',(0.,-0.989902183311213,-0.141752133937002));
#5922=DIRECTION('center_axis',(1.,0.,0.));
#5923=DIRECTION('ref_axis',(0.,-0.335116304304497,-0.942176768228391));
#5924=DIRECTION('center_axis',(-1.,0.,0.));
#5925=DIRECTION('ref_axis',(0.,0.352234741667799,-0.935911687480298));
#5926=DIRECTION('center_axis',(-1.,0.,0.));
#5927=DIRECTION('ref_axis',(0.,0.942176768228391,-0.335116304304497));
#5928=DIRECTION('',(0.,-0.989902183311213,-0.141752133937002));
#5929=DIRECTION('',(0.,0.335116304304497,0.942176768228391));
#5930=DIRECTION('center_axis',(1.,0.,0.));
#5931=DIRECTION('ref_axis',(0.,-0.335116304304497,-0.942176768228391));
#5932=DIRECTION('',(0.,-0.141752133937002,0.989902183311213));
#5933=DIRECTION('center_axis',(1.,0.,0.));
#5934=DIRECTION('ref_axis',(0.,-0.335116304304497,-0.942176768228391));
#5935=DIRECTION('center_axis',(-1.,0.,0.));
#5936=DIRECTION('ref_axis',(0.,0.942176768228391,-0.335116304304497));
#5937=DIRECTION('center_axis',(1.,0.,0.));
#5938=DIRECTION('ref_axis',(0.,-0.335116304304497,-0.942176768228391));
#5939=DIRECTION('center_axis',(1.,0.,0.));
#5940=DIRECTION('ref_axis',(0.,-0.979795897113273,0.199999999999994));
#5941=DIRECTION('',(0.,-0.942176768228391,0.335116304304497));
#5942=DIRECTION('center_axis',(1.,0.,0.));
#5943=DIRECTION('ref_axis',(0.,0.199999999999994,0.979795897113272));
#5944=DIRECTION('',(0.,0.199999999999994,0.979795897113272));
#5945=DIRECTION('center_axis',(1.,0.,0.));
#5946=DIRECTION('ref_axis',(0.,-0.979795897113272,0.199999999999994));
#5947=DIRECTION('',(0.,-0.979795897113272,0.199999999999994));
#5948=DIRECTION('',(0.,0.199999999999994,0.979795897113272));
#5949=DIRECTION('center_axis',(1.,0.,0.));
#5950=DIRECTION('ref_axis',(0.,-0.989902183311213,-0.141752133937002));
#5951=DIRECTION('',(0.,-0.942176768228391,0.335116304304497));
#5952=DIRECTION('center_axis',(-1.,0.,0.));
#5953=DIRECTION('ref_axis',(0.,0.141752133937002,-0.989902183311213));
#5954=DIRECTION('',(0.,-0.141752133937002,0.989902183311213));
#5955=DIRECTION('center_axis',(1.,0.,0.));
#5956=DIRECTION('ref_axis',(0.,-0.942176768228391,0.335116304304497));
#5957=DIRECTION('',(0.,-0.942176768228391,0.335116304304497));
#5958=DIRECTION('',(0.,0.335116304304497,0.942176768228391));
#5959=DIRECTION('',(0.,-0.942176768228391,0.335116304304497));
#5960=DIRECTION('',(0.,0.335116304304497,0.942176768228391));
#5961=DIRECTION('',(0.,-0.989902183311213,-0.141752133937002));
#5962=DIRECTION('center_axis',(1.,0.,0.));
#5963=DIRECTION('ref_axis',(0.,-0.989902183311213,-0.141752133937002));
#5964=DIRECTION('center_axis',(1.,0.,0.));
#5965=DIRECTION('ref_axis',(0.,-0.335116304304497,-0.942176768228391));
#5966=DIRECTION('',(0.,-0.989902183311213,-0.141752133937002));
#5967=DIRECTION('',(0.,-0.141752133937002,0.989902183311213));
#5968=DIRECTION('',(0.,-0.989902183311213,-0.141752133937002));
#5969=DIRECTION('',(0.,-0.989902183311213,-0.141752133937002));
#5970=DIRECTION('center_axis',(-1.,0.,0.));
#5971=DIRECTION('ref_axis',(0.,0.942176768228391,-0.335116304304497));
#5972=DIRECTION('',(0.,-0.989902183311213,-0.141752133937002));
#5973=DIRECTION('center_axis',(1.,0.,0.));
#5974=DIRECTION('ref_axis',(0.,-0.335116304304497,-0.942176768228391));
#5975=DIRECTION('center_axis',(-1.,0.,0.));
#5976=DIRECTION('ref_axis',(0.,0.942176768228391,-0.335116304304497));
#5977=DIRECTION('',(0.,-0.989902183311213,-0.141752133937002));
#5978=DIRECTION('center_axis',(1.,0.,0.));
#5979=DIRECTION('ref_axis',(0.,-0.335116304304497,-0.942176768228391));
#5980=DIRECTION('center_axis',(0.,0.643055359284337,-0.765819694768744));
#5981=DIRECTION('ref_axis',(0.,0.765819694768744,0.643055359284337));
#5982=DIRECTION('center_axis',(0.,0.643055359284337,-0.765819694768744));
#5983=DIRECTION('ref_axis',(0.,0.765819694768744,0.643055359284337));
#5984=DIRECTION('',(0.,0.765819694768744,0.643055359284337));
#5985=DIRECTION('',(1.,0.,0.));
#5986=DIRECTION('',(0.,0.765819694768744,0.643055359284337));
#5987=DIRECTION('center_axis',(0.,0.643055359284337,-0.765819694768744));
#5988=DIRECTION('ref_axis',(-1.,0.,0.));
#5989=DIRECTION('',(1.,0.,0.));
#5990=DIRECTION('center_axis',(0.,-0.643055359284337,0.765819694768744));
#5991=DIRECTION('ref_axis',(1.,0.,0.));
#5992=DIRECTION('center_axis',(0.,-0.643055359284337,0.765819694768744));
#5993=DIRECTION('ref_axis',(1.,0.,0.));
#5994=DIRECTION('',(0.,-0.643055359284337,0.765819694768744));
#5995=DIRECTION('',(0.,-0.643055359284337,0.765819694768744));
#5996=DIRECTION('center_axis',(0.,0.643055359284337,-0.765819694768744));
#5997=DIRECTION('ref_axis',(0.,0.765819694768744,0.643055359284337));
#5998=DIRECTION('',(1.,0.,0.));
#5999=DIRECTION('center_axis',(0.,-0.643055359284337,0.765819694768744));
#6000=DIRECTION('ref_axis',(0.,0.765819694768744,0.643055359284337));
#6001=DIRECTION('',(0.,0.765819694768744,0.643055359284337));
#6002=DIRECTION('',(1.,0.,0.));
#6003=DIRECTION('',(0.,0.765819694768744,0.643055359284337));
#6004=DIRECTION('center_axis',(-1.,0.,0.));
#6005=DIRECTION('ref_axis',(0.,-0.765819694768744,-0.643055359284337));
#6006=DIRECTION('',(0.,0.643055359284337,-0.765819694768744));
#6007=DIRECTION('center_axis',(-1.,0.,0.));
#6008=DIRECTION('ref_axis',(0.,-0.765819694768744,-0.643055359284337));
#6009=DIRECTION('center_axis',(1.,0.,0.));
#6010=DIRECTION('ref_axis',(0.,-0.335116304304497,-0.942176768228391));
#6011=DIRECTION('',(0.,-0.335116304304497,-0.942176768228391));
#6012=DIRECTION('center_axis',(1.,0.,0.));
#6013=DIRECTION('ref_axis',(0.,-0.335116304304497,-0.942176768228391));
#6014=DIRECTION('center_axis',(1.,0.,0.));
#6015=DIRECTION('ref_axis',(0.,0.177431873504266,-0.984133085646838));
#6016=DIRECTION('',(-1.,0.,0.));
#6017=DIRECTION('center_axis',(1.,0.,0.));
#6018=DIRECTION('ref_axis',(0.,-0.335116304304497,-0.942176768228391));
#6019=DIRECTION('',(1.,0.,0.));
#6020=DIRECTION('center_axis',(1.,0.,0.));
#6021=DIRECTION('ref_axis',(0.,-0.335116304304497,-0.942176768228391));
#6022=DIRECTION('',(1.,0.,0.));
#6023=DIRECTION('center_axis',(0.,0.141752133937002,-0.989902183311213));
#6024=DIRECTION('ref_axis',(0.,-0.989902183311213,-0.141752133937002));
#6025=DIRECTION('',(0.,-0.989902183311213,-0.141752133937002));
#6026=DIRECTION('',(0.,-0.989902183311213,-0.141752133937002));
#6027=DIRECTION('',(-1.,0.,0.));
#6028=DIRECTION('center_axis',(1.,0.,0.));
#6029=DIRECTION('ref_axis',(0.,-0.989902183311213,-0.141752133937002));
#6030=DIRECTION('',(0.,-0.989902183311213,-0.141752133937002));
#6031=DIRECTION('center_axis',(0.,0.141752133937002,-0.989902183311213));
#6032=DIRECTION('ref_axis',(0.,-0.989902183311213,-0.141752133937002));
#6033=DIRECTION('',(-1.,0.,0.));
#6034=DIRECTION('',(0.,-0.989902183311213,-0.141752133937002));
#6035=DIRECTION('',(-1.,0.,0.));
#6036=DIRECTION('center_axis',(-1.,0.,0.));
#6037=DIRECTION('ref_axis',(0.,0.935911687480298,0.352234741667799));
#6038=DIRECTION('center_axis',(-1.,0.,0.));
#6039=DIRECTION('ref_axis',(0.,0.352234741667799,-0.935911687480298));
#6040=DIRECTION('',(-1.,0.,0.));
#6041=DIRECTION('center_axis',(1.,0.,0.));
#6042=DIRECTION('ref_axis',(0.,-0.935911687480298,-0.352234741667799));
#6043=DIRECTION('center_axis',(-1.,0.,0.));
#6044=DIRECTION('ref_axis',(0.,0.942176768228391,-0.335116304304497));
#6045=DIRECTION('center_axis',(1.,0.,0.));
#6046=DIRECTION('ref_axis',(0.,-0.335116304304497,-0.942176768228391));
#6047=DIRECTION('',(0.,0.335116304304497,0.942176768228391));
#6048=DIRECTION('center_axis',(1.,0.,0.));
#6049=DIRECTION('ref_axis',(0.,0.177431873504337,-0.984133085646825));
#6050=DIRECTION('',(1.,0.,0.));
#6051=DIRECTION('center_axis',(1.,0.,0.));
#6052=DIRECTION('ref_axis',(0.,-0.335116304304497,-0.942176768228391));
#6053=DIRECTION('',(1.,0.,0.));
#6054=DIRECTION('center_axis',(-1.,0.,0.));
#6055=DIRECTION('ref_axis',(0.,0.942176768228391,-0.335116304304497));
#6056=DIRECTION('center_axis',(1.,0.,0.));
#6057=DIRECTION('ref_axis',(0.,-0.942176768228391,0.335116304304497));
#6058=DIRECTION('',(0.,-0.942176768228391,0.335116304304497));
#6059=DIRECTION('center_axis',(0.,-0.335116304304497,-0.942176768228391));
#6060=DIRECTION('ref_axis',(0.,0.942176768228391,-0.335116304304497));
#6061=DIRECTION('',(-1.,0.,0.));
#6062=DIRECTION('',(0.,-0.942176768228391,0.335116304304497));
#6063=DIRECTION('',(0.,0.942176768228391,-0.335116304304497));
#6064=DIRECTION('',(1.,0.,0.));
#6065=DIRECTION('',(0.,0.942176768228391,-0.335116304304497));
#6066=DIRECTION('center_axis',(1.,0.,0.));
#6067=DIRECTION('ref_axis',(0.,0.942176768228391,-0.335116304304497));
#6068=DIRECTION('',(0.,0.942176768228391,-0.335116304304497));
#6069=DIRECTION('',(0.,-0.335116304304497,-0.942176768228391));
#6070=DIRECTION('',(0.,-0.335116304304497,-0.942176768228391));
#6071=DIRECTION('center_axis',(0.,-0.335116304304497,-0.942176768228391));
#6072=DIRECTION('ref_axis',(0.,0.942176768228391,-0.335116304304497));
#6073=DIRECTION('',(1.,0.,0.));
#6074=DIRECTION('',(0.,0.942176768228391,-0.335116304304497));
#6075=DIRECTION('',(-1.,0.,0.));
#6076=DIRECTION('center_axis',(0.,-0.942176768228391,0.335116304304497));
#6077=DIRECTION('ref_axis',(-1.,0.,0.));
#6078=DIRECTION('center_axis',(1.,0.,0.));
#6079=DIRECTION('ref_axis',(0.,-0.942176768228391,0.335116304304497));
#6080=DIRECTION('center_axis',(-1.,0.,0.));
#6081=DIRECTION('ref_axis',(0.,-0.942176768228391,0.335116304304497));
#6082=DIRECTION('',(0.,-0.335116304304497,-0.942176768228391));
#6083=DIRECTION('center_axis',(-1.,0.,0.));
#6084=DIRECTION('ref_axis',(0.,-0.942176768228391,0.335116304304497));
#6085=DIRECTION('center_axis',(-1.,0.,0.));
#6086=DIRECTION('ref_axis',(0.,-0.178362480417998,0.98396484976809));
#6087=DIRECTION('center_axis',(-1.,0.,0.));
#6088=DIRECTION('ref_axis',(0.,-0.178362480417998,0.98396484976809));
#6089=DIRECTION('center_axis',(1.,0.,0.));
#6090=DIRECTION('ref_axis',(0.,0.,1.));
#6091=DIRECTION('',(1.,0.,0.));
#6092=DIRECTION('center_axis',(-1.,0.,0.));
#6093=DIRECTION('ref_axis',(0.,-1.,0.));
#6094=DIRECTION('center_axis',(-1.,0.,0.));
#6095=DIRECTION('ref_axis',(0.,-0.178362480417998,0.98396484976809));
#6096=DIRECTION('center_axis',(-1.,0.,0.));
#6097=DIRECTION('ref_axis',(0.,-1.,0.));
#6098=DIRECTION('center_axis',(1.,0.,0.));
#6099=DIRECTION('ref_axis',(0.,0.,1.));
#6100=DIRECTION('',(0.,0.178362480417998,-0.98396484976809));
#6101=DIRECTION('center_axis',(-1.,0.,0.));
#6102=DIRECTION('ref_axis',(0.,-1.,0.));
#6103=DIRECTION('center_axis',(-1.,0.,0.));
#6104=DIRECTION('ref_axis',(0.,0.,1.));
#6105=DIRECTION('',(0.,0.,1.));
#6106=DIRECTION('center_axis',(0.,1.,0.));
#6107=DIRECTION('ref_axis',(-1.,0.,0.));
#6108=DIRECTION('',(-1.,0.,0.));
#6109=DIRECTION('',(0.,0.,-1.));
#6110=DIRECTION('',(-1.,0.,0.));
#6111=DIRECTION('',(0.,0.,-1.));
#6112=DIRECTION('',(1.,0.,0.));
#6113=DIRECTION('',(0.,0.,-1.));
#6114=DIRECTION('',(-1.,0.,0.));
#6115=DIRECTION('',(0.,0.,1.));
#6116=DIRECTION('',(-1.,0.,0.));
#6117=DIRECTION('',(1.,0.,0.));
#6118=DIRECTION('',(0.,0.,1.));
#6119=DIRECTION('',(-1.,0.,0.));
#6120=DIRECTION('',(0.,0.,1.));
#6121=DIRECTION('',(-1.,0.,0.));
#6122=DIRECTION('',(0.,0.,1.));
#6123=DIRECTION('',(-1.,0.,0.));
#6124=DIRECTION('',(0.,0.,1.));
#6125=DIRECTION('',(-1.,0.,0.));
#6126=DIRECTION('',(0.,0.,-1.));
#6127=DIRECTION('center_axis',(-1.,0.,0.));
#6128=DIRECTION('ref_axis',(0.,0.,-1.));
#6129=DIRECTION('center_axis',(1.,0.,0.));
#6130=DIRECTION('ref_axis',(0.,-0.178362480417998,-0.98396484976809));
#6131=DIRECTION('',(-1.,0.,0.));
#6132=DIRECTION('center_axis',(1.,0.,0.));
#6133=DIRECTION('ref_axis',(0.,-0.178362480417998,-0.98396484976809));
#6134=DIRECTION('center_axis',(1.,0.,0.));
#6135=DIRECTION('ref_axis',(0.,-1.,0.));
#6136=DIRECTION('center_axis',(-1.,0.,0.));
#6137=DIRECTION('ref_axis',(0.,0.98396484976809,-0.178362480417998));
#6138=DIRECTION('center_axis',(1.,0.,0.));
#6139=DIRECTION('ref_axis',(0.,-0.178362480417998,-0.98396484976809));
#6140=DIRECTION('',(0.,-0.335116304304497,0.942176768228391));
#6141=DIRECTION('',(0.,0.178362480417998,0.98396484976809));
#6142=DIRECTION('center_axis',(-1.,0.,0.));
#6143=DIRECTION('ref_axis',(0.,0.,-1.));
#6144=DIRECTION('',(-1.,0.,0.));
#6145=DIRECTION('center_axis',(1.,0.,0.));
#6146=DIRECTION('ref_axis',(0.,-1.,0.));
#6147=DIRECTION('center_axis',(1.,0.,0.));
#6148=DIRECTION('ref_axis',(0.,-0.178362480417998,-0.98396484976809));
#6149=DIRECTION('',(-1.,0.,0.));
#6150=DIRECTION('center_axis',(1.,0.,0.));
#6151=DIRECTION('ref_axis',(0.,-1.,0.));
#6152=DIRECTION('center_axis',(-1.,0.,0.));
#6153=DIRECTION('ref_axis',(0.,0.,-1.));
#6154=DIRECTION('center_axis',(1.,0.,0.));
#6155=DIRECTION('ref_axis',(0.,0.,-1.));
#6156=DIRECTION('center_axis',(0.,1.,0.));
#6157=DIRECTION('ref_axis',(-1.,0.,0.));
#6158=DIRECTION('',(-1.,0.,0.));
#6159=DIRECTION('',(0.,0.,1.));
#6160=DIRECTION('',(-1.,0.,0.));
#6161=DIRECTION('',(-1.,0.,0.));
#6162=DIRECTION('',(-1.,0.,0.));
#6163=DIRECTION('',(0.,0.,1.));
#6164=DIRECTION('',(-1.,0.,0.));
#6165=DIRECTION('',(0.,0.,1.));
#6166=DIRECTION('',(-1.,0.,0.));
#6167=DIRECTION('',(0.,0.,-1.));
#6168=DIRECTION('',(1.,0.,0.));
#6169=DIRECTION('',(0.,0.,-1.));
#6170=DIRECTION('',(-1.,0.,0.));
#6171=DIRECTION('',(0.,0.,-1.));
#6172=DIRECTION('center_axis',(1.,0.,0.));
#6173=DIRECTION('ref_axis',(0.,0.,-1.));
#6174=DIRECTION('',(0.,-1.,0.));
#6175=DIRECTION('center_axis',(0.,0.,-1.));
#6176=DIRECTION('ref_axis',(-1.,0.,0.));
#6177=DIRECTION('',(0.,-1.,0.));
#6178=DIRECTION('center_axis',(0.,0.,-1.));
#6179=DIRECTION('ref_axis',(-1.,0.,0.));
#6180=DIRECTION('',(0.,-1.,0.));
#6181=DIRECTION('center_axis',(1.,0.,0.));
#6182=DIRECTION('ref_axis',(0.,0.,-1.));
#6183=DIRECTION('center_axis',(-1.,0.,0.));
#6184=DIRECTION('ref_axis',(0.,0.,-1.));
#6185=DIRECTION('center_axis',(1.,0.,0.));
#6186=DIRECTION('ref_axis',(0.,-1.,0.));
#6187=DIRECTION('center_axis',(1.,0.,0.));
#6188=DIRECTION('ref_axis',(0.,-0.57657770321776,-0.817042319682483));
#6189=DIRECTION('center_axis',(1.,0.,0.));
#6190=DIRECTION('ref_axis',(0.,-0.178362480417998,-0.98396484976809));
#6191=DIRECTION('',(1.,0.,0.));
#6192=DIRECTION('center_axis',(1.,0.,0.));
#6193=DIRECTION('ref_axis',(0.,-0.178362480417998,-0.98396484976809));
#6194=DIRECTION('center_axis',(1.,0.,0.));
#6195=DIRECTION('ref_axis',(0.,-1.,0.));
#6196=DIRECTION('center_axis',(-1.,0.,0.));
#6197=DIRECTION('ref_axis',(0.,0.98396484976809,-0.178362480417998));
#6198=DIRECTION('center_axis',(1.,0.,0.));
#6199=DIRECTION('ref_axis',(0.,-0.178362480417998,-0.98396484976809));
#6200=DIRECTION('',(0.,-0.335116304304497,0.942176768228391));
#6201=DIRECTION('center_axis',(-1.,0.,0.));
#6202=DIRECTION('ref_axis',(0.,0.942176768228391,0.335116304304497));
#6203=DIRECTION('',(0.,0.942176768228391,0.335116304304497));
#6204=DIRECTION('',(0.,0.942176768228391,0.335116304304497));
#6205=DIRECTION('',(0.,-0.335116304304497,0.942176768228391));
#6206=DIRECTION('center_axis',(0.,0.335116304304497,-0.942176768228391));
#6207=DIRECTION('ref_axis',(0.,0.942176768228391,0.335116304304497));
#6208=DIRECTION('',(-1.,0.,0.));
#6209=DIRECTION('',(1.,0.,0.));
#6210=DIRECTION('',(0.,0.942176768228391,0.335116304304497));
#6211=DIRECTION('',(1.,0.,0.));
#6212=DIRECTION('center_axis',(-1.,0.,0.));
#6213=DIRECTION('ref_axis',(0.,-0.942176768228391,-0.335116304304497));
#6214=DIRECTION('',(0.,0.335116304304497,-0.942176768228391));
#6215=DIRECTION('',(0.,-0.942176768228391,-0.335116304304497));
#6216=DIRECTION('center_axis',(0.,0.335116304304497,-0.942176768228391));
#6217=DIRECTION('ref_axis',(0.,0.942176768228391,0.335116304304497));
#6218=DIRECTION('',(1.,0.,0.));
#6219=DIRECTION('',(1.,0.,0.));
#6220=DIRECTION('',(0.,0.942176768228391,0.335116304304497));
#6221=DIRECTION('',(1.,0.,0.));
#6222=DIRECTION('',(0.,-0.942176768228391,-0.335116304304497));
#6223=DIRECTION('',(-1.,0.,0.));
#6224=DIRECTION('center_axis',(0.,0.942176768228391,0.335116304304497));
#6225=DIRECTION('ref_axis',(-1.,0.,0.));
#6226=DIRECTION('center_axis',(-1.,0.,0.));
#6227=DIRECTION('ref_axis',(0.,-0.942176768228391,-0.335116304304497));
#6228=DIRECTION('center_axis',(-1.,0.,0.));
#6229=DIRECTION('ref_axis',(0.,-0.935911687480298,0.352234741667799));
#6230=DIRECTION('center_axis',(1.,0.,0.));
#6231=DIRECTION('ref_axis',(0.,0.,1.));
#6232=DIRECTION('',(1.,0.,0.));
#6233=DIRECTION('center_axis',(-1.,0.,0.));
#6234=DIRECTION('ref_axis',(0.,-0.335116304304497,0.942176768228391));
#6235=DIRECTION('',(1.,0.,0.));
#6236=DIRECTION('center_axis',(-1.,0.,0.));
#6237=DIRECTION('ref_axis',(0.,-0.335116304304497,0.942176768228391));
#6238=DIRECTION('center_axis',(1.,0.,0.));
#6239=DIRECTION('ref_axis',(0.,0.352234741667799,0.935911687480298));
#6240=DIRECTION('center_axis',(-1.,0.,0.));
#6241=DIRECTION('ref_axis',(0.,-0.935911687480298,0.352234741667799));
#6242=DIRECTION('center_axis',(1.,0.,0.));
#6243=DIRECTION('ref_axis',(0.,0.352234741667799,0.935911687480298));
#6244=DIRECTION('center_axis',(-1.,0.,0.));
#6245=DIRECTION('ref_axis',(0.,-0.935911687480298,0.352234741667799));
#6246=DIRECTION('center_axis',(1.,0.,0.));
#6247=DIRECTION('ref_axis',(0.,0.352234741667799,0.935911687480298));
#6248=DIRECTION('center_axis',(1.,0.,0.));
#6249=DIRECTION('ref_axis',(0.,0.935911687480298,-0.352234741667799));
#6250=DIRECTION('',(1.,0.,0.));
#6251=DIRECTION('center_axis',(-1.,0.,0.));
#6252=DIRECTION('ref_axis',(0.,-0.989902183311227,0.141752133936904));
#6253=DIRECTION('',(0.,-0.989902183311227,0.141752133936904));
#6254=DIRECTION('',(0.,-0.989902183311227,0.141752133936904));
#6255=DIRECTION('',(0.,-0.989902183311227,0.141752133936904));
#6256=DIRECTION('center_axis',(0.,0.141752133936904,0.989902183311227));
#6257=DIRECTION('ref_axis',(0.,-0.989902183311227,0.141752133936904));
#6258=DIRECTION('',(1.,0.,0.));
#6259=DIRECTION('center_axis',(-1.,0.,0.));
#6260=DIRECTION('ref_axis',(0.,-0.989902183311227,0.141752133936904));
#6261=DIRECTION('center_axis',(1.,0.,0.));
#6262=DIRECTION('ref_axis',(0.,0.141752133936904,0.989902183311227));
#6263=DIRECTION('',(0.,0.199999999999994,-0.979795897113272));
#6264=DIRECTION('center_axis',(1.,0.,0.));
#6265=DIRECTION('ref_axis',(0.,0.935911687480298,-0.352234741667799));
#6266=DIRECTION('',(1.,0.,0.));
#6267=DIRECTION('center_axis',(1.,0.,0.));
#6268=DIRECTION('ref_axis',(0.,0.141752133936904,0.989902183311227));
#6269=DIRECTION('center_axis',(-1.,0.,0.));
#6270=DIRECTION('ref_axis',(0.,-0.989902183311227,0.141752133936904));
#6271=DIRECTION('',(0.,0.199999999999994,-0.979795897113272));
#6272=DIRECTION('center_axis',(1.,0.,0.));
#6273=DIRECTION('ref_axis',(0.,0.935911687480298,-0.352234741667799));
#6274=DIRECTION('',(1.,0.,0.));
#6275=DIRECTION('',(1.,0.,0.));
#6276=DIRECTION('center_axis',(0.,-0.199999999999994,0.979795897113273));
#6277=DIRECTION('ref_axis',(0.,-0.979795897113273,-0.199999999999994));
#6278=DIRECTION('',(1.,0.,0.));
#6279=DIRECTION('',(0.,-0.979795897113272,-0.199999999999994));
#6280=DIRECTION('center_axis',(1.,0.,0.));
#6281=DIRECTION('ref_axis',(0.,-0.979795897113272,-0.199999999999994));
#6282=DIRECTION('center_axis',(1.,0.,0.));
#6283=DIRECTION('ref_axis',(0.,-0.979795897113272,-0.199999999999994));
#6284=DIRECTION('',(1.,0.,0.));
#6285=DIRECTION('center_axis',(-1.,0.,0.));
#6286=DIRECTION('ref_axis',(0.,0.199999999999994,-0.979795897113272));
#6287=DIRECTION('center_axis',(-1.,0.,0.));
#6288=DIRECTION('ref_axis',(0.,-0.979795897113273,-0.199999999999994));
#6289=DIRECTION('',(0.,-0.979795897113272,-0.199999999999994));
#6290=DIRECTION('center_axis',(1.,0.,0.));
#6291=DIRECTION('ref_axis',(0.,-0.199999999999994,0.979795897113272));
#6292=DIRECTION('',(0.,0.199999999999994,-0.979795897113272));
#6293=DIRECTION('center_axis',(0.,-0.979795897113273,-0.199999999999994));
#6294=DIRECTION('ref_axis',(1.,0.,0.));
#6295=DIRECTION('',(-1.,0.,0.));
#6296=DIRECTION('center_axis',(-1.,0.,0.));
#6297=DIRECTION('ref_axis',(0.,-0.979795897113273,-0.199999999999994));
#6298=DIRECTION('center_axis',(0.,-0.199999999999994,0.979795897113273));
#6299=DIRECTION('ref_axis',(0.,-0.979795897113273,-0.199999999999994));
#6300=DIRECTION('',(-1.,0.,0.));
#6301=DIRECTION('center_axis',(-1.,0.,0.));
#6302=DIRECTION('ref_axis',(0.,-0.979795897113272,-0.199999999999994));
#6303=DIRECTION('center_axis',(0.,0.141752133936904,0.989902183311227));
#6304=DIRECTION('ref_axis',(0.,-0.989902183311227,0.141752133936904));
#6305=DIRECTION('',(1.,0.,0.));
#6306=DIRECTION('center_axis',(1.,0.,0.));
#6307=DIRECTION('ref_axis',(0.,0.,1.));
#6308=DIRECTION('center_axis',(-1.,0.,0.));
#6309=DIRECTION('ref_axis',(0.,-0.335116304304497,0.942176768228391));
#6310=DIRECTION('',(1.,0.,0.));
#6311=DIRECTION('center_axis',(-1.,0.,0.));
#6312=DIRECTION('ref_axis',(0.,-0.335116304304497,0.942176768228391));
#6313=DIRECTION('center_axis',(-1.,0.,0.));
#6314=DIRECTION('ref_axis',(0.,0.942176768228391,0.335116304304497));
#6315=DIRECTION('',(0.,0.643055359284337,0.765819694768744));
#6316=DIRECTION('',(0.,-0.335116304304497,0.942176768228391));
#6317=DIRECTION('center_axis',(-1.,0.,0.));
#6318=DIRECTION('ref_axis',(0.,0.942176768228391,0.335116304304497));
#6319=DIRECTION('',(0.,-0.335116304304497,0.942176768228391));
#6320=DIRECTION('center_axis',(-1.,0.,0.));
#6321=DIRECTION('ref_axis',(0.,0.98396484976809,-0.178362480417998));
#6322=DIRECTION('center_axis',(1.,0.,0.));
#6323=DIRECTION('ref_axis',(0.,-0.178362480417998,-0.98396484976809));
#6324=DIRECTION('center_axis',(1.,0.,0.));
#6325=DIRECTION('ref_axis',(0.,-0.576577703217632,-0.817042319682573));
#6326=DIRECTION('center_axis',(-1.,0.,0.));
#6327=DIRECTION('ref_axis',(0.,0.,-1.));
#6328=DIRECTION('center_axis',(1.,0.,0.));
#6329=DIRECTION('ref_axis',(0.,0.,-1.));
#6330=DIRECTION('',(0.,-1.,0.));
#6331=DIRECTION('center_axis',(0.,0.,-1.));
#6332=DIRECTION('ref_axis',(-1.,0.,0.));
#6333=DIRECTION('',(0.,-1.,0.));
#6334=DIRECTION('center_axis',(-1.,0.,0.));
#6335=DIRECTION('ref_axis',(0.,0.,1.));
#6336=DIRECTION('',(0.,-1.,0.));
#6337=DIRECTION('center_axis',(0.,0.,-1.));
#6338=DIRECTION('ref_axis',(-1.,0.,0.));
#6339=DIRECTION('center_axis',(-1.,0.,0.));
#6340=DIRECTION('ref_axis',(0.,0.765819694768744,-0.643055359284337));
#6341=DIRECTION('',(0.,-0.643055359284337,-0.765819694768744));
#6342=DIRECTION('',(0.,0.765819694768744,-0.643055359284337));
#6343=DIRECTION('',(0.,0.765819694768744,-0.643055359284337));
#6344=DIRECTION('center_axis',(0.,-0.643055359284337,-0.765819694768744));
#6345=DIRECTION('ref_axis',(0.,0.765819694768744,-0.643055359284337));
#6346=DIRECTION('center_axis',(0.,-0.643055359284337,-0.765819694768744));
#6347=DIRECTION('ref_axis',(0.,0.765819694768744,-0.643055359284337));
#6348=DIRECTION('',(0.,-0.643055359284337,-0.765819694768744));
#6349=DIRECTION('center_axis',(0.,0.643055359284337,0.765819694768744));
#6350=DIRECTION('ref_axis',(1.,0.,0.));
#6351=DIRECTION('center_axis',(0.,-0.643055359284337,-0.765819694768744));
#6352=DIRECTION('ref_axis',(0.,0.765819694768744,-0.643055359284337));
#6353=DIRECTION('',(0.,0.765819694768744,-0.643055359284337));
#6354=DIRECTION('center_axis',(0.,-0.643055359284337,-0.765819694768744));
#6355=DIRECTION('ref_axis',(-1.,0.,0.));
#6356=DIRECTION('',(1.,0.,0.));
#6357=DIRECTION('center_axis',(0.,0.765819694768744,-0.643055359284337));
#6358=DIRECTION('ref_axis',(1.,0.,0.));
#6359=DIRECTION('',(0.,-0.643055359284337,-0.765819694768744));
#6360=DIRECTION('',(1.,0.,0.));
#6361=DIRECTION('center_axis',(0.,-0.643055359284337,-0.765819694768744));
#6362=DIRECTION('ref_axis',(0.,0.765819694768744,-0.643055359284337));
#6363=DIRECTION('center_axis',(0.,0.643055359284337,0.765819694768744));
#6364=DIRECTION('ref_axis',(0.,0.765819694768744,-0.643055359284337));
#6365=DIRECTION('',(0.,0.765819694768744,-0.643055359284337));
#6366=DIRECTION('center_axis',(-1.,0.,0.));
#6367=DIRECTION('ref_axis',(0.,0.765819694768744,-0.643055359284337));
#6368=DIRECTION('',(0.,-0.643055359284337,-0.765819694768744));
#6369=DIRECTION('',(0.,0.643055359284337,0.765819694768744));
#6370=DIRECTION('center_axis',(0.,-0.643055359284337,-0.765819694768744));
#6371=DIRECTION('ref_axis',(-1.,0.,0.));
#6372=DIRECTION('center_axis',(-1.,0.,0.));
#6373=DIRECTION('ref_axis',(0.,0.942176768228391,0.335116304304497));
#6374=DIRECTION('center_axis',(-1.,0.,0.));
#6375=DIRECTION('ref_axis',(0.,0.,1.));
#6376=DIRECTION('',(0.,-1.,0.));
#6377=DIRECTION('center_axis',(0.,0.,-1.));
#6378=DIRECTION('ref_axis',(-1.,0.,0.));
#6379=DIRECTION('center_axis',(0.,0.,-1.));
#6380=DIRECTION('ref_axis',(-1.,0.,0.));
#6381=DIRECTION('',(0.,-1.,0.));
#6382=DIRECTION('center_axis',(-1.,0.,0.));
#6383=DIRECTION('ref_axis',(0.,0.,1.));
#6384=DIRECTION('center_axis',(1.,0.,0.));
#6385=DIRECTION('ref_axis',(0.,0.,1.));
#6386=DIRECTION('center_axis',(-1.,0.,0.));
#6387=DIRECTION('ref_axis',(0.,-1.,0.));
#6388=DIRECTION('',(0.,0.178362480417998,-0.98396484976809));
#6389=DIRECTION('center_axis',(-1.,0.,0.));
#6390=DIRECTION('ref_axis',(0.,-1.,0.));
#6391=DIRECTION('center_axis',(-1.,0.,0.));
#6392=DIRECTION('ref_axis',(0.,-0.57657770321776,0.817042319682483));
#6393=DIRECTION('center_axis',(-1.,0.,0.));
#6394=DIRECTION('ref_axis',(0.,-0.178362480417998,0.98396484976809));
#6395=DIRECTION('',(-1.,0.,0.));
#6396=DIRECTION('center_axis',(-1.,0.,0.));
#6397=DIRECTION('ref_axis',(0.,-0.178362480417998,0.98396484976809));
#6398=DIRECTION('center_axis',(-1.,0.,0.));
#6399=DIRECTION('ref_axis',(0.,-1.,0.));
#6400=DIRECTION('center_axis',(1.,0.,0.));
#6401=DIRECTION('ref_axis',(0.,0.98396484976809,0.178362480417998));
#6402=DIRECTION('center_axis',(-1.,0.,0.));
#6403=DIRECTION('ref_axis',(0.,-0.178362480417998,0.98396484976809));
#6404=DIRECTION('',(0.,-0.335116304304497,-0.942176768228391));
#6405=DIRECTION('center_axis',(1.,0.,0.));
#6406=DIRECTION('ref_axis',(0.,0.942176768228391,-0.335116304304497));
#6407=DIRECTION('',(0.,0.942176768228391,-0.335116304304497));
#6408=DIRECTION('',(0.,0.942176768228391,-0.335116304304497));
#6409=DIRECTION('',(0.,-0.335116304304497,-0.942176768228391));
#6410=DIRECTION('center_axis',(0.,0.335116304304497,0.942176768228391));
#6411=DIRECTION('ref_axis',(0.,0.942176768228391,-0.335116304304497));
#6412=DIRECTION('',(1.,0.,0.));
#6413=DIRECTION('',(-1.,0.,0.));
#6414=DIRECTION('',(0.,0.942176768228391,-0.335116304304497));
#6415=DIRECTION('',(-1.,0.,0.));
#6416=DIRECTION('center_axis',(1.,0.,0.));
#6417=DIRECTION('ref_axis',(0.,-0.942176768228391,0.335116304304497));
#6418=DIRECTION('',(0.,0.335116304304497,0.942176768228391));
#6419=DIRECTION('',(0.,-0.942176768228391,0.335116304304497));
#6420=DIRECTION('center_axis',(0.,0.335116304304497,0.942176768228391));
#6421=DIRECTION('ref_axis',(0.,0.942176768228391,-0.335116304304497));
#6422=DIRECTION('',(-1.,0.,0.));
#6423=DIRECTION('',(-1.,0.,0.));
#6424=DIRECTION('',(0.,0.942176768228391,-0.335116304304497));
#6425=DIRECTION('',(-1.,0.,0.));
#6426=DIRECTION('',(0.,-0.942176768228391,0.335116304304497));
#6427=DIRECTION('',(1.,0.,0.));
#6428=DIRECTION('center_axis',(0.,0.942176768228391,-0.335116304304497));
#6429=DIRECTION('ref_axis',(1.,0.,0.));
#6430=DIRECTION('center_axis',(1.,0.,0.));
#6431=DIRECTION('ref_axis',(0.,-0.942176768228391,0.335116304304497));
#6432=DIRECTION('center_axis',(1.,0.,0.));
#6433=DIRECTION('ref_axis',(0.,-0.935911687480298,-0.352234741667799));
#6434=DIRECTION('center_axis',(-1.,0.,0.));
#6435=DIRECTION('ref_axis',(0.,0.,-1.));
#6436=DIRECTION('',(-1.,0.,0.));
#6437=DIRECTION('center_axis',(1.,0.,0.));
#6438=DIRECTION('ref_axis',(0.,-0.335116304304497,-0.942176768228391));
#6439=DIRECTION('',(-1.,0.,0.));
#6440=DIRECTION('center_axis',(1.,0.,0.));
#6441=DIRECTION('ref_axis',(0.,-0.335116304304497,-0.942176768228391));
#6442=DIRECTION('center_axis',(-1.,0.,0.));
#6443=DIRECTION('ref_axis',(0.,0.352234741667799,-0.935911687480298));
#6444=DIRECTION('center_axis',(1.,0.,0.));
#6445=DIRECTION('ref_axis',(0.,-0.935911687480298,-0.352234741667799));
#6446=DIRECTION('center_axis',(-1.,0.,0.));
#6447=DIRECTION('ref_axis',(0.,0.352234741667799,-0.935911687480298));
#6448=DIRECTION('center_axis',(1.,0.,0.));
#6449=DIRECTION('ref_axis',(0.,-0.935911687480298,-0.352234741667799));
#6450=DIRECTION('center_axis',(-1.,0.,0.));
#6451=DIRECTION('ref_axis',(0.,0.352234741667799,-0.935911687480298));
#6452=DIRECTION('center_axis',(-1.,0.,0.));
#6453=DIRECTION('ref_axis',(0.,0.935911687480298,0.352234741667799));
#6454=DIRECTION('',(-1.,0.,0.));
#6455=DIRECTION('center_axis',(1.,0.,0.));
#6456=DIRECTION('ref_axis',(0.,-0.989902183311185,-0.141752133937198));
#6457=DIRECTION('',(0.,-0.989902183311185,-0.141752133937198));
#6458=DIRECTION('',(0.,-0.989902183311185,-0.141752133937198));
#6459=DIRECTION('',(0.,-0.989902183311185,-0.141752133937198));
#6460=DIRECTION('center_axis',(0.,0.141752133937198,-0.989902183311185));
#6461=DIRECTION('ref_axis',(0.,-0.989902183311185,-0.141752133937198));
#6462=DIRECTION('',(-1.,0.,0.));
#6463=DIRECTION('center_axis',(1.,0.,0.));
#6464=DIRECTION('ref_axis',(0.,-0.989902183311185,-0.141752133937198));
#6465=DIRECTION('center_axis',(-1.,0.,0.));
#6466=DIRECTION('ref_axis',(0.,0.141752133937198,-0.989902183311185));
#6467=DIRECTION('',(0.,0.200000000000206,0.979795897113229));
#6468=DIRECTION('center_axis',(-1.,0.,0.));
#6469=DIRECTION('ref_axis',(0.,0.935911687480298,0.352234741667799));
#6470=DIRECTION('',(-1.,0.,0.));
#6471=DIRECTION('center_axis',(-1.,0.,0.));
#6472=DIRECTION('ref_axis',(0.,0.141752133937198,-0.989902183311185));
#6473=DIRECTION('center_axis',(1.,0.,0.));
#6474=DIRECTION('ref_axis',(0.,-0.989902183311185,-0.141752133937198));
#6475=DIRECTION('',(0.,0.200000000000206,0.979795897113229));
#6476=DIRECTION('center_axis',(-1.,0.,0.));
#6477=DIRECTION('ref_axis',(0.,0.935911687480298,0.352234741667799));
#6478=DIRECTION('',(-1.,0.,0.));
#6479=DIRECTION('',(-1.,0.,0.));
#6480=DIRECTION('center_axis',(0.,-0.200000000000206,-0.979795897113229));
#6481=DIRECTION('ref_axis',(0.,-0.979795897113229,0.200000000000206));
#6482=DIRECTION('',(-1.,0.,0.));
#6483=DIRECTION('',(0.,-0.979795897113229,0.200000000000206));
#6484=DIRECTION('center_axis',(-1.,0.,0.));
#6485=DIRECTION('ref_axis',(0.,-0.979795897113229,0.200000000000206));
#6486=DIRECTION('center_axis',(-1.,0.,0.));
#6487=DIRECTION('ref_axis',(0.,-0.979795897113229,0.200000000000206));
#6488=DIRECTION('',(-1.,0.,0.));
#6489=DIRECTION('center_axis',(1.,0.,0.));
#6490=DIRECTION('ref_axis',(0.,0.200000000000206,0.979795897113229));
#6491=DIRECTION('center_axis',(1.,0.,0.));
#6492=DIRECTION('ref_axis',(0.,-0.979795897113229,0.200000000000206));
#6493=DIRECTION('',(0.,-0.979795897113229,0.200000000000206));
#6494=DIRECTION('center_axis',(-1.,0.,0.));
#6495=DIRECTION('ref_axis',(0.,-0.200000000000206,-0.979795897113229));
#6496=DIRECTION('',(0.,0.200000000000206,0.979795897113229));
#6497=DIRECTION('center_axis',(1.,0.,0.));
#6498=DIRECTION('ref_axis',(0.,-0.979795897113229,0.200000000000206));
#6499=DIRECTION('',(1.,0.,0.));
#6500=DIRECTION('',(1.,0.,0.));
#6501=DIRECTION('center_axis',(1.,0.,0.));
#6502=DIRECTION('ref_axis',(0.,-0.979795897113229,0.200000000000206));
#6503=DIRECTION('center_axis',(0.,-0.979795897113229,0.200000000000206));
#6504=DIRECTION('ref_axis',(-1.,0.,0.));
#6505=DIRECTION('center_axis',(0.,-0.200000000000206,-0.979795897113229));
#6506=DIRECTION('ref_axis',(0.,-0.979795897113229,0.200000000000206));
#6507=DIRECTION('center_axis',(0.,0.141752133937198,-0.989902183311185));
#6508=DIRECTION('ref_axis',(0.,-0.989902183311185,-0.141752133937198));
#6509=DIRECTION('',(-1.,0.,0.));
#6510=DIRECTION('center_axis',(-1.,0.,0.));
#6511=DIRECTION('ref_axis',(0.,0.,-1.));
#6512=DIRECTION('center_axis',(1.,0.,0.));
#6513=DIRECTION('ref_axis',(0.,-0.335116304304497,-0.942176768228391));
#6514=DIRECTION('',(-1.,0.,0.));
#6515=DIRECTION('center_axis',(1.,0.,0.));
#6516=DIRECTION('ref_axis',(0.,-0.335116304304497,-0.942176768228391));
#6517=DIRECTION('center_axis',(1.,0.,0.));
#6518=DIRECTION('ref_axis',(0.,0.942176768228391,-0.335116304304497));
#6519=DIRECTION('',(0.,0.643055359284337,-0.765819694768744));
#6520=DIRECTION('',(0.,-0.335116304304497,-0.942176768228391));
#6521=DIRECTION('center_axis',(1.,0.,0.));
#6522=DIRECTION('ref_axis',(0.,0.942176768228391,-0.335116304304497));
#6523=DIRECTION('',(0.,-0.335116304304497,-0.942176768228391));
#6524=DIRECTION('center_axis',(1.,0.,0.));
#6525=DIRECTION('ref_axis',(0.,0.98396484976809,0.178362480417998));
#6526=DIRECTION('center_axis',(-1.,0.,0.));
#6527=DIRECTION('ref_axis',(0.,-0.178362480417998,0.98396484976809));
#6528=DIRECTION('',(0.,0.178362480417998,-0.98396484976809));
#6529=DIRECTION('center_axis',(1.,0.,0.));
#6530=DIRECTION('ref_axis',(0.,0.,1.));
#6531=DIRECTION('center_axis',(-1.,0.,0.));
#6532=DIRECTION('ref_axis',(0.,-1.,0.));
#6533=DIRECTION('center_axis',(-1.,0.,0.));
#6534=DIRECTION('ref_axis',(0.,0.,1.));
#6535=DIRECTION('center_axis',(-1.,0.,0.));
#6536=DIRECTION('ref_axis',(0.,-0.576577703217632,0.817042319682573));
#6537=DIRECTION('center_axis',(1.,0.,0.));
#6538=DIRECTION('ref_axis',(0.,0.765819694768744,0.643055359284337));
#6539=DIRECTION('',(0.,-0.643055359284337,0.765819694768744));
#6540=DIRECTION('',(0.,0.765819694768744,0.643055359284337));
#6541=DIRECTION('',(0.,0.765819694768744,0.643055359284337));
#6542=DIRECTION('center_axis',(0.,-0.643055359284337,0.765819694768744));
#6543=DIRECTION('ref_axis',(0.,0.765819694768744,0.643055359284337));
#6544=DIRECTION('center_axis',(0.,-0.643055359284337,0.765819694768744));
#6545=DIRECTION('ref_axis',(-1.25825276124207E-14,0.765819694768744,0.643055359284337));
#6546=DIRECTION('',(0.,-0.643055359284337,0.765819694768744));
#6547=DIRECTION('center_axis',(0.,0.643055359284337,-0.765819694768744));
#6548=DIRECTION('ref_axis',(-1.,0.,0.));
#6549=DIRECTION('center_axis',(0.,-0.643055359284337,0.765819694768744));
#6550=DIRECTION('ref_axis',(0.,0.765819694768744,0.643055359284337));
#6551=DIRECTION('center_axis',(0.,-0.643055359284337,0.765819694768744));
#6552=DIRECTION('ref_axis',(1.,0.,0.));
#6553=DIRECTION('',(-1.,0.,0.));
#6554=DIRECTION('',(0.,0.765819694768744,0.643055359284337));
#6555=DIRECTION('center_axis',(0.,-0.643055359284337,0.765819694768744));
#6556=DIRECTION('ref_axis',(1.,0.,0.));
#6557=DIRECTION('',(0.,-0.643055359284337,0.765819694768744));
#6558=DIRECTION('center_axis',(0.,0.643055359284337,-0.765819694768744));
#6559=DIRECTION('ref_axis',(0.,0.765819694768744,0.643055359284337));
#6560=DIRECTION('',(0.,-0.643055359284337,0.765819694768744));
#6561=DIRECTION('center_axis',(0.,0.765819694768744,0.643055359284337));
#6562=DIRECTION('ref_axis',(-1.,0.,0.));
#6563=DIRECTION('',(-1.,0.,0.));
#6564=DIRECTION('center_axis',(0.,-0.643055359284337,0.765819694768744));
#6565=DIRECTION('ref_axis',(0.,0.765819694768744,0.643055359284337));
#6566=DIRECTION('',(0.,0.765819694768744,0.643055359284337));
#6567=DIRECTION('center_axis',(1.,0.,0.));
#6568=DIRECTION('ref_axis',(0.,0.765819694768744,0.643055359284337));
#6569=DIRECTION('',(0.,0.643055359284337,-0.765819694768744));
#6570=DIRECTION('center_axis',(1.,0.,0.));
#6571=DIRECTION('ref_axis',(0.,0.942176768228391,-0.335116304304497));
#6572=DIRECTION('center_axis',(-1.,0.,0.));
#6573=DIRECTION('ref_axis',(0.,0.,1.));
#6574=DIRECTION('center_axis',(-1.,0.,0.));
#6575=DIRECTION('ref_axis',(0.,-0.98396484976809,-0.178362480417998));
#6576=DIRECTION('center_axis',(1.,0.,0.));
#6577=DIRECTION('ref_axis',(0.,0.,1.));
#6578=DIRECTION('center_axis',(-1.,0.,0.));
#6579=DIRECTION('ref_axis',(0.,-0.178362480417998,0.98396484976809));
#6580=DIRECTION('center_axis',(1.,0.,0.));
#6581=DIRECTION('ref_axis',(0.,0.98396484976809,0.178362480417998));
#6582=DIRECTION('center_axis',(1.,0.,0.));
#6583=DIRECTION('ref_axis',(0.,-0.98396484976809,0.178362480417998));
#6584=DIRECTION('center_axis',(1.,0.,0.));
#6585=DIRECTION('ref_axis',(0.,-0.942176768228391,-0.335116304304497));
#6586=DIRECTION('',(0.,-0.335116304304497,0.942176768228391));
#6587=DIRECTION('center_axis',(1.,0.,0.));
#6588=DIRECTION('ref_axis',(0.,-0.942176768228391,-0.335116304304497));
#6589=DIRECTION('',(0.,0.942176768228391,0.335116304304497));
#6590=DIRECTION('',(0.,0.942176768228391,0.335116304304497));
#6591=DIRECTION('',(0.,-0.335116304304497,0.942176768228391));
#6592=DIRECTION('center_axis',(0.,-0.335116304304497,0.942176768228391));
#6593=DIRECTION('ref_axis',(0.,0.942176768228391,0.335116304304497));
#6594=DIRECTION('',(-1.,0.,0.));
#6595=DIRECTION('',(0.,0.942176768228391,0.335116304304497));
#6596=DIRECTION('',(-1.,0.,0.));
#6597=DIRECTION('',(1.,0.,0.));
#6598=DIRECTION('center_axis',(-1.,0.,0.));
#6599=DIRECTION('ref_axis',(0.,-0.942176768228391,-0.335116304304497));
#6600=DIRECTION('',(0.,-0.942176768228391,-0.335116304304497));
#6601=DIRECTION('center_axis',(0.,-0.335116304304497,0.942176768228391));
#6602=DIRECTION('ref_axis',(0.,0.942176768228391,0.335116304304497));
#6603=DIRECTION('',(1.,0.,0.));
#6604=DIRECTION('',(0.,-0.942176768228391,-0.335116304304497));
#6605=DIRECTION('',(-1.,0.,0.));
#6606=DIRECTION('',(0.,0.942176768228391,0.335116304304497));
#6607=DIRECTION('',(-1.,0.,0.));
#6608=DIRECTION('center_axis',(-1.,0.,0.));
#6609=DIRECTION('ref_axis',(0.,0.177431873504337,0.984133085646825));
#6610=DIRECTION('center_axis',(-1.,0.,0.));
#6611=DIRECTION('ref_axis',(0.,-0.335116304304497,0.942176768228391));
#6612=DIRECTION('',(-1.,0.,0.));
#6613=DIRECTION('center_axis',(-1.,0.,0.));
#6614=DIRECTION('ref_axis',(0.,-0.335116304304497,0.942176768228391));
#6615=DIRECTION('center_axis',(-1.,0.,0.));
#6616=DIRECTION('ref_axis',(0.,-0.335116304304497,0.942176768228391));
#6617=DIRECTION('',(1.,0.,0.));
#6618=DIRECTION('center_axis',(1.,0.,0.));
#6619=DIRECTION('ref_axis',(0.,0.942176768228391,0.335116304304497));
#6620=DIRECTION('center_axis',(-1.,0.,0.));
#6621=DIRECTION('ref_axis',(0.,0.177431873504266,0.984133085646838));
#6622=DIRECTION('',(1.,0.,0.));
#6623=DIRECTION('center_axis',(-1.,0.,0.));
#6624=DIRECTION('ref_axis',(0.,-0.335116304304497,0.942176768228391));
#6625=DIRECTION('center_axis',(-1.,0.,0.));
#6626=DIRECTION('ref_axis',(0.,-0.335116304304497,0.942176768228391));
#6627=DIRECTION('',(-1.,0.,0.));
#6628=DIRECTION('center_axis',(-1.,0.,0.));
#6629=DIRECTION('ref_axis',(0.,-0.335116304304497,0.942176768228391));
#6630=DIRECTION('center_axis',(0.,0.1417521339371,0.989902183311199));
#6631=DIRECTION('ref_axis',(0.,-0.989902183311199,0.1417521339371));
#6632=DIRECTION('',(0.,-0.989902183311199,0.1417521339371));
#6633=DIRECTION('',(0.,-0.989902183311199,0.1417521339371));
#6634=DIRECTION('',(1.,0.,0.));
#6635=DIRECTION('center_axis',(-1.,0.,0.));
#6636=DIRECTION('ref_axis',(0.,-0.989902183311199,0.1417521339371));
#6637=DIRECTION('',(0.,-0.989902183311199,0.1417521339371));
#6638=DIRECTION('center_axis',(0.,0.1417521339371,0.989902183311199));
#6639=DIRECTION('ref_axis',(0.,-0.989902183311199,0.1417521339371));
#6640=DIRECTION('',(1.,0.,0.));
#6641=DIRECTION('',(0.,-0.989902183311199,0.1417521339371));
#6642=DIRECTION('',(1.,0.,0.));
#6643=DIRECTION('center_axis',(1.,0.,0.));
#6644=DIRECTION('ref_axis',(0.,0.935911687480298,-0.352234741667799));
#6645=DIRECTION('center_axis',(1.,0.,0.));
#6646=DIRECTION('ref_axis',(0.,0.352234741667799,0.935911687480298));
#6647=DIRECTION('center_axis',(-1.,0.,0.));
#6648=DIRECTION('ref_axis',(0.,-0.935911687480298,0.352234741667799));
#6649=DIRECTION('center_axis',(1.,0.,0.));
#6650=DIRECTION('ref_axis',(0.,0.942176768228391,0.335116304304497));
#6651=DIRECTION('',(0.,0.335116304304497,-0.942176768228391));
#6652=DIRECTION('center_axis',(-1.,0.,0.));
#6653=DIRECTION('ref_axis',(0.,-0.942176768228391,-0.335116304304497));
#6654=DIRECTION('center_axis',(0.,-0.942176768228391,-0.335116304304497));
#6655=DIRECTION('ref_axis',(1.,0.,0.));
#6656=DIRECTION('center_axis',(-1.,0.,0.));
#6657=DIRECTION('ref_axis',(0.,-0.989902183311199,0.1417521339371));
#6658=DIRECTION('center_axis',(-1.,0.,0.));
#6659=DIRECTION('ref_axis',(0.,-0.989902183311199,0.1417521339371));
#6660=DIRECTION('center_axis',(1.,0.,0.));
#6661=DIRECTION('ref_axis',(0.,0.1417521339371,0.989902183311199));
#6662=DIRECTION('',(0.,0.199999999999994,-0.979795897113272));
#6663=DIRECTION('center_axis',(1.,0.,0.));
#6664=DIRECTION('ref_axis',(0.,0.935911687480298,-0.352234741667799));
#6665=DIRECTION('',(1.,0.,0.));
#6666=DIRECTION('center_axis',(-1.,0.,0.));
#6667=DIRECTION('ref_axis',(0.,-0.989902183311199,0.1417521339371));
#6668=DIRECTION('center_axis',(1.,0.,0.));
#6669=DIRECTION('ref_axis',(0.,0.1417521339371,0.989902183311199));
#6670=DIRECTION('',(0.,0.199999999999994,-0.979795897113272));
#6671=DIRECTION('center_axis',(-1.,0.,0.));
#6672=DIRECTION('ref_axis',(0.,-0.979795897113273,-0.199999999999994));
#6673=DIRECTION('',(0.,-0.979795897113272,-0.199999999999994));
#6674=DIRECTION('center_axis',(-1.,0.,0.));
#6675=DIRECTION('ref_axis',(0.,0.199999999999994,-0.979795897113272));
#6676=DIRECTION('center_axis',(1.,0.,0.));
#6677=DIRECTION('ref_axis',(0.,-0.979795897113272,-0.199999999999994));
#6678=DIRECTION('center_axis',(1.,0.,0.));
#6679=DIRECTION('ref_axis',(0.,-0.979795897113272,-0.199999999999994));
#6680=DIRECTION('',(1.,0.,0.));
#6681=DIRECTION('',(1.,0.,0.));
#6682=DIRECTION('center_axis',(-1.,0.,0.));
#6683=DIRECTION('ref_axis',(0.,-0.979795897113273,-0.199999999999994));
#6684=DIRECTION('',(0.,-0.979795897113272,-0.199999999999994));
#6685=DIRECTION('center_axis',(1.,0.,0.));
#6686=DIRECTION('ref_axis',(0.,-0.199999999999994,0.979795897113272));
#6687=DIRECTION('',(0.,0.199999999999994,-0.979795897113272));
#6688=DIRECTION('center_axis',(0.,-0.979795897113273,-0.199999999999994));
#6689=DIRECTION('ref_axis',(1.,0.,0.));
#6690=DIRECTION('',(-1.,0.,0.));
#6691=DIRECTION('center_axis',(-1.,0.,0.));
#6692=DIRECTION('ref_axis',(0.,-0.979795897113272,-0.199999999999994));
#6693=DIRECTION('',(-1.,0.,0.));
#6694=DIRECTION('center_axis',(0.,-0.199999999999994,0.979795897113273));
#6695=DIRECTION('ref_axis',(0.,-0.979795897113273,-0.199999999999994));
#6696=DIRECTION('center_axis',(0.,-0.199999999999994,0.979795897113273));
#6697=DIRECTION('ref_axis',(0.,-0.979795897113273,-0.199999999999994));
#6698=DIRECTION('',(1.,0.,0.));
#6699=DIRECTION('center_axis',(1.,0.,0.));
#6700=DIRECTION('ref_axis',(0.,0.935911687480298,-0.352234741667799));
#6701=DIRECTION('center_axis',(-1.,0.,0.));
#6702=DIRECTION('ref_axis',(0.,0.942176768228391,0.335116304304497));
#6703=DIRECTION('',(0.,0.643055359284337,0.765819694768744));
#6704=DIRECTION('',(0.,-0.335116304304497,0.942176768228391));
#6705=DIRECTION('center_axis',(-1.,0.,0.));
#6706=DIRECTION('ref_axis',(0.,0.942176768228391,0.335116304304497));
#6707=DIRECTION('center_axis',(-1.,0.,0.));
#6708=DIRECTION('ref_axis',(0.,0.765819694768744,-0.643055359284337));
#6709=DIRECTION('',(0.,-0.643055359284337,-0.765819694768744));
#6710=DIRECTION('',(0.,0.765819694768744,-0.643055359284337));
#6711=DIRECTION('',(0.,0.765819694768744,-0.643055359284337));
#6712=DIRECTION('center_axis',(0.,-0.643055359284337,-0.765819694768744));
#6713=DIRECTION('ref_axis',(0.,0.765819694768744,-0.643055359284337));
#6714=DIRECTION('center_axis',(0.,-0.643055359284337,-0.765819694768744));
#6715=DIRECTION('ref_axis',(0.,0.765819694768744,-0.643055359284337));
#6716=DIRECTION('',(0.,-0.643055359284337,-0.765819694768744));
#6717=DIRECTION('center_axis',(0.,0.643055359284337,0.765819694768744));
#6718=DIRECTION('ref_axis',(1.,0.,0.));
#6719=DIRECTION('center_axis',(0.,0.643055359284337,0.765819694768744));
#6720=DIRECTION('ref_axis',(0.,0.765819694768744,-0.643055359284337));
#6721=DIRECTION('',(0.,0.765819694768744,-0.643055359284337));
#6722=DIRECTION('center_axis',(0.,-0.643055359284337,-0.765819694768744));
#6723=DIRECTION('ref_axis',(-1.,0.,0.));
#6724=DIRECTION('',(-1.,0.,0.));
#6725=DIRECTION('center_axis',(0.,-0.765819694768744,0.643055359284337));
#6726=DIRECTION('ref_axis',(-1.,0.,0.));
#6727=DIRECTION('',(0.,-0.643055359284337,-0.765819694768744));
#6728=DIRECTION('',(-1.,0.,0.));
#6729=DIRECTION('center_axis',(0.,0.643055359284337,0.765819694768744));
#6730=DIRECTION('ref_axis',(0.,0.765819694768744,-0.643055359284337));
#6731=DIRECTION('center_axis',(0.,0.643055359284337,0.765819694768744));
#6732=DIRECTION('ref_axis',(0.,0.765819694768744,-0.643055359284337));
#6733=DIRECTION('',(0.,0.765819694768744,-0.643055359284337));
#6734=DIRECTION('center_axis',(1.,0.,0.));
#6735=DIRECTION('ref_axis',(0.,-0.765819694768744,0.643055359284337));
#6736=DIRECTION('',(0.,-0.643055359284337,-0.765819694768744));
#6737=DIRECTION('',(0.,0.643055359284337,0.765819694768744));
#6738=DIRECTION('center_axis',(0.,-0.643055359284337,-0.765819694768744));
#6739=DIRECTION('ref_axis',(-1.,0.,0.));
#6740=DIRECTION('center_axis',(1.,0.,0.));
#6741=DIRECTION('ref_axis',(0.,-0.765819694768744,0.643055359284337));
#6742=DIRECTION('center_axis',(1.,0.,0.));
#6743=DIRECTION('ref_axis',(0.,0.942176768228391,-0.335116304304497));
#6744=DIRECTION('',(0.,0.643055359284337,-0.765819694768744));
#6745=DIRECTION('center_axis',(1.,0.,0.));
#6746=DIRECTION('ref_axis',(0.,0.765819694768744,0.643055359284337));
#6747=DIRECTION('',(0.,-0.643055359284337,0.765819694768744));
#6748=DIRECTION('center_axis',(0.,-0.643055359284337,0.765819694768744));
#6749=DIRECTION('ref_axis',(0.,0.765819694768744,0.643055359284337));
#6750=DIRECTION('',(0.,-0.643055359284337,0.765819694768744));
#6751=DIRECTION('center_axis',(0.,-0.765819694768744,-0.643055359284337));
#6752=DIRECTION('ref_axis',(1.,0.,0.));
#6753=DIRECTION('center_axis',(1.,0.,0.));
#6754=DIRECTION('ref_axis',(0.,-0.989902183311213,-0.141752133937002));
#6755=DIRECTION('center_axis',(1.,0.,0.));
#6756=DIRECTION('ref_axis',(0.,-0.989902183311213,-0.141752133937002));
#6757=DIRECTION('center_axis',(-1.,0.,0.));
#6758=DIRECTION('ref_axis',(0.,0.141752133937002,-0.989902183311213));
#6759=DIRECTION('',(0.,0.199999999999994,0.979795897113272));
#6760=DIRECTION('center_axis',(-1.,0.,0.));
#6761=DIRECTION('ref_axis',(0.,0.935911687480298,0.352234741667799));
#6762=DIRECTION('',(-1.,0.,0.));
#6763=DIRECTION('center_axis',(1.,0.,0.));
#6764=DIRECTION('ref_axis',(0.,-0.989902183311213,-0.141752133937002));
#6765=DIRECTION('center_axis',(-1.,0.,0.));
#6766=DIRECTION('ref_axis',(0.,0.141752133937002,-0.989902183311213));
#6767=DIRECTION('',(0.,0.199999999999994,0.979795897113272));
#6768=DIRECTION('center_axis',(1.,0.,0.));
#6769=DIRECTION('ref_axis',(0.,-0.979795897113273,0.199999999999994));
#6770=DIRECTION('',(0.,-0.979795897113272,0.199999999999994));
#6771=DIRECTION('center_axis',(1.,0.,0.));
#6772=DIRECTION('ref_axis',(0.,0.199999999999994,0.979795897113272));
#6773=DIRECTION('center_axis',(-1.,0.,0.));
#6774=DIRECTION('ref_axis',(0.,-0.979795897113272,0.199999999999994));
#6775=DIRECTION('center_axis',(-1.,0.,0.));
#6776=DIRECTION('ref_axis',(0.,-0.979795897113272,0.199999999999994));
#6777=DIRECTION('',(-1.,0.,0.));
#6778=DIRECTION('',(-1.,0.,0.));
#6779=DIRECTION('center_axis',(1.,0.,0.));
#6780=DIRECTION('ref_axis',(0.,-0.979795897113273,0.199999999999994));
#6781=DIRECTION('',(0.,-0.979795897113272,0.199999999999994));
#6782=DIRECTION('center_axis',(-1.,0.,0.));
#6783=DIRECTION('ref_axis',(0.,-0.199999999999994,-0.979795897113272));
#6784=DIRECTION('',(0.,0.199999999999994,0.979795897113272));
#6785=DIRECTION('center_axis',(0.,-0.979795897113273,0.199999999999994));
#6786=DIRECTION('ref_axis',(-1.,0.,0.));
#6787=DIRECTION('',(1.,0.,0.));
#6788=DIRECTION('center_axis',(1.,0.,0.));
#6789=DIRECTION('ref_axis',(0.,-0.979795897113272,0.199999999999994));
#6790=DIRECTION('',(1.,0.,0.));
#6791=DIRECTION('center_axis',(0.,-0.199999999999994,-0.979795897113273));
#6792=DIRECTION('ref_axis',(0.,-0.979795897113273,0.199999999999994));
#6793=DIRECTION('center_axis',(0.,-0.199999999999994,-0.979795897113273));
#6794=DIRECTION('ref_axis',(0.,-0.979795897113273,0.199999999999994));
#6795=DIRECTION('',(-1.,0.,0.));
#6796=DIRECTION('center_axis',(-1.,0.,0.));
#6797=DIRECTION('ref_axis',(0.,0.935911687480298,0.352234741667799));
#6798=CARTESIAN_POINT('',(0.,0.,0.));
#6799=CARTESIAN_POINT('Origin',(-1.25,0.4868829629176,0.15158294821));
#6800=CARTESIAN_POINT('',(-1.25,0.570493323641364,0.187879402513194));
#6801=CARTESIAN_POINT('',(-1.25,0.443061529880371,0.233204731279658));
#6802=CARTESIAN_POINT('',(-1.25,0.7687946862083,0.1173469695315));
#6803=CARTESIAN_POINT('',(-1.25,0.4581235169373,0.234));
#6804=CARTESIAN_POINT('Origin',(-1.25,0.4521235169373,0.2046061230866));
#6805=CARTESIAN_POINT('',(-1.25,0.5750362858112,0.2101352809869));
#6806=CARTESIAN_POINT('',(-1.25,0.5750362858112,0.2101352809869));
#6807=CARTESIAN_POINT('',(-1.25,0.5450362858112,0.06316589641993));
#6808=CARTESIAN_POINT('Origin',(-1.25,0.5734838171258,0.1350909915384));
#6809=CARTESIAN_POINT('',(-1.25,0.580035995734368,0.184485235820875));
#6810=CARTESIAN_POINT('',(-1.25,0.7687946862083,0.1173469695315));
#6811=CARTESIAN_POINT('',(-1.25,0.5763685993125,0.2100958818429));
#6812=CARTESIAN_POINT('Origin',(-1.25,0.5758159816018,0.2139549946701));
#6813=CARTESIAN_POINT('',(-1.25,0.597631419403,0.0616105543462));
#6814=CARTESIAN_POINT('Origin',(1.25,0.4868829629176,-0.1515829482099));
#6815=CARTESIAN_POINT('',(1.25,0.570493323641368,-0.187879402513192));
#6816=CARTESIAN_POINT('',(1.25,0.443061529880371,-0.233204731279658));
#6817=CARTESIAN_POINT('',(1.25,0.7687946862083,-0.1173469695315));
#6818=CARTESIAN_POINT('',(1.25,0.4581235169373,-0.234));
#6819=CARTESIAN_POINT('Origin',(1.25,0.4521235169373,-0.2046061230866));
#6820=CARTESIAN_POINT('',(1.25,0.5750362858112,-0.2101352809869));
#6821=CARTESIAN_POINT('',(1.25,0.5750362858112,-0.2101352809869));
#6822=CARTESIAN_POINT('',(1.25,0.5450362858112,-0.06316589641991));
#6823=CARTESIAN_POINT('Origin',(1.25,0.5734838171258,-0.1350909915384));
#6824=CARTESIAN_POINT('',(1.25,0.580035995734457,-0.184485235820843));
#6825=CARTESIAN_POINT('',(1.25,0.7687946862083,-0.1173469695315));
#6826=CARTESIAN_POINT('',(1.25,0.5763685993125,-0.2100958818429));
#6827=CARTESIAN_POINT('Origin',(1.25,0.5758159816018,-0.2139549946701));
#6828=CARTESIAN_POINT('',(1.25,0.5976314194031,-0.06161055434618));
#6829=CARTESIAN_POINT('Origin',(1.25,0.622031065927,-0.2491511980188));
#6830=CARTESIAN_POINT('',(1.25,0.8138811637821,-0.244107235103915));
#6831=CARTESIAN_POINT('',(1.25,0.9221647887498,-0.259613246878));
#6832=CARTESIAN_POINT('',(1.25,0.5976314194031,-0.06161055434618));
#6833=CARTESIAN_POINT('',(1.25,0.7687946862083,-0.1173469695315));
#6834=CARTESIAN_POINT('',(1.25,0.7687946862083,-0.1173469695315));
#6835=CARTESIAN_POINT('',(1.25,0.7687946862083,-0.1173469695315));
#6836=CARTESIAN_POINT('Origin',(1.25,0.9407996102466,-0.1869651675655));
#6837=CARTESIAN_POINT('',(1.25,0.975,-0.1192264937559));
#6838=CARTESIAN_POINT('',(1.25,0.9434276088404,-0.1111279193813));
#6839=CARTESIAN_POINT('Origin',(1.25,0.9221647887498,-0.259613246878));
#6840=CARTESIAN_POINT('',(1.25,0.9221647887498,-0.259613246878));
#6841=CARTESIAN_POINT('',(1.25,0.9434276088404,-0.1111279193813));
#6842=CARTESIAN_POINT('',(1.25,0.975,-0.1192264937559));
#6843=CARTESIAN_POINT('Origin',(2.05,0.871380326711,-0.1750093459104));
#6844=CARTESIAN_POINT('',(2.05,0.975,-0.1192264937559));
#6845=CARTESIAN_POINT('',(2.05,0.9434276088404,-0.1111279193813));
#6846=CARTESIAN_POINT('Origin',(2.05,0.9221647887498,-0.259613246878));
#6847=CARTESIAN_POINT('',(2.05,0.9221647887498,-0.259613246878));
#6848=CARTESIAN_POINT('',(2.05,0.9434276088404,-0.1111279193813));
#6849=CARTESIAN_POINT('',(2.05,0.975,-0.1192264937559));
#6850=CARTESIAN_POINT('Origin',(2.05,0.622031065927,-0.2491511980188));
#6851=CARTESIAN_POINT('',(2.05,0.580035995734457,-0.184485235820843));
#6852=CARTESIAN_POINT('',(2.05,0.5763685993125,-0.2100958818429));
#6853=CARTESIAN_POINT('',(2.05,0.5976314194031,-0.06161055434618));
#6854=CARTESIAN_POINT('',(2.05,0.8138811637821,-0.244107235103915));
#6855=CARTESIAN_POINT('',(2.05,0.9221647887498,-0.259613246878));
#6856=CARTESIAN_POINT('',(2.05,0.7687946862083,-0.1173469695315));
#6857=CARTESIAN_POINT('',(2.05,0.7687946862083,-0.1173469695315));
#6858=CARTESIAN_POINT('',(2.05,0.7687946862083,-0.1173469695315));
#6859=CARTESIAN_POINT('Origin',(0.8,0.1272941799314,-0.2690975747182));
#6860=CARTESIAN_POINT('',(0.8,0.15,-0.1248834987255));
#6861=CARTESIAN_POINT('',(0.8,0.15,-0.384691119860832));
#6862=CARTESIAN_POINT('',(0.8,0.15,-0.1248834987255));
#6863=CARTESIAN_POINT('',(0.8,0.,-0.1248834987255));
#6864=CARTESIAN_POINT('',(0.8,0.15,-0.1248834987255));
#6865=CARTESIAN_POINT('Origin',(0.8,0.3,-0.1248834987255));
#6866=CARTESIAN_POINT('Origin',(-0.8,0.1272941799314,0.2690975747182));
#6867=CARTESIAN_POINT('',(-0.8,0.15,0.1248834987255));
#6868=CARTESIAN_POINT('',(-0.8,0.15,0.384691119860832));
#6869=CARTESIAN_POINT('',(-0.8,0.15,0.1248834987255));
#6870=CARTESIAN_POINT('',(-0.8,0.,0.1248834987255));
#6871=CARTESIAN_POINT('',(-0.8,0.15,0.1248834987255));
#6872=CARTESIAN_POINT('Origin',(-0.8,0.3,0.1248834987255));
#6873=CARTESIAN_POINT('Origin',(0.8,0.075,0.2624417493628));
#6874=CARTESIAN_POINT('',(0.8,0.,0.1248834987255));
#6875=CARTESIAN_POINT('',(0.8,0.15,0.384691119860832));
#6876=CARTESIAN_POINT('Origin',(0.8,0.3,0.1248834987255));
#6877=CARTESIAN_POINT('',(0.8,0.15,0.1248834987255));
#6878=CARTESIAN_POINT('',(0.8,0.15,0.1248834987255));
#6879=CARTESIAN_POINT('',(0.8,0.15,0.1248834987255));
#6880=CARTESIAN_POINT('Origin',(2.05,0.4868829629175,0.1515829482099));
#6881=CARTESIAN_POINT('',(2.05,0.570493323641402,0.18787940251318));
#6882=CARTESIAN_POINT('',(2.05,0.443061529880371,0.233204731279658));
#6883=CARTESIAN_POINT('',(2.05,0.7687946862083,0.1173469695315));
#6884=CARTESIAN_POINT('',(2.05,0.4581235169373,0.234));
#6885=CARTESIAN_POINT('Origin',(2.05,0.4521235169373,0.2046061230866));
#6886=CARTESIAN_POINT('',(2.05,0.5750362858112,0.2101352809869));
#6887=CARTESIAN_POINT('',(2.05,0.5750362858112,0.2101352809869));
#6888=CARTESIAN_POINT('',(2.05,0.5450362858112,0.06316589641987));
#6889=CARTESIAN_POINT('Origin',(2.05,0.5734838171258,0.1350909915383));
#6890=CARTESIAN_POINT('',(2.05,0.580035995734438,0.18448523582085));
#6891=CARTESIAN_POINT('',(2.05,0.7687946862083,0.1173469695315));
#6892=CARTESIAN_POINT('',(2.05,0.5763685993125,0.2100958818428));
#6893=CARTESIAN_POINT('Origin',(2.05,0.5758159816018,0.21395499467));
#6894=CARTESIAN_POINT('',(2.05,0.5976314194031,0.06161055434614));
#6895=CARTESIAN_POINT('Origin',(2.05,0.9407996102466,0.1869651675655));
#6896=CARTESIAN_POINT('',(2.05,0.975,0.1192264937559));
#6897=CARTESIAN_POINT('',(2.05,0.9434276088404,0.1111279193813));
#6898=CARTESIAN_POINT('Origin',(2.05,0.9221647887498,0.259613246878));
#6899=CARTESIAN_POINT('',(2.05,0.9221647887498,0.259613246878));
#6900=CARTESIAN_POINT('',(2.05,0.9434276088404,0.1111279193813));
#6901=CARTESIAN_POINT('',(2.05,0.975,0.1192264937559));
#6902=CARTESIAN_POINT('Origin',(1.25,0.871380326711,0.1750093459104));
#6903=CARTESIAN_POINT('',(1.25,0.975,0.1192264937559));
#6904=CARTESIAN_POINT('',(1.25,0.9434276088404,0.1111279193813));
#6905=CARTESIAN_POINT('Origin',(1.25,0.9221647887498,0.259613246878));
#6906=CARTESIAN_POINT('',(1.25,0.9221647887498,0.259613246878));
#6907=CARTESIAN_POINT('',(1.25,0.9434276088404,0.1111279193813));
#6908=CARTESIAN_POINT('',(1.25,0.975,0.1192264937559));
#6909=CARTESIAN_POINT('Origin',(1.25,0.622031065927,0.2491511980188));
#6910=CARTESIAN_POINT('',(1.25,0.580035995734438,0.18448523582085));
#6911=CARTESIAN_POINT('',(1.25,0.5763685993125,0.2100958818428));
#6912=CARTESIAN_POINT('',(1.25,0.5976314194031,0.06161055434614));
#6913=CARTESIAN_POINT('',(1.25,0.813881163782095,0.244107235103903));
#6914=CARTESIAN_POINT('',(1.25,0.9221647887498,0.259613246878));
#6915=CARTESIAN_POINT('',(1.25,0.7687946862083,0.1173469695315));
#6916=CARTESIAN_POINT('',(1.25,0.7687946862083,0.1173469695315));
#6917=CARTESIAN_POINT('',(1.25,0.7687946862083,0.1173469695315));
#6918=CARTESIAN_POINT('Origin',(2.05,0.622031065927,0.2491511980188));
#6919=CARTESIAN_POINT('',(2.05,0.813881163782095,0.244107235103903));
#6920=CARTESIAN_POINT('',(2.05,0.9221647887498,0.259613246878));
#6921=CARTESIAN_POINT('',(2.05,0.5976314194031,0.06161055434614));
#6922=CARTESIAN_POINT('',(2.05,0.7687946862083,0.1173469695315));
#6923=CARTESIAN_POINT('',(2.05,0.7687946862083,0.1173469695315));
#6924=CARTESIAN_POINT('',(2.05,0.7687946862083,0.1173469695315));
#6925=CARTESIAN_POINT('Origin',(2.5,0.075,0.2624417493628));
#6926=CARTESIAN_POINT('',(2.5,0.,0.1248834987255));
#6927=CARTESIAN_POINT('',(2.5,0.15,0.384691119860832));
#6928=CARTESIAN_POINT('Origin',(2.5,0.3,0.1248834987255));
#6929=CARTESIAN_POINT('',(2.5,0.15,0.1248834987255));
#6930=CARTESIAN_POINT('',(2.5,0.15,0.1248834987255));
#6931=CARTESIAN_POINT('',(2.5,0.15,0.1248834987255));
#6932=CARTESIAN_POINT('Origin',(-2.5,0.1272941799314,-0.2690975747182));
#6933=CARTESIAN_POINT('',(-2.5,0.15,-0.1248834987255));
#6934=CARTESIAN_POINT('',(-2.5,0.15,-0.384691119860832));
#6935=CARTESIAN_POINT('',(-2.5,0.15,-0.1248834987255));
#6936=CARTESIAN_POINT('',(-2.5,0.,-0.1248834987255));
#6937=CARTESIAN_POINT('',(-2.5,0.15,-0.1248834987255));
#6938=CARTESIAN_POINT('Origin',(-2.5,0.3,-0.1248834987255));
#6939=CARTESIAN_POINT('Origin',(-2.05,0.4868829629175,-0.15158294821));
#6940=CARTESIAN_POINT('',(-2.05,0.570493323641353,-0.187879402513198));
#6941=CARTESIAN_POINT('',(-2.05,0.443061529880222,-0.233204731279711));
#6942=CARTESIAN_POINT('',(-2.05,0.7687946862083,-0.1173469695315));
#6943=CARTESIAN_POINT('',(-2.05,0.4581235169373,-0.2340000000001));
#6944=CARTESIAN_POINT('Origin',(-2.05,0.4521235169373,-0.2046061230867));
#6945=CARTESIAN_POINT('',(-2.05,0.5750362858112,-0.210135280987));
#6946=CARTESIAN_POINT('',(-2.05,0.5750362858112,-0.210135280987));
#6947=CARTESIAN_POINT('',(-2.05,0.5450362858112,-0.06316589641999));
#6948=CARTESIAN_POINT('Origin',(-2.05,0.5734838171258,-0.1350909915384));
#6949=CARTESIAN_POINT('',(-2.05,0.580035995734389,-0.184485235820868));
#6950=CARTESIAN_POINT('',(-2.05,0.7687946862083,-0.1173469695315));
#6951=CARTESIAN_POINT('',(-2.05,0.5763685993125,-0.2100958818429));
#6952=CARTESIAN_POINT('Origin',(-2.05,0.5758159816018,-0.2139549946701));
#6953=CARTESIAN_POINT('',(-2.05,0.597631419403,-0.06161055434625));
#6954=CARTESIAN_POINT('Origin',(-2.05,0.9407996102466,-0.1869651675655));
#6955=CARTESIAN_POINT('',(-2.05,0.975,-0.1192264937559));
#6956=CARTESIAN_POINT('',(-2.05,0.9434276088404,-0.1111279193813));
#6957=CARTESIAN_POINT('Origin',(-2.05,0.9221647887498,-0.259613246878));
#6958=CARTESIAN_POINT('',(-2.05,0.9221647887498,-0.259613246878));
#6959=CARTESIAN_POINT('',(-2.05,0.9434276088404,-0.1111279193813));
#6960=CARTESIAN_POINT('',(-2.05,0.975,-0.1192264937559));
#6961=CARTESIAN_POINT('Origin',(-1.25,0.871380326711,-0.1750093459104));
#6962=CARTESIAN_POINT('',(-1.25,0.975,-0.1192264937559));
#6963=CARTESIAN_POINT('',(-1.25,0.9434276088404,-0.1111279193813));
#6964=CARTESIAN_POINT('Origin',(-1.25,0.9221647887498,-0.259613246878));
#6965=CARTESIAN_POINT('',(-1.25,0.9221647887498,-0.259613246878));
#6966=CARTESIAN_POINT('',(-1.25,0.9434276088404,-0.1111279193813));
#6967=CARTESIAN_POINT('',(-1.25,0.975,-0.1192264937559));
#6968=CARTESIAN_POINT('Origin',(-1.25,0.622031065927,-0.2491511980188));
#6969=CARTESIAN_POINT('',(-1.25,0.580035995734389,-0.184485235820868));
#6970=CARTESIAN_POINT('',(-1.25,0.5763685993125,-0.2100958818429));
#6971=CARTESIAN_POINT('',(-1.25,0.597631419403,-0.06161055434625));
#6972=CARTESIAN_POINT('',(-1.25,0.813881163782108,-0.244107235103938));
#6973=CARTESIAN_POINT('',(-1.25,0.9221647887498,-0.259613246878));
#6974=CARTESIAN_POINT('',(-1.25,0.7687946862083,-0.1173469695315));
#6975=CARTESIAN_POINT('',(-1.25,0.7687946862083,-0.1173469695315));
#6976=CARTESIAN_POINT('',(-1.25,0.7687946862083,-0.1173469695315));
#6977=CARTESIAN_POINT('Origin',(-2.05,0.622031065927,-0.2491511980188));
#6978=CARTESIAN_POINT('',(-2.05,0.813881163782108,-0.244107235103938));
#6979=CARTESIAN_POINT('',(-2.05,0.9221647887498,-0.259613246878));
#6980=CARTESIAN_POINT('',(-2.05,0.597631419403,-0.06161055434625));
#6981=CARTESIAN_POINT('',(-2.05,0.7687946862083,-0.1173469695315));
#6982=CARTESIAN_POINT('',(-2.05,0.7687946862083,-0.1173469695315));
#6983=CARTESIAN_POINT('',(-2.05,0.7687946862083,-0.1173469695315));
#6984=CARTESIAN_POINT('Origin',(-0.8,0.1272941799314,-0.2690975747182));
#6985=CARTESIAN_POINT('',(-0.8,0.15,-0.1248834987255));
#6986=CARTESIAN_POINT('',(-0.8,0.15,-0.384691119860832));
#6987=CARTESIAN_POINT('',(-0.8,0.15,-0.1248834987255));
#6988=CARTESIAN_POINT('',(-0.8,0.,-0.1248834987255));
#6989=CARTESIAN_POINT('Origin',(-0.8,0.3,-0.1248834987255));
#6990=CARTESIAN_POINT('',(-0.8,0.15,-0.1248834987255));
#6991=CARTESIAN_POINT('Origin',(2.5,0.075,-0.2624417493628));
#6992=CARTESIAN_POINT('',(2.5,0.,-0.1248834987255));
#6993=CARTESIAN_POINT('',(2.5,0.15,-0.384691119860832));
#6994=CARTESIAN_POINT('Origin',(2.5,0.3,-0.1248834987255));
#6995=CARTESIAN_POINT('',(2.5,0.15,-0.1248834987255));
#6996=CARTESIAN_POINT('',(2.5,0.15,-0.1248834987255));
#6997=CARTESIAN_POINT('',(2.5,0.15,-0.1248834987255));
#6998=CARTESIAN_POINT('Origin',(-2.5,0.075,0.2624417493628));
#6999=CARTESIAN_POINT('',(-2.5,0.,0.1248834987255));
#7000=CARTESIAN_POINT('',(-2.5,0.15,0.384691119860832));
#7001=CARTESIAN_POINT('Origin',(-2.5,0.3,0.1248834987255));
#7002=CARTESIAN_POINT('',(-2.5,0.15,0.1248834987255));
#7003=CARTESIAN_POINT('',(-2.5,0.15,0.1248834987255));
#7004=CARTESIAN_POINT('',(-2.5,0.15,0.1248834987255));
#7005=CARTESIAN_POINT('Origin',(-1.25,0.622031065927,0.2491511980188));
#7006=CARTESIAN_POINT('',(-1.25,0.813881163782104,0.244107235103926));
#7007=CARTESIAN_POINT('',(-1.25,0.9221647887498,0.259613246878));
#7008=CARTESIAN_POINT('',(-1.25,0.597631419403,0.0616105543462));
#7009=CARTESIAN_POINT('',(-1.25,0.7687946862083,0.1173469695315));
#7010=CARTESIAN_POINT('',(-1.25,0.7687946862083,0.1173469695315));
#7011=CARTESIAN_POINT('',(-1.25,0.7687946862083,0.1173469695315));
#7012=CARTESIAN_POINT('Origin',(-2.05,0.622031065927,0.2491511980188));
#7013=CARTESIAN_POINT('',(-2.05,0.580035995734368,0.184485235820875));
#7014=CARTESIAN_POINT('',(-2.05,0.5763685993125,0.2100958818429));
#7015=CARTESIAN_POINT('',(-2.05,0.597631419403,0.0616105543462));
#7016=CARTESIAN_POINT('',(-2.05,0.813881163782104,0.244107235103926));
#7017=CARTESIAN_POINT('',(-2.05,0.9221647887498,0.259613246878));
#7018=CARTESIAN_POINT('',(-2.05,0.7687946862083,0.1173469695315));
#7019=CARTESIAN_POINT('',(-2.05,0.7687946862083,0.1173469695315));
#7020=CARTESIAN_POINT('',(-2.05,0.7687946862083,0.1173469695315));
#7021=CARTESIAN_POINT('Origin',(-2.05,0.871380326711,0.1750093459104));
#7022=CARTESIAN_POINT('',(-2.05,0.975,0.1192264937559));
#7023=CARTESIAN_POINT('',(-2.05,0.9434276088404,0.1111279193813));
#7024=CARTESIAN_POINT('Origin',(-2.05,0.9221647887498,0.259613246878));
#7025=CARTESIAN_POINT('',(-2.05,0.9221647887498,0.259613246878));
#7026=CARTESIAN_POINT('',(-2.05,0.9434276088404,0.1111279193813));
#7027=CARTESIAN_POINT('',(-2.05,0.975,0.1192264937559));
#7028=CARTESIAN_POINT('Origin',(-1.25,0.9407996102466,0.1869651675655));
#7029=CARTESIAN_POINT('',(-1.25,0.975,0.1192264937559));
#7030=CARTESIAN_POINT('',(-1.25,0.9434276088404,0.1111279193813));
#7031=CARTESIAN_POINT('Origin',(-1.25,0.9221647887498,0.259613246878));
#7032=CARTESIAN_POINT('',(-1.25,0.9221647887498,0.259613246878));
#7033=CARTESIAN_POINT('',(-1.25,0.9434276088404,0.1111279193813));
#7034=CARTESIAN_POINT('',(-1.25,0.975,0.1192264937559));
#7035=CARTESIAN_POINT('Origin',(-2.05,0.622031065927,0.2491511980188));
#7036=CARTESIAN_POINT('',(-2.05,0.570493323641364,0.187879402513194));
#7037=CARTESIAN_POINT('',(-2.05,0.5750362858112,0.2101352809869));
#7038=CARTESIAN_POINT('',(-2.05,0.5450362858112,0.06316589641993));
#7039=CARTESIAN_POINT('Origin',(-2.05,0.5758159816018,0.2139549946701));
#7040=CARTESIAN_POINT('',(-2.05,0.7687946862083,0.1173469695315));
#7041=CARTESIAN_POINT('Origin',(-2.05,0.622031065927,0.2491511980188));
#7042=CARTESIAN_POINT('',(-2.05,0.443061529880371,0.233204731279658));
#7043=CARTESIAN_POINT('',(-2.05,0.4581235169373,0.234));
#7044=CARTESIAN_POINT('Origin',(-2.05,0.4521235169373,0.2046061230866));
#7045=CARTESIAN_POINT('',(-2.05,0.5750362858112,0.2101352809869));
#7046=CARTESIAN_POINT('',(-2.05,0.7687946862083,0.1173469695315));
#7047=CARTESIAN_POINT('Origin',(-1.25,0.622031065927,-0.2491511980188));
#7048=CARTESIAN_POINT('',(-1.25,0.570493323641353,-0.187879402513198));
#7049=CARTESIAN_POINT('',(-1.25,0.5750362858112,-0.210135280987));
#7050=CARTESIAN_POINT('',(-1.25,0.5450362858112,-0.06316589641999));
#7051=CARTESIAN_POINT('Origin',(-1.25,0.5758159816018,-0.2139549946701));
#7052=CARTESIAN_POINT('',(-1.25,0.7687946862083,-0.1173469695315));
#7053=CARTESIAN_POINT('Origin',(-1.25,0.622031065927,-0.2491511980188));
#7054=CARTESIAN_POINT('',(-1.25,0.443061529880222,-0.233204731279711));
#7055=CARTESIAN_POINT('',(-1.25,0.4581235169373,-0.2340000000001));
#7056=CARTESIAN_POINT('Origin',(-1.25,0.4521235169373,-0.2046061230867));
#7057=CARTESIAN_POINT('',(-1.25,0.5750362858112,-0.210135280987));
#7058=CARTESIAN_POINT('',(-1.25,0.7687946862083,-0.1173469695315));
#7059=CARTESIAN_POINT('Origin',(1.25,0.622031065927,0.2491511980188));
#7060=CARTESIAN_POINT('',(1.25,0.570493323641402,0.18787940251318));
#7061=CARTESIAN_POINT('',(1.25,0.5750362858112,0.2101352809869));
#7062=CARTESIAN_POINT('',(1.25,0.5450362858112,0.06316589641987));
#7063=CARTESIAN_POINT('Origin',(1.25,0.5758159816018,0.21395499467));
#7064=CARTESIAN_POINT('',(1.25,0.7687946862083,0.1173469695315));
#7065=CARTESIAN_POINT('Origin',(1.25,0.622031065927,0.2491511980188));
#7066=CARTESIAN_POINT('',(1.25,0.443061529880371,0.233204731279658));
#7067=CARTESIAN_POINT('',(1.25,0.4581235169373,0.234));
#7068=CARTESIAN_POINT('Origin',(1.25,0.4521235169373,0.2046061230866));
#7069=CARTESIAN_POINT('',(1.25,0.5750362858112,0.2101352809869));
#7070=CARTESIAN_POINT('',(1.25,0.7687946862083,0.1173469695315));
#7071=CARTESIAN_POINT('Origin',(2.05,0.622031065927,-0.2491511980188));
#7072=CARTESIAN_POINT('',(2.05,0.570493323641368,-0.187879402513192));
#7073=CARTESIAN_POINT('',(2.05,0.5750362858112,-0.2101352809869));
#7074=CARTESIAN_POINT('',(2.05,0.5450362858112,-0.06316589641991));
#7075=CARTESIAN_POINT('Origin',(2.05,0.5758159816018,-0.2139549946701));
#7076=CARTESIAN_POINT('',(2.05,0.7687946862083,-0.1173469695315));
#7077=CARTESIAN_POINT('Origin',(2.05,0.622031065927,-0.2491511980188));
#7078=CARTESIAN_POINT('',(2.05,0.443061529880371,-0.233204731279658));
#7079=CARTESIAN_POINT('',(2.05,0.4581235169373,-0.234));
#7080=CARTESIAN_POINT('Origin',(2.05,0.4521235169373,-0.2046061230866));
#7081=CARTESIAN_POINT('',(2.05,0.5750362858112,-0.2101352809869));
#7082=CARTESIAN_POINT('',(2.05,0.7687946862083,-0.1173469695315));
#7083=CARTESIAN_POINT('Origin',(1.25,0.4868829629176,-0.1515829482099));
#7084=CARTESIAN_POINT('',(1.25,0.7687946862083,-0.1173469695315));
#7085=CARTESIAN_POINT('',(1.25,0.4227296400239,-0.2106061230866));
#7086=CARTESIAN_POINT('Origin',(1.25,0.4521235169373,-0.2046061230866));
#7087=CARTESIAN_POINT('',(1.25,0.4047296400239,-0.1224244923464));
#7088=CARTESIAN_POINT('',(1.25,0.4047296400239,-0.1224244923464));
#7089=CARTESIAN_POINT('',(1.25,0.4281235169373,-0.08703061543299));
#7090=CARTESIAN_POINT('Origin',(1.25,0.4341235169373,-0.1164244923464));
#7091=CARTESIAN_POINT('',(1.25,0.5450362858112,-0.06316589641991));
#7092=CARTESIAN_POINT('',(1.25,0.5450362858112,-0.06316589641991));
#7093=CARTESIAN_POINT('',(1.25,0.5450362858112,-0.06316589641991));
#7094=CARTESIAN_POINT('Origin',(1.25,0.5734838171258,-0.1350909915384));
#7095=CARTESIAN_POINT('',(1.25,0.7687946862083,-0.1173469695315));
#7096=CARTESIAN_POINT('',(1.25,0.5976314194031,-0.06161055434618));
#7097=CARTESIAN_POINT('Origin',(1.25,0.5758159816018,-0.2139549946701));
#7098=CARTESIAN_POINT('',(1.25,0.5976314194031,-0.06161055434618));
#7099=CARTESIAN_POINT('Origin',(1.25,0.622031065927,-0.2491511980188));
#7100=CARTESIAN_POINT('',(1.25,0.425,-0.2396289112719));
#7101=CARTESIAN_POINT('',(1.25,0.7687946862083,-0.1173469695315));
#7102=CARTESIAN_POINT('',(1.25,0.4752674456457,-0.3809554265061));
#7103=CARTESIAN_POINT('',(1.25,0.425,-0.2396289112719));
#7104=CARTESIAN_POINT('',(1.25,0.819062131854,-0.2586734847657));
#7105=CARTESIAN_POINT('',(1.25,0.819062131854,-0.2586734847657));
#7106=CARTESIAN_POINT('',(1.25,0.7687946862083,-0.1173469695315));
#7107=CARTESIAN_POINT('',(1.25,0.9221647887498,-0.259613246878));
#7108=CARTESIAN_POINT('Origin',(1.25,0.7598981040764,-0.1606119006121));
#7109=CARTESIAN_POINT('',(1.25,0.865857935672426,-0.100020087834163));
#7110=CARTESIAN_POINT('Origin',(1.25,0.8693295774997,-0.4));
#7111=CARTESIAN_POINT('',(1.25,0.9434276088404,-0.1111279193813));
#7112=CARTESIAN_POINT('',(1.25,0.9434276088404,-0.1111279193813));
#7113=CARTESIAN_POINT('',(1.25,0.858016020679444,-0.250427263740765));
#7114=CARTESIAN_POINT('',(1.25,0.9221647887498,-0.259613246878));
#7115=CARTESIAN_POINT('',(1.25,0.9221647887498,-0.259613246878));
#7116=CARTESIAN_POINT('Origin',(1.25,0.871380326711,-0.1750093459104));
#7117=CARTESIAN_POINT('',(1.25,0.9434276088404,-0.1111279193813));
#7118=CARTESIAN_POINT('Origin',(1.25,0.8693295774997,-0.4));
#7119=CARTESIAN_POINT('Origin',(1.25,0.871380326711,-0.1750093459104));
#7120=CARTESIAN_POINT('',(1.25,0.9221647887498,-0.259613246878));
#7121=CARTESIAN_POINT('Origin',(1.25,0.8693295774997,-0.4));
#7122=CARTESIAN_POINT('Origin',(2.05,0.622031065927,-0.2491511980188));
#7123=CARTESIAN_POINT('Origin',(2.05,0.4521235169373,-0.2046061230866));
#7124=CARTESIAN_POINT('',(2.05,0.5750362858112,-0.2101352809869));
#7125=CARTESIAN_POINT('Origin',(2.05,0.5758159816018,-0.2139549946701));
#7126=CARTESIAN_POINT('',(2.05,0.9221647887498,-0.259613246878));
#7127=CARTESIAN_POINT('',(2.05,0.819062131854,-0.2586734847657));
#7128=CARTESIAN_POINT('',(2.05,0.7687946862083,-0.1173469695315));
#7129=CARTESIAN_POINT('',(2.05,0.4752674456457,-0.3809554265061));
#7130=CARTESIAN_POINT('',(2.05,0.819062131854,-0.2586734847657));
#7131=CARTESIAN_POINT('',(2.05,0.425,-0.2396289112719));
#7132=CARTESIAN_POINT('',(2.05,0.425,-0.2396289112719));
#7133=CARTESIAN_POINT('',(2.05,0.7687946862083,-0.1173469695315));
#7134=CARTESIAN_POINT('Origin',(2.05,0.622031065927,-0.2491511980188));
#7135=CARTESIAN_POINT('',(2.05,0.7687946862083,-0.1173469695315));
#7136=CARTESIAN_POINT('',(2.05,0.5450362858112,-0.06316589641991));
#7137=CARTESIAN_POINT('Origin',(2.05,0.622031065927,-0.2491511980188));
#7138=CARTESIAN_POINT('',(2.05,0.7687946862083,-0.1173469695315));
#7139=CARTESIAN_POINT('',(2.05,0.5976314194031,-0.06161055434618));
#7140=CARTESIAN_POINT('Origin',(2.05,0.7598981040764,-0.1606119006121));
#7141=CARTESIAN_POINT('',(2.05,0.865857935672426,-0.100020087834163));
#7142=CARTESIAN_POINT('Origin',(2.05,0.8693295774997,-0.4));
#7143=CARTESIAN_POINT('',(2.05,0.5976314194031,-0.06161055434618));
#7144=CARTESIAN_POINT('',(2.05,0.9434276088404,-0.1111279193813));
#7145=CARTESIAN_POINT('',(2.05,0.5976314194031,-0.06161055434618));
#7146=CARTESIAN_POINT('Origin',(2.05,0.871380326711,-0.1750093459104));
#7147=CARTESIAN_POINT('',(2.05,0.9434276088404,-0.1111279193813));
#7148=CARTESIAN_POINT('Origin',(2.05,0.8693295774997,-0.4));
#7149=CARTESIAN_POINT('Origin',(2.05,0.9221647887498,-0.259613246878));
#7150=CARTESIAN_POINT('Origin',(2.05,0.871380326711,-0.1750093459104));
#7151=CARTESIAN_POINT('',(2.05,0.858016020679444,-0.250427263740765));
#7152=CARTESIAN_POINT('',(2.05,0.9221647887498,-0.259613246878));
#7153=CARTESIAN_POINT('',(2.05,0.7687946862083,-0.1173469695315));
#7154=CARTESIAN_POINT('Origin',(2.05,0.8693295774997,-0.4));
#7155=CARTESIAN_POINT('',(2.05,0.9434276088404,-0.1111279193813));
#7156=CARTESIAN_POINT('Origin',(2.05,0.8693295774997,-0.4));
#7157=CARTESIAN_POINT('Origin',(2.05,0.871380326711,-0.1750093459104));
#7158=CARTESIAN_POINT('Origin',(2.05,0.8693295774997,-0.4));
#7159=CARTESIAN_POINT('Origin',(2.05,0.4868829629175,0.1515829482099));
#7160=CARTESIAN_POINT('',(2.05,0.7687946862083,0.1173469695315));
#7161=CARTESIAN_POINT('',(2.05,0.4227296400239,0.2106061230866));
#7162=CARTESIAN_POINT('Origin',(2.05,0.4521235169373,0.2046061230866));
#7163=CARTESIAN_POINT('',(2.05,0.4047296400239,0.1224244923464));
#7164=CARTESIAN_POINT('',(2.05,0.4047296400239,0.1224244923464));
#7165=CARTESIAN_POINT('',(2.05,0.4281235169373,0.08703061543298));
#7166=CARTESIAN_POINT('Origin',(2.05,0.4341235169373,0.1164244923464));
#7167=CARTESIAN_POINT('',(2.05,0.5450362858112,0.06316589641987));
#7168=CARTESIAN_POINT('',(2.05,0.5450362858112,0.06316589641987));
#7169=CARTESIAN_POINT('',(2.05,0.5450362858112,0.06316589641987));
#7170=CARTESIAN_POINT('Origin',(2.05,0.622031065927,0.2491511980188));
#7171=CARTESIAN_POINT('',(2.05,0.425,0.2396289112719));
#7172=CARTESIAN_POINT('',(2.05,0.7687946862083,0.1173469695315));
#7173=CARTESIAN_POINT('',(2.05,0.4752674456457,0.3809554265061));
#7174=CARTESIAN_POINT('',(2.05,0.425,0.2396289112719));
#7175=CARTESIAN_POINT('',(2.05,0.819062131854,0.2586734847657));
#7176=CARTESIAN_POINT('',(2.05,0.819062131854,0.2586734847657));
#7177=CARTESIAN_POINT('',(2.05,0.7687946862083,0.1173469695315));
#7178=CARTESIAN_POINT('',(2.05,0.9221647887498,0.259613246878));
#7179=CARTESIAN_POINT('Origin',(2.05,0.5734838171258,0.1350909915383));
#7180=CARTESIAN_POINT('',(2.05,0.7687946862083,0.1173469695315));
#7181=CARTESIAN_POINT('',(2.05,0.5976314194031,0.06161055434614));
#7182=CARTESIAN_POINT('Origin',(2.05,0.5758159816018,0.21395499467));
#7183=CARTESIAN_POINT('',(2.05,0.5976314194031,0.06161055434614));
#7184=CARTESIAN_POINT('Origin',(2.05,0.7598981040765,0.160611900612));
#7185=CARTESIAN_POINT('',(2.05,0.865857935672477,0.100020087834163));
#7186=CARTESIAN_POINT('',(2.05,0.9434276088404,0.1111279193813));
#7187=CARTESIAN_POINT('Origin',(2.05,0.8693295774997,0.4));
#7188=CARTESIAN_POINT('Origin',(2.05,0.7598981040765,0.160611900612));
#7189=CARTESIAN_POINT('',(2.05,0.9434276088404,0.1111279193813));
#7190=CARTESIAN_POINT('',(2.05,0.9434276088404,0.1111279193813));
#7191=CARTESIAN_POINT('',(2.05,0.858016020679473,0.250427263740762));
#7192=CARTESIAN_POINT('',(2.05,0.9221647887498,0.259613246878));
#7193=CARTESIAN_POINT('',(2.05,0.9221647887498,0.259613246878));
#7194=CARTESIAN_POINT('Origin',(2.05,0.871380326711,0.1750093459104));
#7195=CARTESIAN_POINT('',(2.05,0.9434276088404,0.1111279193813));
#7196=CARTESIAN_POINT('Origin',(2.05,0.8693295774997,0.4));
#7197=CARTESIAN_POINT('Origin',(2.05,0.871380326711,0.1750093459104));
#7198=CARTESIAN_POINT('',(2.05,0.9221647887498,0.259613246878));
#7199=CARTESIAN_POINT('Origin',(2.05,0.8693295774997,0.4));
#7200=CARTESIAN_POINT('Origin',(1.25,0.622031065927,0.2491511980188));
#7201=CARTESIAN_POINT('Origin',(1.25,0.4521235169373,0.2046061230866));
#7202=CARTESIAN_POINT('',(1.25,0.5750362858112,0.2101352809869));
#7203=CARTESIAN_POINT('Origin',(1.25,0.5758159816018,0.21395499467));
#7204=CARTESIAN_POINT('',(1.25,0.9221647887498,0.259613246878));
#7205=CARTESIAN_POINT('',(1.25,0.819062131854,0.2586734847657));
#7206=CARTESIAN_POINT('',(1.25,0.7687946862083,0.1173469695315));
#7207=CARTESIAN_POINT('',(1.25,0.4752674456457,0.3809554265061));
#7208=CARTESIAN_POINT('',(1.25,0.819062131854,0.2586734847657));
#7209=CARTESIAN_POINT('',(1.25,0.425,0.2396289112719));
#7210=CARTESIAN_POINT('',(1.25,0.425,0.2396289112719));
#7211=CARTESIAN_POINT('',(1.25,0.7687946862083,0.1173469695315));
#7212=CARTESIAN_POINT('Origin',(1.25,0.622031065927,0.2491511980188));
#7213=CARTESIAN_POINT('',(1.25,0.7687946862083,0.1173469695315));
#7214=CARTESIAN_POINT('',(1.25,0.5450362858112,0.06316589641987));
#7215=CARTESIAN_POINT('Origin',(1.25,0.622031065927,0.2491511980188));
#7216=CARTESIAN_POINT('',(1.25,0.7687946862083,0.1173469695315));
#7217=CARTESIAN_POINT('',(1.25,0.5976314194031,0.06161055434614));
#7218=CARTESIAN_POINT('Origin',(1.25,0.7598981040765,0.160611900612));
#7219=CARTESIAN_POINT('',(1.25,0.865857935672477,0.100020087834163));
#7220=CARTESIAN_POINT('Origin',(1.25,0.8693295774997,0.4));
#7221=CARTESIAN_POINT('',(1.25,0.5976314194031,0.06161055434614));
#7222=CARTESIAN_POINT('',(1.25,0.9434276088404,0.1111279193813));
#7223=CARTESIAN_POINT('',(1.25,0.5976314194031,0.06161055434614));
#7224=CARTESIAN_POINT('Origin',(1.25,0.871380326711,0.1750093459104));
#7225=CARTESIAN_POINT('',(1.25,0.9434276088404,0.1111279193813));
#7226=CARTESIAN_POINT('Origin',(1.25,0.8693295774997,0.4));
#7227=CARTESIAN_POINT('Origin',(1.25,0.9221647887498,0.259613246878));
#7228=CARTESIAN_POINT('Origin',(1.25,0.871380326711,0.1750093459104));
#7229=CARTESIAN_POINT('',(1.25,0.858016020679473,0.250427263740762));
#7230=CARTESIAN_POINT('',(1.25,0.9221647887498,0.259613246878));
#7231=CARTESIAN_POINT('',(1.25,0.7687946862083,0.1173469695315));
#7232=CARTESIAN_POINT('Origin',(1.25,0.8693295774997,0.4));
#7233=CARTESIAN_POINT('',(1.25,0.9434276088404,0.1111279193813));
#7234=CARTESIAN_POINT('Origin',(1.25,0.8693295774997,0.4));
#7235=CARTESIAN_POINT('Origin',(1.25,0.871380326711,0.1750093459104));
#7236=CARTESIAN_POINT('Origin',(1.25,0.8693295774997,0.4));
#7237=CARTESIAN_POINT('Origin',(0.8,0.075,0.2624417493628));
#7238=CARTESIAN_POINT('Origin',(0.8,0.3,0.1248834987255));
#7239=CARTESIAN_POINT('',(0.8,0.15,0.4));
#7240=CARTESIAN_POINT('',(0.8,0.15,0.1248834987255));
#7241=CARTESIAN_POINT('',(0.8,0.,0.4));
#7242=CARTESIAN_POINT('',(0.8,0.15,0.4));
#7243=CARTESIAN_POINT('',(0.8,0.,0.1248834987255));
#7244=CARTESIAN_POINT('Origin',(2.5,0.075,0.2624417493628));
#7245=CARTESIAN_POINT('Origin',(2.5,0.3,0.1248834987255));
#7246=CARTESIAN_POINT('',(2.5,0.,0.4));
#7247=CARTESIAN_POINT('',(2.5,0.,0.1248834987255));
#7248=CARTESIAN_POINT('',(2.5,0.15,0.4));
#7249=CARTESIAN_POINT('',(2.5,0.15,0.4));
#7250=CARTESIAN_POINT('',(2.5,0.15,0.1248834987255));
#7251=CARTESIAN_POINT('Origin',(-2.05,0.4868829629175,-0.15158294821));
#7252=CARTESIAN_POINT('',(-2.05,0.7687946862083,-0.1173469695315));
#7253=CARTESIAN_POINT('',(-2.05,0.4227296400239,-0.2106061230867));
#7254=CARTESIAN_POINT('Origin',(-2.05,0.4521235169373,-0.2046061230867));
#7255=CARTESIAN_POINT('',(-2.05,0.4047296400239,-0.1224244923465));
#7256=CARTESIAN_POINT('',(-2.05,0.4047296400239,-0.1224244923465));
#7257=CARTESIAN_POINT('',(-2.05,0.4281235169373,-0.08703061543306));
#7258=CARTESIAN_POINT('Origin',(-2.05,0.4341235169373,-0.1164244923465));
#7259=CARTESIAN_POINT('',(-2.05,0.5450362858112,-0.06316589641999));
#7260=CARTESIAN_POINT('',(-2.05,0.5450362858112,-0.06316589641999));
#7261=CARTESIAN_POINT('',(-2.05,0.5450362858112,-0.06316589641999));
#7262=CARTESIAN_POINT('Origin',(-2.05,0.5734838171258,-0.1350909915384));
#7263=CARTESIAN_POINT('',(-2.05,0.7687946862083,-0.1173469695315));
#7264=CARTESIAN_POINT('',(-2.05,0.597631419403,-0.06161055434625));
#7265=CARTESIAN_POINT('Origin',(-2.05,0.5758159816018,-0.2139549946701));
#7266=CARTESIAN_POINT('',(-2.05,0.597631419403,-0.06161055434625));
#7267=CARTESIAN_POINT('Origin',(-2.05,0.622031065927,-0.2491511980188));
#7268=CARTESIAN_POINT('',(-2.05,0.425,-0.2396289112719));
#7269=CARTESIAN_POINT('',(-2.05,0.7687946862083,-0.1173469695315));
#7270=CARTESIAN_POINT('',(-2.05,0.4752674456457,-0.3809554265061));
#7271=CARTESIAN_POINT('',(-2.05,0.425,-0.2396289112719));
#7272=CARTESIAN_POINT('',(-2.05,0.819062131854,-0.2586734847657));
#7273=CARTESIAN_POINT('',(-2.05,0.819062131854,-0.2586734847657));
#7274=CARTESIAN_POINT('',(-2.05,0.7687946862083,-0.1173469695315));
#7275=CARTESIAN_POINT('',(-2.05,0.9221647887498,-0.259613246878));
#7276=CARTESIAN_POINT('Origin',(-2.05,0.7598981040764,-0.1606119006121));
#7277=CARTESIAN_POINT('',(-2.05,0.865857935672325,-0.100020087834164));
#7278=CARTESIAN_POINT('',(-2.05,0.9434276088404,-0.1111279193813));
#7279=CARTESIAN_POINT('Origin',(-2.05,0.8693295774997,-0.4));
#7280=CARTESIAN_POINT('Origin',(-2.05,0.7598981040764,-0.1606119006121));
#7281=CARTESIAN_POINT('',(-2.05,0.9434276088404,-0.1111279193813));
#7282=CARTESIAN_POINT('',(-2.05,0.9434276088404,-0.1111279193813));
#7283=CARTESIAN_POINT('',(-2.05,0.858016020679385,-0.250427263740769));
#7284=CARTESIAN_POINT('',(-2.05,0.9221647887498,-0.259613246878));
#7285=CARTESIAN_POINT('',(-2.05,0.9221647887498,-0.259613246878));
#7286=CARTESIAN_POINT('Origin',(-2.05,0.871380326711,-0.1750093459104));
#7287=CARTESIAN_POINT('',(-2.05,0.9434276088404,-0.1111279193813));
#7288=CARTESIAN_POINT('Origin',(-2.05,0.8693295774997,-0.4));
#7289=CARTESIAN_POINT('Origin',(-2.05,0.871380326711,-0.1750093459104));
#7290=CARTESIAN_POINT('',(-2.05,0.9221647887498,-0.259613246878));
#7291=CARTESIAN_POINT('Origin',(-2.05,0.8693295774997,-0.4));
#7292=CARTESIAN_POINT('Origin',(-1.25,0.622031065927,-0.2491511980188));
#7293=CARTESIAN_POINT('Origin',(-1.25,0.4521235169373,-0.2046061230867));
#7294=CARTESIAN_POINT('',(-1.25,0.5750362858112,-0.210135280987));
#7295=CARTESIAN_POINT('Origin',(-1.25,0.5758159816018,-0.2139549946701));
#7296=CARTESIAN_POINT('',(-1.25,0.9221647887498,-0.259613246878));
#7297=CARTESIAN_POINT('',(-1.25,0.819062131854,-0.2586734847657));
#7298=CARTESIAN_POINT('',(-1.25,0.7687946862083,-0.1173469695315));
#7299=CARTESIAN_POINT('',(-1.25,0.4752674456457,-0.3809554265061));
#7300=CARTESIAN_POINT('',(-1.25,0.819062131854,-0.2586734847657));
#7301=CARTESIAN_POINT('',(-1.25,0.425,-0.2396289112719));
#7302=CARTESIAN_POINT('',(-1.25,0.425,-0.2396289112719));
#7303=CARTESIAN_POINT('',(-1.25,0.7687946862083,-0.1173469695315));
#7304=CARTESIAN_POINT('Origin',(-1.25,0.622031065927,-0.2491511980188));
#7305=CARTESIAN_POINT('',(-1.25,0.7687946862083,-0.1173469695315));
#7306=CARTESIAN_POINT('',(-1.25,0.5450362858112,-0.06316589641999));
#7307=CARTESIAN_POINT('Origin',(-1.25,0.622031065927,-0.2491511980188));
#7308=CARTESIAN_POINT('',(-1.25,0.7687946862083,-0.1173469695315));
#7309=CARTESIAN_POINT('',(-1.25,0.597631419403,-0.06161055434625));
#7310=CARTESIAN_POINT('Origin',(-1.25,0.7598981040764,-0.1606119006121));
#7311=CARTESIAN_POINT('',(-1.25,0.865857935672325,-0.100020087834164));
#7312=CARTESIAN_POINT('Origin',(-1.25,0.8693295774997,-0.4));
#7313=CARTESIAN_POINT('',(-1.25,0.597631419403,-0.06161055434625));
#7314=CARTESIAN_POINT('',(-1.25,0.9434276088404,-0.1111279193813));
#7315=CARTESIAN_POINT('',(-1.25,0.597631419403,-0.06161055434625));
#7316=CARTESIAN_POINT('Origin',(-1.25,0.871380326711,-0.1750093459104));
#7317=CARTESIAN_POINT('',(-1.25,0.9434276088404,-0.1111279193813));
#7318=CARTESIAN_POINT('Origin',(-1.25,0.8693295774997,-0.4));
#7319=CARTESIAN_POINT('Origin',(-1.25,0.9221647887498,-0.259613246878));
#7320=CARTESIAN_POINT('Origin',(-1.25,0.871380326711,-0.1750093459104));
#7321=CARTESIAN_POINT('',(-1.25,0.858016020679385,-0.250427263740769));
#7322=CARTESIAN_POINT('',(-1.25,0.9221647887498,-0.259613246878));
#7323=CARTESIAN_POINT('',(-1.25,0.7687946862083,-0.1173469695315));
#7324=CARTESIAN_POINT('Origin',(-1.25,0.8693295774997,-0.4));
#7325=CARTESIAN_POINT('',(-1.25,0.9434276088404,-0.1111279193813));
#7326=CARTESIAN_POINT('Origin',(-1.25,0.8693295774997,-0.4));
#7327=CARTESIAN_POINT('Origin',(-1.25,0.871380326711,-0.1750093459104));
#7328=CARTESIAN_POINT('Origin',(-1.25,0.8693295774997,-0.4));
#7329=CARTESIAN_POINT('Origin',(-2.5,0.1272941799314,-0.2690975747182));
#7330=CARTESIAN_POINT('',(-2.5,0.15,-0.1248834987255));
#7331=CARTESIAN_POINT('',(-2.5,0.2732456279373,-0.2724782261907));
#7332=CARTESIAN_POINT('Origin',(-2.5,0.3,-0.1248834987255));
#7333=CARTESIAN_POINT('',(-2.5,0.2464912558746,-0.420072953656));
#7334=CARTESIAN_POINT('',(-2.5,0.2464912558746,-0.420072953656));
#7335=CARTESIAN_POINT('Origin',(-2.5,0.3,-0.1248834987255));
#7336=CARTESIAN_POINT('Origin',(-0.8,0.1272941799314,-0.2690975747182));
#7337=CARTESIAN_POINT('',(-0.8,0.15,-0.1248834987255));
#7338=CARTESIAN_POINT('',(-0.8,0.2464912558746,-0.420072953656));
#7339=CARTESIAN_POINT('Origin',(-0.8,0.3,-0.1248834987255));
#7340=CARTESIAN_POINT('',(-0.8,0.2732456279373,-0.2724782261907));
#7341=CARTESIAN_POINT('',(-0.8,0.2464912558746,-0.420072953656));
#7342=CARTESIAN_POINT('Origin',(-0.8,0.3,-0.1248834987255));
#7343=CARTESIAN_POINT('Origin',(0.8,0.1272941799314,-0.2690975747182));
#7344=CARTESIAN_POINT('',(0.8,0.15,-0.1248834987255));
#7345=CARTESIAN_POINT('',(0.8,0.2732456279373,-0.2724782261907));
#7346=CARTESIAN_POINT('Origin',(0.8,0.3,-0.1248834987255));
#7347=CARTESIAN_POINT('',(0.8,0.2464912558746,-0.420072953656));
#7348=CARTESIAN_POINT('',(0.8,0.2464912558746,-0.420072953656));
#7349=CARTESIAN_POINT('Origin',(0.8,0.3,-0.1248834987255));
#7350=CARTESIAN_POINT('Origin',(2.5,0.075,-0.2624417493628));
#7351=CARTESIAN_POINT('Origin',(2.5,0.3,-0.1248834987255));
#7352=CARTESIAN_POINT('',(2.5,0.15,-0.4));
#7353=CARTESIAN_POINT('',(2.5,0.15,-0.1248834987255));
#7354=CARTESIAN_POINT('',(2.5,0.,-0.4));
#7355=CARTESIAN_POINT('',(2.5,0.15,-0.4));
#7356=CARTESIAN_POINT('',(2.5,0.,-0.1248834987255));
#7357=CARTESIAN_POINT('Origin',(-0.8,0.1272941799314,0.2690975747182));
#7358=CARTESIAN_POINT('',(-0.8,0.15,0.1248834987255));
#7359=CARTESIAN_POINT('',(-0.8,0.2732456279373,0.2724782261907));
#7360=CARTESIAN_POINT('Origin',(-0.8,0.3,0.1248834987255));
#7361=CARTESIAN_POINT('',(-0.8,0.2464912558746,0.420072953656));
#7362=CARTESIAN_POINT('',(-0.8,0.2464912558746,0.420072953656));
#7363=CARTESIAN_POINT('Origin',(-0.8,0.3,0.1248834987255));
#7364=CARTESIAN_POINT('Origin',(-2.5,0.075,0.2624417493628));
#7365=CARTESIAN_POINT('Origin',(-2.5,0.3,0.1248834987255));
#7366=CARTESIAN_POINT('',(-2.5,0.15,0.4));
#7367=CARTESIAN_POINT('',(-2.5,0.15,0.1248834987255));
#7368=CARTESIAN_POINT('',(-2.5,0.,0.4));
#7369=CARTESIAN_POINT('',(-2.5,0.15,0.4));
#7370=CARTESIAN_POINT('',(-2.5,0.,0.1248834987255));
#7371=CARTESIAN_POINT('Origin',(-2.05,0.622031065927,0.2491511980188));
#7372=CARTESIAN_POINT('Origin',(-2.05,0.4521235169373,0.2046061230866));
#7373=CARTESIAN_POINT('',(-2.05,0.5750362858112,0.2101352809869));
#7374=CARTESIAN_POINT('Origin',(-2.05,0.5758159816018,0.2139549946701));
#7375=CARTESIAN_POINT('',(-2.05,0.9221647887498,0.259613246878));
#7376=CARTESIAN_POINT('',(-2.05,0.819062131854,0.2586734847657));
#7377=CARTESIAN_POINT('',(-2.05,0.7687946862083,0.1173469695315));
#7378=CARTESIAN_POINT('',(-2.05,0.4752674456457,0.3809554265061));
#7379=CARTESIAN_POINT('',(-2.05,0.819062131854,0.2586734847657));
#7380=CARTESIAN_POINT('',(-2.05,0.425,0.2396289112719));
#7381=CARTESIAN_POINT('',(-2.05,0.425,0.2396289112719));
#7382=CARTESIAN_POINT('',(-2.05,0.7687946862083,0.1173469695315));
#7383=CARTESIAN_POINT('Origin',(-2.05,0.622031065927,0.2491511980188));
#7384=CARTESIAN_POINT('',(-2.05,0.7687946862083,0.1173469695315));
#7385=CARTESIAN_POINT('',(-2.05,0.5450362858112,0.06316589641993));
#7386=CARTESIAN_POINT('Origin',(-2.05,0.622031065927,0.2491511980188));
#7387=CARTESIAN_POINT('',(-2.05,0.7687946862083,0.1173469695315));
#7388=CARTESIAN_POINT('',(-2.05,0.597631419403,0.0616105543462));
#7389=CARTESIAN_POINT('Origin',(-2.05,0.7598981040764,0.1606119006121));
#7390=CARTESIAN_POINT('',(-2.05,0.865857935672375,0.100020087834164));
#7391=CARTESIAN_POINT('Origin',(-2.05,0.8693295774997,0.4));
#7392=CARTESIAN_POINT('',(-2.05,0.597631419403,0.0616105543462));
#7393=CARTESIAN_POINT('',(-2.05,0.9434276088404,0.1111279193813));
#7394=CARTESIAN_POINT('',(-2.05,0.597631419403,0.0616105543462));
#7395=CARTESIAN_POINT('Origin',(-2.05,0.871380326711,0.1750093459104));
#7396=CARTESIAN_POINT('',(-2.05,0.9434276088404,0.1111279193813));
#7397=CARTESIAN_POINT('Origin',(-2.05,0.8693295774997,0.4));
#7398=CARTESIAN_POINT('Origin',(-2.05,0.9221647887498,0.259613246878));
#7399=CARTESIAN_POINT('Origin',(-2.05,0.871380326711,0.1750093459104));
#7400=CARTESIAN_POINT('',(-2.05,0.858016020679414,0.250427263740767));
#7401=CARTESIAN_POINT('',(-2.05,0.9221647887498,0.259613246878));
#7402=CARTESIAN_POINT('',(-2.05,0.7687946862083,0.1173469695315));
#7403=CARTESIAN_POINT('Origin',(-2.05,0.8693295774997,0.4));
#7404=CARTESIAN_POINT('',(-2.05,0.9434276088404,0.1111279193813));
#7405=CARTESIAN_POINT('Origin',(-2.05,0.8693295774997,0.4));
#7406=CARTESIAN_POINT('Origin',(-2.05,0.871380326711,0.1750093459104));
#7407=CARTESIAN_POINT('Origin',(-2.05,0.8693295774997,0.4));
#7408=CARTESIAN_POINT('Origin',(-1.25,0.4868829629176,0.15158294821));
#7409=CARTESIAN_POINT('',(-1.25,0.7687946862083,0.1173469695315));
#7410=CARTESIAN_POINT('',(-1.25,0.4227296400239,0.2106061230866));
#7411=CARTESIAN_POINT('Origin',(-1.25,0.4521235169373,0.2046061230866));
#7412=CARTESIAN_POINT('',(-1.25,0.4047296400239,0.1224244923464));
#7413=CARTESIAN_POINT('',(-1.25,0.4047296400239,0.1224244923464));
#7414=CARTESIAN_POINT('',(-1.25,0.4281235169373,0.087030615433));
#7415=CARTESIAN_POINT('Origin',(-1.25,0.4341235169373,0.1164244923464));
#7416=CARTESIAN_POINT('',(-1.25,0.5450362858112,0.06316589641993));
#7417=CARTESIAN_POINT('',(-1.25,0.5450362858112,0.06316589641993));
#7418=CARTESIAN_POINT('',(-1.25,0.5450362858112,0.06316589641993));
#7419=CARTESIAN_POINT('Origin',(-1.25,0.5734838171258,0.1350909915384));
#7420=CARTESIAN_POINT('',(-1.25,0.7687946862083,0.1173469695315));
#7421=CARTESIAN_POINT('',(-1.25,0.597631419403,0.0616105543462));
#7422=CARTESIAN_POINT('Origin',(-1.25,0.5758159816018,0.2139549946701));
#7423=CARTESIAN_POINT('',(-1.25,0.597631419403,0.0616105543462));
#7424=CARTESIAN_POINT('Origin',(-1.25,0.622031065927,0.2491511980188));
#7425=CARTESIAN_POINT('',(-1.25,0.425,0.2396289112719));
#7426=CARTESIAN_POINT('',(-1.25,0.7687946862083,0.1173469695315));
#7427=CARTESIAN_POINT('',(-1.25,0.4752674456457,0.3809554265061));
#7428=CARTESIAN_POINT('',(-1.25,0.425,0.2396289112719));
#7429=CARTESIAN_POINT('',(-1.25,0.819062131854,0.2586734847657));
#7430=CARTESIAN_POINT('',(-1.25,0.819062131854,0.2586734847657));
#7431=CARTESIAN_POINT('',(-1.25,0.7687946862083,0.1173469695315));
#7432=CARTESIAN_POINT('',(-1.25,0.9221647887498,0.259613246878));
#7433=CARTESIAN_POINT('Origin',(-1.25,0.7598981040764,0.1606119006121));
#7434=CARTESIAN_POINT('',(-1.25,0.865857935672375,0.100020087834164));
#7435=CARTESIAN_POINT('Origin',(-1.25,0.8693295774997,0.4));
#7436=CARTESIAN_POINT('',(-1.25,0.9434276088404,0.1111279193813));
#7437=CARTESIAN_POINT('',(-1.25,0.9434276088404,0.1111279193813));
#7438=CARTESIAN_POINT('',(-1.25,0.858016020679414,0.250427263740767));
#7439=CARTESIAN_POINT('',(-1.25,0.9221647887498,0.259613246878));
#7440=CARTESIAN_POINT('',(-1.25,0.9221647887498,0.259613246878));
#7441=CARTESIAN_POINT('Origin',(-1.25,0.871380326711,0.1750093459104));
#7442=CARTESIAN_POINT('',(-1.25,0.9434276088404,0.1111279193813));
#7443=CARTESIAN_POINT('Origin',(-1.25,0.8693295774997,0.4));
#7444=CARTESIAN_POINT('Origin',(-1.25,0.871380326711,0.1750093459104));
#7445=CARTESIAN_POINT('',(-1.25,0.9221647887498,0.259613246878));
#7446=CARTESIAN_POINT('Origin',(-1.25,0.8693295774997,0.4));
#7447=CARTESIAN_POINT('Origin',(-2.5,1.062246185285,0.1702540915694));
#7448=CARTESIAN_POINT('',(-0.95,1.276458303893,0.3501270457847));
#7449=CARTESIAN_POINT('',(-0.8,1.161585349677,0.253668741892));
#7450=CARTESIAN_POINT('Origin',(-0.95,1.161585349677,0.253668741892));
#7451=CARTESIAN_POINT('',(-0.8,1.062246185285,0.1702540915694));
#7452=CARTESIAN_POINT('',(-0.8,1.062246185285,0.1702540915694));
#7453=CARTESIAN_POINT('',(-2.5,1.062246185285,0.1702540915694));
#7454=CARTESIAN_POINT('',(-2.5,1.062246185285,0.1702540915694));
#7455=CARTESIAN_POINT('',(-2.5,1.161585349677,0.253668741892));
#7456=CARTESIAN_POINT('',(-2.5,1.062246185285,0.1702540915694));
#7457=CARTESIAN_POINT('',(-2.35,1.276458303893,0.3501270457847));
#7458=CARTESIAN_POINT('Origin',(-2.35,1.161585349677,0.253668741892));
#7459=CARTESIAN_POINT('',(-2.35,1.276458303893,0.3501270457847));
#7460=CARTESIAN_POINT('Origin',(-0.95,2.783051437875,-1.677348));
#7461=CARTESIAN_POINT('',(-0.8,1.065127045785,0.3685416961073));
#7462=CARTESIAN_POINT('',(-0.95,1.18,0.465));
#7463=CARTESIAN_POINT('Origin',(-0.95,1.065127045785,0.3685416961073));
#7464=CARTESIAN_POINT('',(-0.8,1.161585349677,0.253668741892));
#7465=CARTESIAN_POINT('',(-0.95,1.276458303893,0.3501270457847));
#7466=CARTESIAN_POINT('Origin',(-2.5,0.9657878813923,0.2851270457847));
#7467=CARTESIAN_POINT('',(-2.35,1.18,0.465));
#7468=CARTESIAN_POINT('',(-2.35,1.18,0.465));
#7469=CARTESIAN_POINT('',(-2.5,1.065127045785,0.3685416961073));
#7470=CARTESIAN_POINT('Origin',(-2.35,1.065127045785,0.3685416961073));
#7471=CARTESIAN_POINT('',(-2.5,0.9657878813923,0.2851270457847));
#7472=CARTESIAN_POINT('',(-2.5,0.9657878813923,0.2851270457847));
#7473=CARTESIAN_POINT('',(-0.8,0.9657878813923,0.2851270457847));
#7474=CARTESIAN_POINT('',(-2.5,0.9657878813923,0.2851270457847));
#7475=CARTESIAN_POINT('',(-0.8,0.9657878813923,0.2851270457847));
#7476=CARTESIAN_POINT('Origin',(-0.8,1.121123092642,0.3176270457847));
#7477=CARTESIAN_POINT('',(-0.8,0.9657878813923,0.2851270457847));
#7478=CARTESIAN_POINT('Origin',(-0.8,0.9092517490382,0.1785700557295));
#7479=CARTESIAN_POINT('',(-0.8,0.819062131854,0.2586734847657));
#7480=CARTESIAN_POINT('Origin',(-0.8,0.8693295774997,0.4));
#7481=CARTESIAN_POINT('',(-0.8,0.7687946862083,0.1173469695315));
#7482=CARTESIAN_POINT('',(-0.8,0.819062131854,0.2586734847657));
#7483=CARTESIAN_POINT('Origin',(-0.8,0.8693295774997,0.4));
#7484=CARTESIAN_POINT('Origin',(-2.5,0.8693295774997,0.4));
#7485=CARTESIAN_POINT('',(-1.25,0.9221647887498,0.259613246878));
#7486=CARTESIAN_POINT('Origin',(-1.25,0.8693295774997,0.4));
#7487=CARTESIAN_POINT('',(-1.25,0.819062131854,0.2586734847657));
#7488=CARTESIAN_POINT('',(-2.5,0.819062131854,0.2586734847657));
#7489=CARTESIAN_POINT('Origin',(-2.5,0.8693295774997,0.4));
#7490=CARTESIAN_POINT('',(-2.5,0.819062131854,0.2586734847657));
#7491=CARTESIAN_POINT('Origin',(-1.25,0.9221647887498,0.259613246878));
#7492=CARTESIAN_POINT('',(-2.05,0.9221647887498,0.259613246878));
#7493=CARTESIAN_POINT('',(-2.05,0.9221647887498,0.259613246878));
#7494=CARTESIAN_POINT('',(-1.25,0.5763685993125,0.2100958818429));
#7495=CARTESIAN_POINT('Origin',(-1.25,0.7598981040764,0.1606119006121));
#7496=CARTESIAN_POINT('',(-1.25,0.9434276088404,0.1111279193813));
#7497=CARTESIAN_POINT('Origin',(-1.25,0.9434276088404,0.1111279193813));
#7498=CARTESIAN_POINT('',(-1.25,0.597631419403,0.0616105543462));
#7499=CARTESIAN_POINT('',(-2.05,0.9434276088404,0.1111279193813));
#7500=CARTESIAN_POINT('',(-1.25,0.9434276088404,0.1111279193813));
#7501=CARTESIAN_POINT('Origin',(-1.25,0.9221647887498,0.259613246878));
#7502=CARTESIAN_POINT('Origin',(-1.25,0.9221647887498,0.259613246878));
#7503=CARTESIAN_POINT('',(-1.25,0.975,0.1192264937559));
#7504=CARTESIAN_POINT('Origin',(-1.25,0.9407996102466,0.1869651675655));
#7505=CARTESIAN_POINT('Origin',(-1.25,0.871380326711,0.1750093459104));
#7506=CARTESIAN_POINT('Origin',(-1.25,0.8693295774997,0.4));
#7507=CARTESIAN_POINT('',(-1.25,0.7687946862083,0.1173469695315));
#7508=CARTESIAN_POINT('Origin',(-2.5,0.8693295774997,0.4));
#7509=CARTESIAN_POINT('',(-2.5,0.7687946862083,0.1173469695315));
#7510=CARTESIAN_POINT('',(-2.5,0.7687946862083,0.1173469695315));
#7511=CARTESIAN_POINT('Origin',(-2.5,0.8693295774997,0.4));
#7512=CARTESIAN_POINT('',(-1.25,0.7687946862083,0.1173469695315));
#7513=CARTESIAN_POINT('Origin',(-2.05,0.871380326711,0.1750093459104));
#7514=CARTESIAN_POINT('Origin',(-2.05,0.622031065927,0.2491511980188));
#7515=CARTESIAN_POINT('',(-2.05,0.7687946862083,0.1173469695315));
#7516=CARTESIAN_POINT('Origin',(-2.5,0.3502674456457,0.2662100139598));
#7517=CARTESIAN_POINT('',(-1.25,0.425,0.2396289112719));
#7518=CARTESIAN_POINT('',(-1.25,0.7687946862083,0.1173469695315));
#7519=CARTESIAN_POINT('',(-0.8,0.3502674456457,0.2662100139598));
#7520=CARTESIAN_POINT('',(-0.8,0.3502674456457,0.2662100139598));
#7521=CARTESIAN_POINT('',(-2.5,0.3502674456457,0.2662100139598));
#7522=CARTESIAN_POINT('',(-2.5,0.3502674456457,0.2662100139598));
#7523=CARTESIAN_POINT('',(-2.5,0.3502674456457,0.2662100139598));
#7524=CARTESIAN_POINT('Origin',(-2.5,0.5846647887498,0.2624417493628));
#7525=CARTESIAN_POINT('',(-2.5,0.4005348912913,0.4075365291941));
#7526=CARTESIAN_POINT('',(-2.5,0.4005348912913,0.4075365291941));
#7527=CARTESIAN_POINT('',(-2.5,0.819062131854,0.2586734847657));
#7528=CARTESIAN_POINT('',(-2.5,0.4005348912913,0.4075365291941));
#7529=CARTESIAN_POINT('Origin',(-2.5,0.4005348912913,0.4075365291941));
#7530=CARTESIAN_POINT('',(-0.8,0.4005348912913,0.4075365291941));
#7531=CARTESIAN_POINT('',(-2.5,0.4005348912913,0.4075365291941));
#7532=CARTESIAN_POINT('',(-0.8,0.4005348912913,0.4075365291941));
#7533=CARTESIAN_POINT('',(-1.25,0.4752674456457,0.3809554265061));
#7534=CARTESIAN_POINT('Origin',(-1.65,0.4501337228228,0.310292168889));
#7535=CARTESIAN_POINT('Origin',(-1.25,0.622031065927,0.2491511980188));
#7536=CARTESIAN_POINT('Origin',(-0.8,0.5846647887498,0.2624417493628));
#7537=CARTESIAN_POINT('',(-0.8,0.4005348912913,0.4075365291941));
#7538=CARTESIAN_POINT('Origin',(-0.8,0.3182506781124,0.3491420832846));
#7539=CARTESIAN_POINT('Origin',(-0.8,0.3,0.1248834987255));
#7540=CARTESIAN_POINT('Origin',(-0.8,0.3,0.1248834987255));
#7541=CARTESIAN_POINT('Origin',(-2.5,0.3,0.1248834987255));
#7542=CARTESIAN_POINT('',(-2.5,0.,0.1248834987255));
#7543=CARTESIAN_POINT('Origin',(-0.8,0.3,0.1248834987255));
#7544=CARTESIAN_POINT('',(-2.5,0.2464912558746,0.420072953656));
#7545=CARTESIAN_POINT('Origin',(-2.5,0.3,0.1248834987255));
#7546=CARTESIAN_POINT('Origin',(-2.5,0.3,0.1248834987255));
#7547=CARTESIAN_POINT('Origin',(-2.5,0.1272941799314,0.2690975747182));
#7548=CARTESIAN_POINT('',(-2.5,0.2732456279373,0.2724782261907));
#7549=CARTESIAN_POINT('',(-2.5,0.2464912558746,0.420072953656));
#7550=CARTESIAN_POINT('Origin',(-2.5,0.3,0.1248834987255));
#7551=CARTESIAN_POINT('Origin',(-2.5,0.075,0.2624417493628));
#7552=CARTESIAN_POINT('',(-2.5,0.15,0.1248834987255));
#7553=CARTESIAN_POINT('Origin',(3.25,0.15,-0.4));
#7554=CARTESIAN_POINT('',(2.5,0.15,-0.1248834987255));
#7555=CARTESIAN_POINT('',(0.8,0.15,-0.4));
#7556=CARTESIAN_POINT('',(0.8,0.15,-0.1248834987255));
#7557=CARTESIAN_POINT('',(-0.8,0.15,-0.4));
#7558=CARTESIAN_POINT('',(0.8,0.15,-0.4));
#7559=CARTESIAN_POINT('',(-0.8,0.15,-0.1248834987255));
#7560=CARTESIAN_POINT('',(-2.5,0.15,-0.1248834987255));
#7561=CARTESIAN_POINT('',(-2.5,0.15,-0.4));
#7562=CARTESIAN_POINT('',(-2.5,0.15,-0.1248834987255));
#7563=CARTESIAN_POINT('',(-3.25,0.15,-0.4));
#7564=CARTESIAN_POINT('',(-2.5,0.15,-0.4));
#7565=CARTESIAN_POINT('',(-3.25,0.15,0.4));
#7566=CARTESIAN_POINT('',(-3.25,0.15,-0.4));
#7567=CARTESIAN_POINT('',(-2.5,0.15,0.4));
#7568=CARTESIAN_POINT('',(-2.5,0.15,0.1248834987255));
#7569=CARTESIAN_POINT('',(-0.8,0.15,0.4));
#7570=CARTESIAN_POINT('',(-0.8,0.15,0.1248834987255));
#7571=CARTESIAN_POINT('',(0.8,0.15,0.4));
#7572=CARTESIAN_POINT('',(0.8,0.15,0.1248834987255));
#7573=CARTESIAN_POINT('',(2.5,0.15,0.1248834987255));
#7574=CARTESIAN_POINT('',(2.5,0.15,0.1248834987255));
#7575=CARTESIAN_POINT('',(3.25,0.15,0.4));
#7576=CARTESIAN_POINT('',(3.25,0.15,0.4));
#7577=CARTESIAN_POINT('',(3.25,0.15,-0.4));
#7578=CARTESIAN_POINT('',(3.25,0.15,-0.4));
#7579=CARTESIAN_POINT('',(3.25,0.15,-0.4));
#7580=CARTESIAN_POINT('',(2.5,0.15,-0.1248834987255));
#7581=CARTESIAN_POINT('Origin',(2.5,0.3,-0.1248834987255));
#7582=CARTESIAN_POINT('',(2.5,0.2732456279373,-0.2724782261907));
#7583=CARTESIAN_POINT('',(2.5,0.3502674456457,-0.2662100139598));
#7584=CARTESIAN_POINT('Origin',(2.5,0.3,-0.1248834987255));
#7585=CARTESIAN_POINT('',(0.8,0.3502674456457,-0.2662100139598));
#7586=CARTESIAN_POINT('',(2.5,0.3502674456457,-0.2662100139598));
#7587=CARTESIAN_POINT('Origin',(0.8,0.3,-0.1248834987255));
#7588=CARTESIAN_POINT('Origin',(2.5,0.3,-0.1248834987255));
#7589=CARTESIAN_POINT('Origin',(2.5,0.3182506781124,-0.3491420832846));
#7590=CARTESIAN_POINT('',(2.5,0.2464912558746,-0.420072953656));
#7591=CARTESIAN_POINT('',(2.5,0.4005348912913,-0.4075365291941));
#7592=CARTESIAN_POINT('Origin',(2.5,0.3,-0.1248834987255));
#7593=CARTESIAN_POINT('',(2.5,0.4005348912913,-0.4075365291941));
#7594=CARTESIAN_POINT('',(2.5,0.2464912558746,-0.420072953656));
#7595=CARTESIAN_POINT('Origin',(2.5,0.3,-0.1248834987255));
#7596=CARTESIAN_POINT('',(2.5,0.,-0.1248834987255));
#7597=CARTESIAN_POINT('Origin',(0.8,0.3,-0.1248834987255));
#7598=CARTESIAN_POINT('',(0.8,0.4005348912913,-0.4075365291941));
#7599=CARTESIAN_POINT('Origin',(0.8,0.3,-0.1248834987255));
#7600=CARTESIAN_POINT('',(2.5,0.4005348912913,-0.4075365291941));
#7601=CARTESIAN_POINT('Origin',(2.5,0.3,-0.1248834987255));
#7602=CARTESIAN_POINT('Origin',(2.5,0.1272941799314,-0.2690975747182));
#7603=CARTESIAN_POINT('Origin',(2.5,0.075,-0.2624417493628));
#7604=CARTESIAN_POINT('Origin',(3.25,0.,-0.4));
#7605=CARTESIAN_POINT('',(3.25,0.,-0.4));
#7606=CARTESIAN_POINT('',(3.25,0.,-0.4));
#7607=CARTESIAN_POINT('',(3.25,0.,0.4));
#7608=CARTESIAN_POINT('',(3.25,0.,-0.4));
#7609=CARTESIAN_POINT('',(3.25,0.,0.4));
#7610=CARTESIAN_POINT('',(2.5,0.,0.1248834987255));
#7611=CARTESIAN_POINT('',(-0.8,0.,0.4));
#7612=CARTESIAN_POINT('',(0.8,0.,0.4));
#7613=CARTESIAN_POINT('',(-0.8,0.,0.1248834987255));
#7614=CARTESIAN_POINT('',(-3.25,0.,0.4));
#7615=CARTESIAN_POINT('',(-2.5,0.,0.4));
#7616=CARTESIAN_POINT('',(-3.25,0.,-0.4));
#7617=CARTESIAN_POINT('',(-3.25,0.,-0.4));
#7618=CARTESIAN_POINT('',(-2.5,0.,-0.4));
#7619=CARTESIAN_POINT('',(-2.5,0.,-0.4));
#7620=CARTESIAN_POINT('',(-2.5,0.,-0.1248834987255));
#7621=CARTESIAN_POINT('',(-2.5,0.,-0.1248834987255));
#7622=CARTESIAN_POINT('',(-0.8,0.,-0.4));
#7623=CARTESIAN_POINT('',(-0.8,0.,-0.1248834987255));
#7624=CARTESIAN_POINT('',(0.8,0.,-0.4));
#7625=CARTESIAN_POINT('',(0.8,0.,-0.4));
#7626=CARTESIAN_POINT('',(0.8,0.,-0.1248834987255));
#7627=CARTESIAN_POINT('Origin',(0.8,0.075,-0.2624417493628));
#7628=CARTESIAN_POINT('',(0.8,0.15,-0.4));
#7629=CARTESIAN_POINT('Origin',(0.,0.075,-0.4));
#7630=CARTESIAN_POINT('',(-0.8,0.15,-0.4));
#7631=CARTESIAN_POINT('Origin',(0.,0.075,-0.4));
#7632=CARTESIAN_POINT('',(3.25,0.15,-0.4));
#7633=CARTESIAN_POINT('Origin',(-0.8,0.075,-0.2624417493628));
#7634=CARTESIAN_POINT('Origin',(-0.8,0.1272941799314,-0.2690975747182));
#7635=CARTESIAN_POINT('Origin',(-0.8,0.3,-0.1248834987255));
#7636=CARTESIAN_POINT('Origin',(-2.5,0.3,-0.1248834987255));
#7637=CARTESIAN_POINT('',(-2.5,0.4005348912913,-0.4075365291941));
#7638=CARTESIAN_POINT('Origin',(-2.5,0.3,-0.1248834987255));
#7639=CARTESIAN_POINT('',(-0.8,0.4005348912913,-0.4075365291941));
#7640=CARTESIAN_POINT('',(-2.5,0.4005348912913,-0.4075365291941));
#7641=CARTESIAN_POINT('Origin',(-0.8,0.3,-0.1248834987255));
#7642=CARTESIAN_POINT('Origin',(-2.5,0.3,-0.1248834987255));
#7643=CARTESIAN_POINT('Origin',(-2.5,0.3182506781124,-0.3491420832846));
#7644=CARTESIAN_POINT('',(-2.5,0.3502674456457,-0.2662100139598));
#7645=CARTESIAN_POINT('Origin',(-2.5,0.3,-0.1248834987255));
#7646=CARTESIAN_POINT('',(-2.5,0.4005348912913,-0.4075365291941));
#7647=CARTESIAN_POINT('Origin',(-2.5,0.5846647887498,-0.2624417493628));
#7648=CARTESIAN_POINT('',(-2.5,0.819062131854,-0.2586734847657));
#7649=CARTESIAN_POINT('',(-2.5,0.4005348912913,-0.4075365291941));
#7650=CARTESIAN_POINT('',(-2.5,0.7687946862083,-0.1173469695315));
#7651=CARTESIAN_POINT('',(-2.5,0.3502674456457,-0.2662100139598));
#7652=CARTESIAN_POINT('',(-2.5,0.819062131854,-0.2586734847657));
#7653=CARTESIAN_POINT('Origin',(-2.5,0.4005348912913,-0.4075365291941));
#7654=CARTESIAN_POINT('',(-1.25,0.4752674456457,-0.3809554265061));
#7655=CARTESIAN_POINT('',(-0.8,0.819062131854,-0.2586734847657));
#7656=CARTESIAN_POINT('',(-1.25,0.819062131854,-0.2586734847657));
#7657=CARTESIAN_POINT('',(-0.8,0.4005348912913,-0.4075365291941));
#7658=CARTESIAN_POINT('',(-2.5,0.819062131854,-0.2586734847657));
#7659=CARTESIAN_POINT('Origin',(-2.05,0.622031065927,-0.2491511980188));
#7660=CARTESIAN_POINT('',(-2.05,0.7687946862083,-0.1173469695315));
#7661=CARTESIAN_POINT('',(-2.05,0.7687946862083,-0.1173469695315));
#7662=CARTESIAN_POINT('Origin',(-2.5,0.3502674456457,-0.2662100139598));
#7663=CARTESIAN_POINT('',(-2.5,0.7687946862083,-0.1173469695315));
#7664=CARTESIAN_POINT('',(-0.8,0.3502674456457,-0.2662100139598));
#7665=CARTESIAN_POINT('',(-2.5,0.3502674456457,-0.2662100139598));
#7666=CARTESIAN_POINT('',(-0.8,0.7687946862083,-0.1173469695315));
#7667=CARTESIAN_POINT('',(-0.8,0.3502674456457,-0.2662100139598));
#7668=CARTESIAN_POINT('',(-1.25,0.7687946862083,-0.1173469695315));
#7669=CARTESIAN_POINT('',(-1.25,0.7687946862083,-0.1173469695315));
#7670=CARTESIAN_POINT('',(-1.25,0.425,-0.2396289112719));
#7671=CARTESIAN_POINT('Origin',(-1.65,0.4501337228228,-0.310292168889));
#7672=CARTESIAN_POINT('Origin',(-1.25,0.622031065927,-0.2491511980188));
#7673=CARTESIAN_POINT('Origin',(-1.25,0.871380326711,-0.1750093459104));
#7674=CARTESIAN_POINT('Origin',(-2.5,0.8693295774997,-0.4));
#7675=CARTESIAN_POINT('',(-2.05,0.975,-0.1192264937559));
#7676=CARTESIAN_POINT('',(-0.8,1.062246185285,-0.1702540915694));
#7677=CARTESIAN_POINT('Origin',(-0.8,0.8693295774997,-0.4));
#7678=CARTESIAN_POINT('',(-2.5,1.062246185285,-0.1702540915694));
#7679=CARTESIAN_POINT('',(-2.5,1.062246185285,-0.1702540915694));
#7680=CARTESIAN_POINT('Origin',(-2.5,0.8693295774997,-0.4));
#7681=CARTESIAN_POINT('Origin',(-2.05,0.8693295774997,-0.4));
#7682=CARTESIAN_POINT('Origin',(-2.05,0.871380326711,-0.1750093459104));
#7683=CARTESIAN_POINT('Origin',(-2.05,0.8693295774997,-0.4));
#7684=CARTESIAN_POINT('Origin',(-2.05,0.9407996102466,-0.1869651675655));
#7685=CARTESIAN_POINT('Origin',(-2.05,0.9221647887498,-0.259613246878));
#7686=CARTESIAN_POINT('Origin',(-2.05,0.9221647887498,-0.259613246878));
#7687=CARTESIAN_POINT('',(-2.05,0.9434276088404,-0.1111279193813));
#7688=CARTESIAN_POINT('Origin',(-1.25,0.7598981040764,-0.1606119006121));
#7689=CARTESIAN_POINT('',(-1.25,0.9221647887498,-0.259613246878));
#7690=CARTESIAN_POINT('',(-1.25,0.9221647887498,-0.259613246878));
#7691=CARTESIAN_POINT('',(-1.25,0.9434276088404,-0.1111279193813));
#7692=CARTESIAN_POINT('Origin',(-2.05,0.9434276088404,-0.1111279193813));
#7693=CARTESIAN_POINT('',(-2.05,0.597631419403,-0.06161055434625));
#7694=CARTESIAN_POINT('Origin',(-2.05,0.5734838171258,-0.1350909915384));
#7695=CARTESIAN_POINT('Origin',(-2.05,0.5758159816018,-0.2139549946701));
#7696=CARTESIAN_POINT('',(-2.05,0.5450362858112,-0.06316589641999));
#7697=CARTESIAN_POINT('Origin',(-2.05,0.5758159816018,-0.2139549946701));
#7698=CARTESIAN_POINT('',(-1.25,0.5450362858112,-0.06316589641999));
#7699=CARTESIAN_POINT('',(-2.05,0.5450362858112,-0.06316589641999));
#7700=CARTESIAN_POINT('Origin',(-1.25,0.5758159816018,-0.2139549946701));
#7701=CARTESIAN_POINT('Origin',(-1.25,0.5734838171258,-0.1350909915384));
#7702=CARTESIAN_POINT('',(-1.25,0.5450362858112,-0.06316589641999));
#7703=CARTESIAN_POINT('Origin',(-2.05,0.5758159816018,-0.2139549946701));
#7704=CARTESIAN_POINT('',(-2.05,0.5763685993125,-0.2100958818429));
#7705=CARTESIAN_POINT('',(-2.05,0.5750362858112,-0.210135280987));
#7706=CARTESIAN_POINT('Origin',(-2.05,0.5750362858112,-0.210135280987));
#7707=CARTESIAN_POINT('',(-2.05,0.4581235169373,-0.2340000000001));
#7708=CARTESIAN_POINT('',(-2.05,0.5750362858112,-0.210135280987));
#7709=CARTESIAN_POINT('Origin',(-11.7234,0.4521235169373,-0.2046061230867));
#7710=CARTESIAN_POINT('',(-1.25,0.4227296400239,-0.2106061230867));
#7711=CARTESIAN_POINT('Origin',(-1.25,0.4521235169373,-0.2046061230867));
#7712=CARTESIAN_POINT('',(-2.05,0.4227296400239,-0.2106061230867));
#7713=CARTESIAN_POINT('Origin',(-2.05,0.4521235169373,-0.2046061230867));
#7714=CARTESIAN_POINT('Origin',(-1.25,0.4868829629175,-0.15158294821));
#7715=CARTESIAN_POINT('',(-1.25,0.4281235169373,-0.08703061543306));
#7716=CARTESIAN_POINT('',(-1.25,0.5450362858112,-0.06316589641999));
#7717=CARTESIAN_POINT('',(-1.25,0.4047296400239,-0.1224244923465));
#7718=CARTESIAN_POINT('Origin',(-1.25,0.4341235169373,-0.1164244923465));
#7719=CARTESIAN_POINT('',(-1.25,0.4047296400239,-0.1224244923465));
#7720=CARTESIAN_POINT('Origin',(-1.65,0.4137296400239,-0.1665153077166));
#7721=CARTESIAN_POINT('',(-1.25,0.4047296400239,-0.1224244923465));
#7722=CARTESIAN_POINT('Origin',(-2.05,0.4868829629175,-0.15158294821));
#7723=CARTESIAN_POINT('Origin',(-2.05,0.5450362858112,-0.06316589641999));
#7724=CARTESIAN_POINT('',(-1.25,0.4281235169373,-0.08703061543306));
#7725=CARTESIAN_POINT('Origin',(9.589669176806,0.4341235169373,-0.1164244923465));
#7726=CARTESIAN_POINT('Origin',(-2.05,0.9221647887498,-0.259613246878));
#7727=CARTESIAN_POINT('',(-2.05,0.9221647887498,-0.259613246878));
#7728=CARTESIAN_POINT('Origin',(-2.5,0.8693295774997,-0.4));
#7729=CARTESIAN_POINT('',(-2.5,0.9657878813923,-0.2851270457847));
#7730=CARTESIAN_POINT('Origin',(-2.5,0.8693295774997,-0.4));
#7731=CARTESIAN_POINT('',(-0.8,0.9657878813923,-0.2851270457847));
#7732=CARTESIAN_POINT('',(-2.5,0.9657878813923,-0.2851270457847));
#7733=CARTESIAN_POINT('Origin',(-0.8,0.8693295774997,-0.4));
#7734=CARTESIAN_POINT('Origin',(-0.8,0.9092517490382,-0.1785700557295));
#7735=CARTESIAN_POINT('',(-0.8,0.9657878813923,-0.2851270457847));
#7736=CARTESIAN_POINT('',(-0.8,0.819062131854,-0.2586734847657));
#7737=CARTESIAN_POINT('Origin',(-0.8,0.5846647887498,-0.2624417493628));
#7738=CARTESIAN_POINT('',(-0.8,0.4005348912913,-0.4075365291941));
#7739=CARTESIAN_POINT('Origin',(-0.8,0.3182506781124,-0.3491420832846));
#7740=CARTESIAN_POINT('Origin',(-0.8,0.3,-0.1248834987255));
#7741=CARTESIAN_POINT('Origin',(-2.5,0.3,-0.1248834987255));
#7742=CARTESIAN_POINT('Origin',(-2.5,0.1272941799314,-0.2690975747182));
#7743=CARTESIAN_POINT('Origin',(-2.5,0.075,-0.2624417493628));
#7744=CARTESIAN_POINT('',(-2.5,0.15,-0.4));
#7745=CARTESIAN_POINT('Origin',(0.,0.075,-0.4));
#7746=CARTESIAN_POINT('',(-3.25,0.15,-0.4));
#7747=CARTESIAN_POINT('Origin',(-3.25,0.075,0.));
#7748=CARTESIAN_POINT('',(-3.25,0.15,0.4));
#7749=CARTESIAN_POINT('Origin',(0.,0.075,0.4));
#7750=CARTESIAN_POINT('Origin',(-0.8,1.121123092642,-0.3176270457847));
#7751=CARTESIAN_POINT('',(-0.8,1.161585349677,-0.253668741892));
#7752=CARTESIAN_POINT('',(-0.8,1.065127045785,-0.3685416961073));
#7753=CARTESIAN_POINT('',(-0.8,1.161585349677,-0.253668741892));
#7754=CARTESIAN_POINT('',(-0.8,1.062246185285,-0.1702540915694));
#7755=CARTESIAN_POINT('',(-0.8,0.9657878813923,-0.2851270457847));
#7756=CARTESIAN_POINT('Origin',(-0.95,2.783051437875,1.677348));
#7757=CARTESIAN_POINT('',(-0.95,1.18,-0.465));
#7758=CARTESIAN_POINT('Origin',(-0.95,1.065127045785,-0.3685416961073));
#7759=CARTESIAN_POINT('',(-0.95,1.276458303893,-0.3501270457847));
#7760=CARTESIAN_POINT('',(-0.95,1.276458303893,-0.3501270457847));
#7761=CARTESIAN_POINT('Origin',(-0.95,1.161585349677,-0.253668741892));
#7762=CARTESIAN_POINT('Origin',(-2.5,0.9657878813923,-0.2851270457847));
#7763=CARTESIAN_POINT('',(-2.5,1.065127045785,-0.3685416961074));
#7764=CARTESIAN_POINT('',(-2.5,0.9657878813923,-0.2851270457847));
#7765=CARTESIAN_POINT('',(-2.35,1.18,-0.465));
#7766=CARTESIAN_POINT('Origin',(-2.35,1.065127045785,-0.3685416961073));
#7767=CARTESIAN_POINT('',(-2.35,1.18,-0.465));
#7768=CARTESIAN_POINT('Origin',(-1.65,1.228229151946,-0.4075635228923));
#7769=CARTESIAN_POINT('',(-2.35,1.276458303893,-0.3501270457847));
#7770=CARTESIAN_POINT('',(-2.35,1.276458303893,-0.3501270457847));
#7771=CARTESIAN_POINT('',(-2.35,1.276458303893,-0.3501270457847));
#7772=CARTESIAN_POINT('Origin',(-2.5,1.062246185285,-0.1702540915694));
#7773=CARTESIAN_POINT('',(-2.5,1.161585349677,-0.253668741892));
#7774=CARTESIAN_POINT('Origin',(-2.35,1.161585349677,-0.253668741892));
#7775=CARTESIAN_POINT('',(-2.5,1.062246185285,-0.1702540915694));
#7776=CARTESIAN_POINT('Origin',(-2.5,1.121123092642,-0.3176270457847));
#7777=CARTESIAN_POINT('',(-2.5,1.161585349677,-0.253668741892));
#7778=CARTESIAN_POINT('',(-2.5,0.9657878813923,-0.2851270457847));
#7779=CARTESIAN_POINT('Origin',(-2.35,2.783051437875,1.677348));
#7780=CARTESIAN_POINT('Origin',(-2.5,0.9092517490382,-0.1785700557295));
#7781=CARTESIAN_POINT('Origin',(3.25,0.075,0.));
#7782=CARTESIAN_POINT('',(3.25,0.15,0.4));
#7783=CARTESIAN_POINT('Origin',(0.,0.075,0.4));
#7784=CARTESIAN_POINT('Origin',(0.,0.075,0.4));
#7785=CARTESIAN_POINT('',(-0.8,0.15,0.4));
#7786=CARTESIAN_POINT('Origin',(2.5,0.075,0.2624417493628));
#7787=CARTESIAN_POINT('Origin',(2.5,0.1272941799314,0.2690975747182));
#7788=CARTESIAN_POINT('',(2.5,0.2732456279373,0.2724782261907));
#7789=CARTESIAN_POINT('Origin',(2.5,0.3,0.1248834987255));
#7790=CARTESIAN_POINT('',(2.5,0.2464912558746,0.420072953656));
#7791=CARTESIAN_POINT('',(2.5,0.2464912558746,0.420072953656));
#7792=CARTESIAN_POINT('Origin',(2.5,0.3,0.1248834987255));
#7793=CARTESIAN_POINT('Origin',(2.5,0.3,0.1248834987255));
#7794=CARTESIAN_POINT('',(2.5,0.4005348912913,0.4075365291941));
#7795=CARTESIAN_POINT('Origin',(2.5,0.3,0.1248834987255));
#7796=CARTESIAN_POINT('',(0.8,0.4005348912913,0.4075365291941));
#7797=CARTESIAN_POINT('',(2.5,0.4005348912913,0.4075365291941));
#7798=CARTESIAN_POINT('',(0.8,0.2464912558746,0.420072953656));
#7799=CARTESIAN_POINT('Origin',(0.8,0.3,0.1248834987255));
#7800=CARTESIAN_POINT('Origin',(0.8,0.3,0.1248834987255));
#7801=CARTESIAN_POINT('Origin',(2.5,0.3182506781124,0.3491420832846));
#7802=CARTESIAN_POINT('',(2.5,0.3502674456457,0.2662100139598));
#7803=CARTESIAN_POINT('Origin',(2.5,0.3,0.1248834987255));
#7804=CARTESIAN_POINT('',(2.5,0.4005348912913,0.4075365291941));
#7805=CARTESIAN_POINT('Origin',(2.5,0.5846647887498,0.2624417493628));
#7806=CARTESIAN_POINT('',(2.5,0.819062131854,0.2586734847657));
#7807=CARTESIAN_POINT('',(2.5,0.4005348912913,0.4075365291941));
#7808=CARTESIAN_POINT('',(2.5,0.7687946862083,0.1173469695315));
#7809=CARTESIAN_POINT('',(2.5,0.3502674456457,0.2662100139598));
#7810=CARTESIAN_POINT('',(2.5,0.819062131854,0.2586734847657));
#7811=CARTESIAN_POINT('Origin',(2.5,0.4005348912913,0.4075365291941));
#7812=CARTESIAN_POINT('',(1.25,0.4752674456457,0.3809554265061));
#7813=CARTESIAN_POINT('',(0.8,0.819062131854,0.2586734847657));
#7814=CARTESIAN_POINT('',(1.25,0.819062131854,0.2586734847657));
#7815=CARTESIAN_POINT('',(0.8,0.4005348912913,0.4075365291941));
#7816=CARTESIAN_POINT('',(2.5,0.819062131854,0.2586734847657));
#7817=CARTESIAN_POINT('Origin',(2.05,0.622031065927,0.2491511980188));
#7818=CARTESIAN_POINT('',(2.05,0.7687946862083,0.1173469695315));
#7819=CARTESIAN_POINT('',(2.05,0.7687946862083,0.1173469695315));
#7820=CARTESIAN_POINT('Origin',(2.5,0.3502674456457,0.2662100139598));
#7821=CARTESIAN_POINT('',(2.5,0.7687946862083,0.1173469695315));
#7822=CARTESIAN_POINT('',(0.8,0.3502674456457,0.2662100139598));
#7823=CARTESIAN_POINT('',(2.5,0.3502674456457,0.2662100139598));
#7824=CARTESIAN_POINT('',(0.8,0.7687946862083,0.1173469695315));
#7825=CARTESIAN_POINT('',(0.8,0.3502674456457,0.2662100139598));
#7826=CARTESIAN_POINT('',(1.25,0.7687946862083,0.1173469695315));
#7827=CARTESIAN_POINT('',(1.25,0.7687946862083,0.1173469695315));
#7828=CARTESIAN_POINT('',(1.25,0.425,0.2396289112719));
#7829=CARTESIAN_POINT('Origin',(1.65,0.4501337228228,0.310292168889));
#7830=CARTESIAN_POINT('Origin',(1.25,0.622031065927,0.2491511980188));
#7831=CARTESIAN_POINT('Origin',(1.25,0.871380326711,0.1750093459104));
#7832=CARTESIAN_POINT('Origin',(2.5,0.8693295774997,0.4));
#7833=CARTESIAN_POINT('',(2.05,0.975,0.1192264937559));
#7834=CARTESIAN_POINT('',(0.8,1.062246185285,0.1702540915694));
#7835=CARTESIAN_POINT('Origin',(0.8,0.8693295774997,0.4));
#7836=CARTESIAN_POINT('',(2.5,1.062246185285,0.1702540915694));
#7837=CARTESIAN_POINT('',(2.5,1.062246185285,0.1702540915694));
#7838=CARTESIAN_POINT('Origin',(2.5,0.8693295774997,0.4));
#7839=CARTESIAN_POINT('Origin',(2.05,0.8693295774997,0.4));
#7840=CARTESIAN_POINT('Origin',(2.05,0.871380326711,0.1750093459104));
#7841=CARTESIAN_POINT('Origin',(2.05,0.8693295774997,0.4));
#7842=CARTESIAN_POINT('Origin',(2.05,0.9407996102466,0.1869651675655));
#7843=CARTESIAN_POINT('Origin',(2.05,0.9221647887498,0.259613246878));
#7844=CARTESIAN_POINT('Origin',(2.05,0.9221647887498,0.259613246878));
#7845=CARTESIAN_POINT('',(2.05,0.9434276088404,0.1111279193813));
#7846=CARTESIAN_POINT('Origin',(1.25,0.7598981040765,0.160611900612));
#7847=CARTESIAN_POINT('',(1.25,0.9221647887498,0.259613246878));
#7848=CARTESIAN_POINT('',(1.25,0.9221647887498,0.259613246878));
#7849=CARTESIAN_POINT('',(1.25,0.9434276088404,0.1111279193813));
#7850=CARTESIAN_POINT('Origin',(2.05,0.9434276088404,0.1111279193813));
#7851=CARTESIAN_POINT('',(2.05,0.5976314194031,0.06161055434614));
#7852=CARTESIAN_POINT('Origin',(2.05,0.5734838171258,0.1350909915383));
#7853=CARTESIAN_POINT('Origin',(2.05,0.5758159816018,0.21395499467));
#7854=CARTESIAN_POINT('',(2.05,0.5450362858112,0.06316589641987));
#7855=CARTESIAN_POINT('Origin',(2.05,0.5758159816018,0.21395499467));
#7856=CARTESIAN_POINT('',(1.25,0.5450362858112,0.06316589641987));
#7857=CARTESIAN_POINT('',(2.05,0.5450362858112,0.06316589641987));
#7858=CARTESIAN_POINT('Origin',(1.25,0.5758159816018,0.21395499467));
#7859=CARTESIAN_POINT('Origin',(1.25,0.5734838171258,0.1350909915383));
#7860=CARTESIAN_POINT('',(1.25,0.5450362858112,0.06316589641987));
#7861=CARTESIAN_POINT('Origin',(2.05,0.5758159816018,0.21395499467));
#7862=CARTESIAN_POINT('',(2.05,0.5763685993125,0.2100958818428));
#7863=CARTESIAN_POINT('',(2.05,0.5750362858112,0.2101352809869));
#7864=CARTESIAN_POINT('Origin',(2.05,0.5750362858112,0.2101352809869));
#7865=CARTESIAN_POINT('',(2.05,0.4581235169373,0.234));
#7866=CARTESIAN_POINT('',(2.05,0.5750362858112,0.2101352809869));
#7867=CARTESIAN_POINT('Origin',(11.7234,0.4521235169373,0.2046061230866));
#7868=CARTESIAN_POINT('',(1.25,0.4227296400239,0.2106061230866));
#7869=CARTESIAN_POINT('Origin',(1.25,0.4521235169373,0.2046061230866));
#7870=CARTESIAN_POINT('',(2.05,0.4227296400239,0.2106061230866));
#7871=CARTESIAN_POINT('Origin',(2.05,0.4521235169373,0.2046061230866));
#7872=CARTESIAN_POINT('Origin',(1.25,0.4868829629175,0.1515829482099));
#7873=CARTESIAN_POINT('',(1.25,0.4281235169373,0.08703061543298));
#7874=CARTESIAN_POINT('',(1.25,0.5450362858112,0.06316589641987));
#7875=CARTESIAN_POINT('',(1.25,0.4047296400239,0.1224244923464));
#7876=CARTESIAN_POINT('Origin',(1.25,0.4341235169373,0.1164244923464));
#7877=CARTESIAN_POINT('',(1.25,0.4047296400239,0.1224244923464));
#7878=CARTESIAN_POINT('Origin',(-9.510820638515,0.4341235169373,0.1164244923464));
#7879=CARTESIAN_POINT('',(1.25,0.4047296400239,0.1224244923464));
#7880=CARTESIAN_POINT('',(1.25,0.4281235169373,0.08703061543298));
#7881=CARTESIAN_POINT('Origin',(2.05,0.4868829629175,0.1515829482099));
#7882=CARTESIAN_POINT('Origin',(1.65,0.4137296400239,0.1665153077165));
#7883=CARTESIAN_POINT('Origin',(2.05,0.5450362858112,0.06316589641987));
#7884=CARTESIAN_POINT('Origin',(2.05,0.9221647887498,0.259613246878));
#7885=CARTESIAN_POINT('',(2.05,0.9221647887498,0.259613246878));
#7886=CARTESIAN_POINT('Origin',(2.5,0.8693295774997,0.4));
#7887=CARTESIAN_POINT('',(2.5,0.9657878813923,0.2851270457847));
#7888=CARTESIAN_POINT('Origin',(2.5,0.8693295774997,0.4));
#7889=CARTESIAN_POINT('',(0.8,0.9657878813923,0.2851270457847));
#7890=CARTESIAN_POINT('',(2.5,0.9657878813923,0.2851270457847));
#7891=CARTESIAN_POINT('Origin',(0.8,0.8693295774997,0.4));
#7892=CARTESIAN_POINT('Origin',(0.8,0.9092517490382,0.1785700557295));
#7893=CARTESIAN_POINT('',(0.8,0.9657878813923,0.2851270457847));
#7894=CARTESIAN_POINT('',(0.8,0.819062131854,0.2586734847657));
#7895=CARTESIAN_POINT('Origin',(0.8,0.5846647887498,0.2624417493628));
#7896=CARTESIAN_POINT('',(0.8,0.4005348912913,0.4075365291941));
#7897=CARTESIAN_POINT('Origin',(0.8,0.3182506781124,0.3491420832846));
#7898=CARTESIAN_POINT('',(0.8,0.2732456279373,0.2724782261907));
#7899=CARTESIAN_POINT('Origin',(0.8,0.3,0.1248834987255));
#7900=CARTESIAN_POINT('',(0.8,0.2464912558746,0.420072953656));
#7901=CARTESIAN_POINT('Origin',(0.8,0.1272941799314,0.2690975747182));
#7902=CARTESIAN_POINT('Origin',(0.8,0.3,0.1248834987255));
#7903=CARTESIAN_POINT('Origin',(0.8,0.075,0.2624417493628));
#7904=CARTESIAN_POINT('Origin',(2.5,0.3,0.1248834987255));
#7905=CARTESIAN_POINT('Origin',(0.8,1.121123092642,0.3176270457847));
#7906=CARTESIAN_POINT('',(0.8,1.161585349677,0.253668741892));
#7907=CARTESIAN_POINT('',(0.8,1.065127045785,0.3685416961073));
#7908=CARTESIAN_POINT('',(0.8,1.161585349677,0.253668741892));
#7909=CARTESIAN_POINT('',(0.8,1.062246185285,0.1702540915694));
#7910=CARTESIAN_POINT('',(0.8,0.9657878813923,0.2851270457847));
#7911=CARTESIAN_POINT('Origin',(0.95,2.783051437875,-1.677348));
#7912=CARTESIAN_POINT('',(0.95,1.18,0.465));
#7913=CARTESIAN_POINT('Origin',(0.95,1.065127045785,0.3685416961073));
#7914=CARTESIAN_POINT('',(0.95,1.276458303893,0.3501270457847));
#7915=CARTESIAN_POINT('',(0.95,1.276458303893,0.3501270457847));
#7916=CARTESIAN_POINT('Origin',(0.95,1.161585349677,0.253668741892));
#7917=CARTESIAN_POINT('Origin',(2.5,0.9657878813923,0.2851270457847));
#7918=CARTESIAN_POINT('',(2.5,1.065127045785,0.3685416961074));
#7919=CARTESIAN_POINT('',(2.35,1.18,0.465));
#7920=CARTESIAN_POINT('Origin',(2.35,1.065127045785,0.3685416961073));
#7921=CARTESIAN_POINT('',(2.35,1.18,0.465));
#7922=CARTESIAN_POINT('',(2.5,0.9657878813923,0.2851270457847));
#7923=CARTESIAN_POINT('Origin',(2.35,2.783051437875,-1.677348));
#7924=CARTESIAN_POINT('',(2.5,1.161585349677,0.253668741892));
#7925=CARTESIAN_POINT('',(2.5,1.161585349677,0.253668741892));
#7926=CARTESIAN_POINT('',(2.35,1.276458303893,0.3501270457847));
#7927=CARTESIAN_POINT('Origin',(2.35,1.161585349677,0.253668741892));
#7928=CARTESIAN_POINT('',(2.35,1.276458303893,0.3501270457847));
#7929=CARTESIAN_POINT('Origin',(1.65,1.228229151946,0.4075635228923));
#7930=CARTESIAN_POINT('',(2.35,1.276458303893,0.3501270457847));
#7931=CARTESIAN_POINT('Origin',(2.5,1.062246185285,0.1702540915694));
#7932=CARTESIAN_POINT('',(2.5,1.062246185285,0.1702540915694));
#7933=CARTESIAN_POINT('Origin',(2.5,1.121123092642,0.3176270457847));
#7934=CARTESIAN_POINT('',(2.5,0.9657878813923,0.2851270457847));
#7935=CARTESIAN_POINT('Origin',(2.5,0.9092517490382,0.1785700557295));
#7936=CARTESIAN_POINT('Origin',(-0.8,0.075,0.2624417493628));
#7937=CARTESIAN_POINT('Origin',(-0.8,0.1272941799314,0.2690975747182));
#7938=CARTESIAN_POINT('Origin',(-2.5,0.3,0.1248834987255));
#7939=CARTESIAN_POINT('Origin',(-2.5,0.3,0.1248834987255));
#7940=CARTESIAN_POINT('Origin',(-2.5,0.3182506781124,0.3491420832846));
#7941=CARTESIAN_POINT('Origin',(0.8,0.1272941799314,-0.2690975747182));
#7942=CARTESIAN_POINT('Origin',(0.8,0.3182506781124,-0.3491420832846));
#7943=CARTESIAN_POINT('',(0.8,0.4005348912913,-0.4075365291941));
#7944=CARTESIAN_POINT('Origin',(0.8,0.5846647887498,-0.2624417493628));
#7945=CARTESIAN_POINT('',(0.8,0.819062131854,-0.2586734847657));
#7946=CARTESIAN_POINT('',(0.8,0.4005348912913,-0.4075365291941));
#7947=CARTESIAN_POINT('',(0.8,0.7687946862083,-0.1173469695315));
#7948=CARTESIAN_POINT('',(0.8,0.3502674456457,-0.2662100139598));
#7949=CARTESIAN_POINT('',(0.8,0.819062131854,-0.2586734847657));
#7950=CARTESIAN_POINT('Origin',(2.5,0.4005348912913,-0.4075365291941));
#7951=CARTESIAN_POINT('',(2.5,0.819062131854,-0.2586734847657));
#7952=CARTESIAN_POINT('',(2.5,0.819062131854,-0.2586734847657));
#7953=CARTESIAN_POINT('',(2.5,0.4005348912913,-0.4075365291941));
#7954=CARTESIAN_POINT('',(1.25,0.819062131854,-0.2586734847657));
#7955=CARTESIAN_POINT('',(1.25,0.4752674456457,-0.3809554265061));
#7956=CARTESIAN_POINT('Origin',(2.05,0.622031065927,-0.2491511980188));
#7957=CARTESIAN_POINT('',(2.05,0.7687946862083,-0.1173469695315));
#7958=CARTESIAN_POINT('Origin',(2.5,0.3502674456457,-0.2662100139598));
#7959=CARTESIAN_POINT('',(1.25,0.425,-0.2396289112719));
#7960=CARTESIAN_POINT('',(1.25,0.7687946862083,-0.1173469695315));
#7961=CARTESIAN_POINT('',(1.25,0.7687946862083,-0.1173469695315));
#7962=CARTESIAN_POINT('',(2.5,0.7687946862083,-0.1173469695315));
#7963=CARTESIAN_POINT('',(2.5,0.3502674456457,-0.2662100139598));
#7964=CARTESIAN_POINT('',(2.5,0.7687946862083,-0.1173469695315));
#7965=CARTESIAN_POINT('Origin',(2.5,0.8693295774997,-0.4));
#7966=CARTESIAN_POINT('',(2.5,1.062246185285,-0.1702540915694));
#7967=CARTESIAN_POINT('Origin',(2.5,0.8693295774997,-0.4));
#7968=CARTESIAN_POINT('',(0.8,1.062246185285,-0.1702540915694));
#7969=CARTESIAN_POINT('',(2.5,1.062246185285,-0.1702540915694));
#7970=CARTESIAN_POINT('Origin',(0.8,0.8693295774997,-0.4));
#7971=CARTESIAN_POINT('Origin',(1.25,0.8693295774997,-0.4));
#7972=CARTESIAN_POINT('',(1.25,0.975,-0.1192264937559));
#7973=CARTESIAN_POINT('Origin',(2.05,0.871380326711,-0.1750093459104));
#7974=CARTESIAN_POINT('Origin',(2.5,0.8693295774997,-0.4));
#7975=CARTESIAN_POINT('',(1.25,0.9221647887498,-0.259613246878));
#7976=CARTESIAN_POINT('Origin',(1.25,0.8693295774997,-0.4));
#7977=CARTESIAN_POINT('',(0.8,0.9657878813923,-0.2851270457847));
#7978=CARTESIAN_POINT('Origin',(0.8,0.8693295774997,-0.4));
#7979=CARTESIAN_POINT('',(2.5,0.9657878813923,-0.2851270457847));
#7980=CARTESIAN_POINT('',(2.5,0.9657878813923,-0.2851270457847));
#7981=CARTESIAN_POINT('Origin',(2.5,0.8693295774997,-0.4));
#7982=CARTESIAN_POINT('Origin',(1.25,0.9221647887498,-0.259613246878));
#7983=CARTESIAN_POINT('',(2.05,0.9221647887498,-0.259613246878));
#7984=CARTESIAN_POINT('',(2.05,0.9221647887498,-0.259613246878));
#7985=CARTESIAN_POINT('',(1.25,0.5763685993125,-0.2100958818429));
#7986=CARTESIAN_POINT('Origin',(1.25,0.7598981040764,-0.1606119006121));
#7987=CARTESIAN_POINT('',(1.25,0.9434276088404,-0.1111279193813));
#7988=CARTESIAN_POINT('Origin',(1.25,0.9434276088404,-0.1111279193813));
#7989=CARTESIAN_POINT('',(1.25,0.5976314194031,-0.06161055434618));
#7990=CARTESIAN_POINT('',(2.05,0.9434276088404,-0.1111279193813));
#7991=CARTESIAN_POINT('',(1.25,0.9434276088404,-0.1111279193813));
#7992=CARTESIAN_POINT('Origin',(1.25,0.9221647887498,-0.259613246878));
#7993=CARTESIAN_POINT('Origin',(1.25,0.9221647887498,-0.259613246878));
#7994=CARTESIAN_POINT('Origin',(1.25,0.9407996102466,-0.1869651675655));
#7995=CARTESIAN_POINT('Origin',(1.25,0.871380326711,-0.1750093459104));
#7996=CARTESIAN_POINT('',(1.25,0.7687946862083,-0.1173469695315));
#7997=CARTESIAN_POINT('Origin',(1.25,0.622031065927,-0.2491511980188));
#7998=CARTESIAN_POINT('Origin',(1.65,0.4501337228228,-0.310292168889));
#7999=CARTESIAN_POINT('Origin',(2.05,0.7598981040764,-0.1606119006121));
#8000=CARTESIAN_POINT('Origin',(2.05,0.5734838171258,-0.1350909915384));
#8001=CARTESIAN_POINT('',(2.05,0.5450362858112,-0.06316589641991));
#8002=CARTESIAN_POINT('Origin',(2.05,0.5758159816018,-0.2139549946701));
#8003=CARTESIAN_POINT('',(2.05,0.5450362858112,-0.06316589641991));
#8004=CARTESIAN_POINT('Origin',(1.25,0.5758159816018,-0.2139549946701));
#8005=CARTESIAN_POINT('',(1.25,0.5450362858112,-0.06316589641991));
#8006=CARTESIAN_POINT('Origin',(1.25,0.5734838171258,-0.1350909915384));
#8007=CARTESIAN_POINT('Origin',(1.25,0.5758159816018,-0.2139549946701));
#8008=CARTESIAN_POINT('',(1.25,0.5450362858112,-0.06316589641991));
#8009=CARTESIAN_POINT('Origin',(1.25,0.4868829629176,-0.1515829482099));
#8010=CARTESIAN_POINT('',(1.25,0.5750362858112,-0.2101352809869));
#8011=CARTESIAN_POINT('Origin',(1.25,0.4521235169373,-0.2046061230866));
#8012=CARTESIAN_POINT('Origin',(-9.45226080109,0.4521235169373,-0.2046061230866));
#8013=CARTESIAN_POINT('',(2.05,0.4227296400239,-0.2106061230866));
#8014=CARTESIAN_POINT('Origin',(2.05,0.4521235169373,-0.2046061230866));
#8015=CARTESIAN_POINT('',(1.25,0.4227296400239,-0.2106061230866));
#8016=CARTESIAN_POINT('',(1.25,0.4581235169373,-0.234));
#8017=CARTESIAN_POINT('Origin',(2.05,0.4868829629176,-0.1515829482099));
#8018=CARTESIAN_POINT('',(2.05,0.4281235169373,-0.08703061543299));
#8019=CARTESIAN_POINT('',(2.05,0.5450362858112,-0.06316589641991));
#8020=CARTESIAN_POINT('',(2.05,0.4047296400239,-0.1224244923464));
#8021=CARTESIAN_POINT('Origin',(2.05,0.4341235169373,-0.1164244923464));
#8022=CARTESIAN_POINT('',(2.05,0.4047296400239,-0.1224244923464));
#8023=CARTESIAN_POINT('Origin',(1.65,0.4137296400239,-0.1665153077165));
#8024=CARTESIAN_POINT('',(2.05,0.4047296400239,-0.1224244923464));
#8025=CARTESIAN_POINT('Origin',(11.7234,0.4341235169373,-0.1164244923464));
#8026=CARTESIAN_POINT('',(2.05,0.4281235169373,-0.08703061543299));
#8027=CARTESIAN_POINT('Origin',(1.25,0.5450362858112,-0.06316589641991));
#8028=CARTESIAN_POINT('Origin',(1.25,0.5750362858112,-0.2101352809869));
#8029=CARTESIAN_POINT('',(1.25,0.5750362858112,-0.2101352809869));
#8030=CARTESIAN_POINT('Origin',(1.25,0.5758159816018,-0.2139549946701));
#8031=CARTESIAN_POINT('Origin',(2.5,0.9092517490382,-0.1785700557295));
#8032=CARTESIAN_POINT('',(2.5,0.9657878813923,-0.2851270457847));
#8033=CARTESIAN_POINT('',(2.5,0.819062131854,-0.2586734847657));
#8034=CARTESIAN_POINT('Origin',(2.5,0.5846647887498,-0.2624417493628));
#8035=CARTESIAN_POINT('Origin',(2.5,1.121123092642,-0.3176270457847));
#8036=CARTESIAN_POINT('',(2.5,1.161585349677,-0.253668741892));
#8037=CARTESIAN_POINT('',(2.5,1.065127045785,-0.3685416961073));
#8038=CARTESIAN_POINT('',(2.5,1.161585349677,-0.253668741892));
#8039=CARTESIAN_POINT('',(2.5,1.062246185285,-0.1702540915694));
#8040=CARTESIAN_POINT('',(2.5,0.9657878813923,-0.2851270457847));
#8041=CARTESIAN_POINT('Origin',(2.35,2.783051437875,1.677348));
#8042=CARTESIAN_POINT('',(2.35,1.18,-0.465));
#8043=CARTESIAN_POINT('Origin',(2.35,1.065127045785,-0.3685416961073));
#8044=CARTESIAN_POINT('',(2.35,1.276458303893,-0.3501270457847));
#8045=CARTESIAN_POINT('',(2.35,1.276458303893,-0.3501270457847));
#8046=CARTESIAN_POINT('Origin',(2.35,1.161585349677,-0.253668741892));
#8047=CARTESIAN_POINT('Origin',(2.5,0.9657878813923,-0.2851270457847));
#8048=CARTESIAN_POINT('',(0.8,1.065127045785,-0.3685416961073));
#8049=CARTESIAN_POINT('',(0.8,0.9657878813923,-0.2851270457847));
#8050=CARTESIAN_POINT('',(0.95,1.18,-0.465));
#8051=CARTESIAN_POINT('Origin',(0.95,1.065127045785,-0.3685416961073));
#8052=CARTESIAN_POINT('',(2.35,1.18,-0.465));
#8053=CARTESIAN_POINT('Origin',(1.65,1.228229151946,-0.4075635228923));
#8054=CARTESIAN_POINT('',(0.95,1.276458303893,-0.3501270457847));
#8055=CARTESIAN_POINT('',(0.95,1.276458303893,-0.3501270457847));
#8056=CARTESIAN_POINT('',(2.35,1.276458303893,-0.3501270457847));
#8057=CARTESIAN_POINT('Origin',(2.5,1.062246185285,-0.1702540915694));
#8058=CARTESIAN_POINT('',(0.8,1.161585349677,-0.253668741892));
#8059=CARTESIAN_POINT('Origin',(0.95,1.161585349677,-0.253668741892));
#8060=CARTESIAN_POINT('',(0.8,1.062246185285,-0.1702540915694));
#8061=CARTESIAN_POINT('Origin',(0.8,1.121123092642,-0.3176270457847));
#8062=CARTESIAN_POINT('',(0.8,1.161585349677,-0.253668741892));
#8063=CARTESIAN_POINT('',(0.8,0.9657878813923,-0.2851270457847));
#8064=CARTESIAN_POINT('Origin',(0.95,2.783051437875,1.677348));
#8065=CARTESIAN_POINT('Origin',(0.8,0.9092517490382,-0.1785700557295));
#8066=CARTESIAN_POINT('Origin',(-2.5,0.9092517490382,0.1785700557295));
#8067=CARTESIAN_POINT('',(-2.5,0.9657878813923,0.2851270457847));
#8068=CARTESIAN_POINT('Origin',(-2.5,1.121123092642,0.3176270457847));
#8069=CARTESIAN_POINT('',(-2.5,1.161585349677,0.253668741892));
#8070=CARTESIAN_POINT('Origin',(-2.35,2.783051437875,-1.677348));
#8071=CARTESIAN_POINT('',(-2.35,1.276458303893,0.3501270457847));
#8072=CARTESIAN_POINT('Origin',(-1.65,1.228229151946,0.4075635228923));
#8073=CARTESIAN_POINT('Origin',(-2.05,0.7598981040764,0.1606119006121));
#8074=CARTESIAN_POINT('Origin',(-2.05,0.5734838171258,0.1350909915384));
#8075=CARTESIAN_POINT('',(-2.05,0.5450362858112,0.06316589641993));
#8076=CARTESIAN_POINT('Origin',(-2.05,0.5758159816018,0.2139549946701));
#8077=CARTESIAN_POINT('',(-2.05,0.5450362858112,0.06316589641993));
#8078=CARTESIAN_POINT('Origin',(-1.25,0.5758159816018,0.2139549946701));
#8079=CARTESIAN_POINT('',(-1.25,0.5450362858112,0.06316589641993));
#8080=CARTESIAN_POINT('Origin',(-1.25,0.5734838171258,0.1350909915384));
#8081=CARTESIAN_POINT('Origin',(-1.25,0.5758159816018,0.2139549946701));
#8082=CARTESIAN_POINT('',(-1.25,0.5450362858112,0.06316589641993));
#8083=CARTESIAN_POINT('Origin',(-1.25,0.4868829629176,0.15158294821));
#8084=CARTESIAN_POINT('',(-1.25,0.5750362858112,0.2101352809869));
#8085=CARTESIAN_POINT('Origin',(-1.25,0.4521235169373,0.2046061230866));
#8086=CARTESIAN_POINT('Origin',(9.536317862204,0.4521235169373,0.2046061230866));
#8087=CARTESIAN_POINT('',(-2.05,0.4227296400239,0.2106061230866));
#8088=CARTESIAN_POINT('Origin',(-2.05,0.4521235169373,0.2046061230866));
#8089=CARTESIAN_POINT('',(-1.25,0.4227296400239,0.2106061230866));
#8090=CARTESIAN_POINT('',(-1.25,0.4581235169373,0.234));
#8091=CARTESIAN_POINT('Origin',(-2.05,0.4868829629176,0.15158294821));
#8092=CARTESIAN_POINT('',(-2.05,0.4281235169373,0.087030615433));
#8093=CARTESIAN_POINT('',(-2.05,0.5450362858112,0.06316589641993));
#8094=CARTESIAN_POINT('',(-2.05,0.4047296400239,0.1224244923464));
#8095=CARTESIAN_POINT('Origin',(-2.05,0.4341235169373,0.1164244923464));
#8096=CARTESIAN_POINT('',(-2.05,0.4047296400239,0.1224244923464));
#8097=CARTESIAN_POINT('Origin',(-1.65,0.4137296400239,0.1665153077165));
#8098=CARTESIAN_POINT('',(-2.05,0.4047296400239,0.1224244923464));
#8099=CARTESIAN_POINT('Origin',(-11.7234,0.4341235169373,0.1164244923464));
#8100=CARTESIAN_POINT('',(-2.05,0.4281235169373,0.087030615433));
#8101=CARTESIAN_POINT('Origin',(-1.25,0.5450362858112,0.06316589641993));
#8102=CARTESIAN_POINT('Origin',(-1.25,0.5750362858112,0.2101352809869));
#8103=CARTESIAN_POINT('',(-1.25,0.5750362858112,0.2101352809869));
#8104=CARTESIAN_POINT('Origin',(-1.25,0.5758159816018,0.2139549946701));
#8105=UNCERTAINTY_MEASURE_WITH_UNIT(LENGTH_MEASURE(0.01),#8109,
'DISTANCE_ACCURACY_VALUE',
'Maximum model space distance between geometric entities at asserted c
onnectivities');
#8106=UNCERTAINTY_MEASURE_WITH_UNIT(LENGTH_MEASURE(0.01),#8109,
'DISTANCE_ACCURACY_VALUE',
'Maximum model space distance between geometric entities at asserted c
onnectivities');
#8107=(
GEOMETRIC_REPRESENTATION_CONTEXT(3)
GLOBAL_UNCERTAINTY_ASSIGNED_CONTEXT((#8105))
GLOBAL_UNIT_ASSIGNED_CONTEXT((#8109,#8111,#8112))
REPRESENTATION_CONTEXT('','3D')
);
#8108=(
GEOMETRIC_REPRESENTATION_CONTEXT(3)
GLOBAL_UNCERTAINTY_ASSIGNED_CONTEXT((#8106))
GLOBAL_UNIT_ASSIGNED_CONTEXT((#8109,#8111,#8112))
REPRESENTATION_CONTEXT('','3D')
);
#8109=(
LENGTH_UNIT()
NAMED_UNIT(*)
SI_UNIT(.MILLI.,.METRE.)
);
#8110=(
LENGTH_UNIT()
NAMED_UNIT(*)
SI_UNIT(.CENTI.,.METRE.)
);
#8111=(
NAMED_UNIT(*)
PLANE_ANGLE_UNIT()
SI_UNIT($,.RADIAN.)
);
#8112=(
NAMED_UNIT(*)
SI_UNIT($,.STERADIAN.)
SOLID_ANGLE_UNIT()
);
#8113=SHAPE_DEFINITION_REPRESENTATION(#8114,#8115);
#8114=PRODUCT_DEFINITION_SHAPE('',$,#8117);
#8115=SHAPE_REPRESENTATION('',(#4837),#8107);
#8116=PRODUCT_DEFINITION_CONTEXT('part definition',#8121,'design');
#8117=PRODUCT_DEFINITION('S0991-46','S0991-46.stp',#8118,#8116);
#8118=PRODUCT_DEFINITION_FORMATION('29LAST_VERSION',$,#8123);
#8119=PRODUCT_RELATED_PRODUCT_CATEGORY('S0991-46.stp','S0991-46.stp',(#8123));
#8120=APPLICATION_PROTOCOL_DEFINITION('international standard',
'automotive_design',2009,#8121);
#8121=APPLICATION_CONTEXT(
'Core Data for Automotive Mechanical Design Process');
#8122=PRODUCT_CONTEXT('part definition',#8121,'mechanical');
#8123=PRODUCT('S0991-46','S0991-46.stp',$,(#8122));
#8124=PRESENTATION_STYLE_ASSIGNMENT((#8126));
#8125=PRESENTATION_STYLE_ASSIGNMENT((#8127));
#8126=SURFACE_STYLE_USAGE(.BOTH.,#8132);
#8127=SURFACE_STYLE_USAGE(.BOTH.,#8133);
#8128=SURFACE_STYLE_RENDERING_WITH_PROPERTIES($,#8140,(#8130));
#8129=SURFACE_STYLE_RENDERING_WITH_PROPERTIES($,#8141,(#8131));
#8130=SURFACE_STYLE_TRANSPARENT(0.);
#8131=SURFACE_STYLE_TRANSPARENT(0.);
#8132=SURFACE_SIDE_STYLE('',(#8134,#8128));
#8133=SURFACE_SIDE_STYLE('',(#8135,#8129));
#8134=SURFACE_STYLE_FILL_AREA(#8136);
#8135=SURFACE_STYLE_FILL_AREA(#8137);
#8136=FILL_AREA_STYLE('',(#8138));
#8137=FILL_AREA_STYLE('',(#8139));
#8138=FILL_AREA_STYLE_COLOUR('',#8140);
#8139=FILL_AREA_STYLE_COLOUR('',#8141);
#8140=COLOUR_RGB('',0.749019607843137,0.749019607843137,0.749019607843137);
#8141=COLOUR_RGB('',0.831372549019608,0.831372549019608,0.831372549019608);
ENDSEC;
END-ISO-10303-21;
